mine_id,mine_name,state,district,date,year,month,planned_production_tonnes,actual_production_tonnes,production_variance_tonnes,production_achievement_pct,equipment_available_count,equipment_operating_count,equipment_downtime_hours,maintenance_hours,breakdown_count,planned_blasts,completed_blasts,blast_delay_hours,blast_delay_count,mine_depth_m,active_faces,working_hours,shift_hours,ore_grade_pct,ore_tonnage_available,rainfall_mm,temperature_c,soil_moisture,ventilation_delay_hours,ventilation_clearance_delay_hours,power_outage_hours,transport_delay_hours,manpower_available,production_lag_1d_tonnes,production_rolling_7d_mean_tonnes,production_target_tonnes,target_achieved,shortfall_tonnes,shortfall_pct,shortfall_flag,absenteeism_pct,overtime_hours,labor_strike_flag,steel_plant_demand_tonnes,manganese_price_index,order_backlog_tonnes,forest_clearance_status,pollution_shutdown_flag,mining_permission_active,is_monsoon_season_flag,road_condition_index,rake_availability_count
MOIL-01,Beldongri,Maharashtra,Nagpur,2015-01-01,2015,1,8649.2,8652.2,3.0,100.04,10,10,8.9,42.6,1,13,13,0.0,0,210,5,239.2,8.0,36.51,15368.8,11.9,21.4,0.189,2.1,0.9,4.2,0.5,426,8652.2,8652.2,8649.2,1,0.0,0.0,0,4.19,95.4,0,7527.6,101.6,0.0,Active,0,1,0,81.7,9
MOIL-01,Beldongri,Maharashtra,Nagpur,2015-02-01,2015,2,8809.3,8531.8,-277.5,96.85,10,9,10.7,42.9,2,14,14,0.0,0,210,5,239.2,8.0,40.4,15866.4,18.2,25.1,0.18,2.1,1.4,3.5,0.8,402,8652.2,8592.0,8809.3,0,277.5,3.15,0,5.57,98.3,0,8681.1,100.63,85.6,Active,0,1,0,88.0,10
MOIL-01,Beldongri,Maharashtra,Nagpur,2015-03-01,2015,3,8809.3,8594.8,-214.5,97.56,10,10,1.0,39.9,0,16,16,0.0,0,210,5,239.2,8.0,40.69,16356.5,15.7,30.2,0.169,2.2,0.8,2.3,0.3,428,8531.8,8592.9,8809.3,0,214.5,2.43,0,5.27,94.9,0,9000.5,99.73,404.7,Active,0,1,0,80.2,10
MOIL-01,Beldongri,Maharashtra,Nagpur,2015-04-01,2015,4,8408.9,8338.6,-70.3,99.16,10,9,0.5,50.6,0,13,13,0.0,0,210,5,240.0,8.0,37.84,16190.9,7.2,32.8,0.164,2.1,1.3,1.2,0.2,422,8594.8,8488.4,8408.9,0,70.3,0.84,0,5.1,111.0,0,7231.5,97.44,0.0,Active,0,1,0,88.4,10
MOIL-01,Beldongri,Maharashtra,Nagpur,2015-05-01,2015,5,8008.5,7649.5,-359.0,95.52,10,10,10.4,45.0,2,14,14,0.0,0,210,5,239.2,8.0,41.42,13723.2,16.4,37.6,0.198,2.3,1.5,5.0,0.3,415,8338.6,8194.3,8008.5,0,359.0,4.48,0,4.46,98.1,0,6753.8,101.66,0.0,Active,0,1,0,80.0,11
MOIL-01,Beldongri,Maharashtra,Nagpur,2015-06-01,2015,6,6807.2,6036.8,-770.4,88.68,10,9,36.5,51.0,3,14,11,9.2,3,210,4,230.4,8.0,38.21,13652.1,176.7,31.7,0.55,4.2,1.6,7.6,3.2,399,7649.5,7341.6,6807.2,0,770.4,11.32,1,8.14,77.1,0,5860.0,102.39,0.0,Active,0,1,1,58.0,9
MOIL-01,Beldongri,Maharashtra,Nagpur,2015-07-01,2015,7,6006.4,5371.4,-635.0,89.43,10,8,41.4,41.5,3,16,16,0.0,0,210,4,227.2,8.0,39.11,11358.9,245.9,27.3,0.55,4.8,3.3,7.4,4.0,425,6036.8,6352.6,6006.4,0,635.0,10.57,1,7.98,59.2,0,5509.9,94.37,162.9,Active,0,1,1,48.2,8
MOIL-01,Beldongri,Maharashtra,Nagpur,2015-08-01,2015,8,6246.6,5657.6,-589.0,90.57,10,8,19.2,49.6,1,14,13,5.5,1,210,4,228.8,8.0,40.98,10688.4,216.2,27.1,0.55,4.1,2.1,5.8,4.8,405,5371.4,5688.6,6246.6,0,589.0,9.43,1,6.84,66.5,0,5558.6,100.56,0.0,Active,0,1,1,57.0,7
MOIL-01,Beldongri,Maharashtra,Nagpur,2015-09-01,2015,9,7047.5,6523.3,-524.2,92.56,10,8,18.7,42.5,1,16,15,4.8,1,210,4,230.4,8.0,37.74,15378.7,174.1,27.8,0.55,2.8,1.9,8.3,7.5,415,5657.6,5850.8,7047.5,0,524.2,7.44,1,8.0,76.3,0,6258.3,100.77,0.0,Active,0,1,1,63.4,8
MOIL-01,Beldongri,Maharashtra,Nagpur,2015-10-01,2015,10,8168.6,7971.3,-197.3,97.58,10,9,3.0,48.7,0,13,13,0.0,0,210,5,237.6,8.0,37.48,15299.5,45.0,27.9,0.251,2.8,1.0,5.5,0.7,416,6523.3,6717.4,8168.6,0,197.3,2.42,0,5.88,88.3,0,7657.6,102.0,0.0,Active,0,1,0,82.4,10
MOIL-01,Beldongri,Maharashtra,Nagpur,2015-11-01,2015,11,8809.3,8381.2,-428.1,95.14,10,10,14.7,40.6,2,12,12,0.0,0,210,5,239.2,8.0,39.2,16172.8,13.7,23.8,0.177,2.1,0.7,1.9,0.3,418,7971.3,7625.3,8809.3,0,428.1,4.86,0,4.82,88.9,0,8283.3,99.83,0.0,Active,0,1,0,80.9,10
MOIL-01,Beldongri,Maharashtra,Nagpur,2015-12-01,2015,12,8729.2,8468.3,-260.9,97.01,10,9,0.3,50.5,0,15,15,0.0,0,210,5,240.0,8.0,38.83,14160.3,5.1,21.3,0.155,2.1,1.2,3.4,0.2,424,8381.2,8273.6,8729.2,0,260.9,2.99,0,4.26,85.0,0,7584.9,98.02,0.0,Active,0,1,0,78.6,11
MOIL-01,Beldongri,Maharashtra,Nagpur,2016-01-01,2016,1,8931.9,8971.9,40.0,100.45,10,9,0.7,43.6,0,12,12,0.0,0,210,5,239.2,8.0,39.18,18430.4,10.9,21.4,0.188,2.1,1.1,3.6,0.2,420,8468.3,8607.1,8931.9,1,0.0,0.0,0,3.46,107.5,0,7929.7,106.83,0.0,Active,0,1,0,77.4,10
MOIL-01,Beldongri,Maharashtra,Nagpur,2016-02-01,2016,2,9097.3,8850.3,-247.0,97.29,10,9,18.5,41.4,3,13,13,0.0,0,210,5,239.2,8.0,38.55,16959.5,18.2,23.8,0.195,2.3,0.7,2.7,0.7,426,8971.9,8763.5,9097.3,0,247.0,2.72,0,4.3,103.8,0,8126.5,104.51,0.0,Active,0,1,0,82.1,11
MOIL-01,Beldongri,Maharashtra,Nagpur,2016-03-01,2016,3,9097.3,9026.5,-70.8,99.22,10,10,7.6,44.3,2,14,14,0.0,0,210,5,239.2,8.0,37.53,17157.1,13.2,30.6,0.178,2.2,0.8,2.7,0.5,422,8850.3,8949.6,9097.3,0,70.8,0.78,0,4.82,105.1,0,8766.2,105.25,0.0,Active,0,1,0,84.9,11
MOIL-01,Beldongri,Maharashtra,Nagpur,2016-04-01,2016,4,8683.7,8524.2,-159.5,98.16,10,10,8.9,51.1,1,12,12,0.0,0,210,5,239.2,8.0,38.29,14725.7,8.1,34.4,0.17,2.1,1.4,4.1,0.2,413,9026.5,8800.3,8683.7,0,159.5,1.84,0,4.88,97.9,0,7347.7,106.73,0.0,Active,0,1,0,82.5,10
MOIL-01,Beldongri,Maharashtra,Nagpur,2016-05-01,2016,5,8270.2,7652.2,-618.0,92.53,10,9,12.9,46.1,3,13,13,0.0,0,210,5,239.2,8.0,38.54,16506.9,16.5,38.5,0.173,2.2,0.9,5.2,0.3,412,8524.2,8401.0,8270.2,0,618.0,7.47,1,4.82,103.8,0,7295.1,104.72,0.0,Active,0,1,0,86.5,11
MOIL-01,Beldongri,Maharashtra,Nagpur,2016-06-01,2016,6,7029.7,6304.5,-725.2,89.68,10,9,38.7,41.1,5,14,12,4.4,2,210,4,231.2,8.0,38.12,13114.5,168.0,32.3,0.55,3.3,1.3,6.8,3.4,408,7652.2,7493.6,7029.7,0,725.2,10.32,1,6.78,70.3,0,6685.4,101.25,448.6,Active,0,1,1,59.8,8
MOIL-01,Beldongri,Maharashtra,Nagpur,2016-07-01,2016,7,6202.7,5491.0,-711.7,88.53,10,8,28.7,47.3,1,14,12,9.9,2,210,3,224.0,8.0,38.58,11733.4,311.9,28.0,0.55,3.3,1.1,9.0,7.2,406,6304.5,6482.6,6202.7,0,711.7,11.47,1,8.84,59.8,0,5520.2,108.44,29.4,Active,0,1,1,47.9,7
MOIL-01,Beldongri,Maharashtra,Nagpur,2016-08-01,2016,8,6450.8,5975.5,-475.3,92.63,10,7,27.9,40.0,4,16,15,4.9,1,210,4,227.2,8.0,37.97,11751.6,235.9,27.2,0.55,4.5,1.8,6.3,7.3,414,5491.0,5923.7,6450.8,0,475.3,7.37,1,7.81,46.3,0,6030.3,103.01,39.3,Active,0,1,1,52.6,6
MOIL-01,Beldongri,Maharashtra,Nagpur,2016-09-01,2016,9,7277.8,6681.9,-595.9,91.81,10,9,45.5,50.1,5,15,15,0.0,0,210,4,230.4,8.0,38.14,15860.9,182.3,27.6,0.55,3.1,1.5,8.1,5.6,422,5975.5,6049.5,7277.8,0,595.9,8.19,1,5.78,71.0,0,6540.4,103.86,0.0,Active,0,1,1,66.3,7
MOIL-01,Beldongri,Maharashtra,Nagpur,2016-10-01,2016,10,8435.6,8206.2,-229.4,97.28,10,9,3.5,44.3,0,12,11,5.5,1,210,5,236.8,8.0,38.28,14739.6,53.0,26.3,0.298,2.3,0.7,3.7,1.7,428,6681.9,6954.5,8435.6,0,229.4,2.72,0,5.31,96.4,0,7774.9,106.1,0.0,Active,0,1,0,79.6,9
MOIL-01,Beldongri,Maharashtra,Nagpur,2016-11-01,2016,11,9097.3,8998.9,-98.4,98.92,10,10,4.2,43.2,1,14,14,0.0,0,210,5,239.2,8.0,40.87,19276.2,14.5,22.7,0.186,2.1,1.5,3.0,0.3,416,8206.2,7962.3,9097.3,0,98.4,1.08,0,4.83,97.9,0,8073.0,107.08,0.0,Active,0,1,0,84.6,11
MOIL-01,Beldongri,Maharashtra,Nagpur,2016-12-01,2016,12,9014.6,8626.0,-388.6,95.69,10,10,8.3,49.1,2,14,14,0.0,0,210,5,240.0,8.0,39.32,15455.3,5.8,19.8,0.169,2.1,0.9,3.2,0.1,410,8998.9,8610.4,9014.6,0,388.6,4.31,0,4.17,97.5,0,8430.1,107.12,0.0,Active,0,1,0,80.4,10
MOIL-01,Beldongri,Maharashtra,Nagpur,2017-01-01,2017,1,9299.6,9297.6,-2.0,99.98,10,10,12.0,46.5,2,13,13,0.0,0,210,5,239.2,8.0,39.77,19560.6,10.0,20.9,0.166,2.2,1.1,1.9,0.3,428,8626.0,8974.2,9299.6,0,2.0,0.02,0,3.74,105.4,0,9784.2,110.91,455.6,Active,0,1,0,90.3,11
MOIL-01,Beldongri,Maharashtra,Nagpur,2017-02-01,2017,2,9471.8,9147.8,-324.0,96.58,10,9,1.0,42.9,0,13,13,0.0,0,210,5,239.2,8.0,36.91,17883.9,14.5,24.6,0.207,2.3,0.9,1.6,0.7,419,9297.6,9023.8,9471.8,0,324.0,3.42,0,3.96,100.4,0,8172.2,110.35,0.0,Active,0,1,0,83.7,9
MOIL-01,Beldongri,Maharashtra,Nagpur,2017-03-01,2017,3,9471.8,8620.8,-851.0,91.02,10,9,18.7,40.0,3,13,12,5.9,1,210,5,239.2,8.0,38.35,18440.5,12.2,29.1,0.185,2.2,1.1,5.2,0.6,400,9147.8,9022.1,9471.8,0,851.0,8.98,1,5.24,91.7,0,8076.8,110.4,0.0,Active,0,1,0,80.2,10
MOIL-01,Beldongri,Maharashtra,Nagpur,2017-04-01,2017,4,9041.2,8921.4,-119.8,98.67,10,10,10.7,52.0,3,14,13,5.7,1,210,5,239.2,8.0,39.19,17193.8,8.7,35.5,0.19,2.1,1.2,5.0,0.3,425,8620.8,8896.7,9041.2,0,119.8,1.33,0,4.09,102.5,0,8045.8,110.4,0.0,Active,0,1,0,84.7,10
MOIL-01,Beldongri,Maharashtra,Nagpur,2017-05-01,2017,5,8610.7,8383.5,-227.2,97.36,10,10,22.3,45.0,4,15,15,0.0,0,210,5,239.2,8.0,36.24,15729.2,14.8,37.1,0.2,2.1,1.4,4.1,0.4,401,8921.4,8641.9,8610.7,0,227.2,2.64,0,4.73,97.4,0,8202.9,112.58,0.0,Active,0,1,0,84.8,11
MOIL-01,Beldongri,Maharashtra,Nagpur,2017-06-01,2017,6,7319.1,6743.2,-575.9,92.13,10,8,15.5,51.4,1,16,16,0.0,0,210,4,230.4,8.0,42.68,13249.2,185.3,30.8,0.55,2.7,1.8,7.3,8.2,419,8383.5,8016.0,7319.1,0,575.9,7.87,1,7.17,70.7,0,6768.7,108.85,19.2,Active,0,1,1,62.4,7
MOIL-01,Beldongri,Maharashtra,Nagpur,2017-07-01,2017,7,6458.0,6009.5,-448.5,93.05,10,7,16.5,39.9,0,12,11,4.3,1,210,4,226.4,8.0,38.97,11777.1,247.7,27.8,0.55,4.1,2.8,7.3,7.7,426,6743.2,7045.4,6458.0,0,448.5,6.94,1,8.72,63.9,0,5353.3,108.85,0.0,Active,0,1,1,55.0,7
MOIL-01,Beldongri,Maharashtra,Nagpur,2017-08-01,2017,8,6716.4,5743.6,-972.8,85.52,10,8,50.0,44.9,4,12,9,9.9,3,210,4,224.0,8.0,37.17,11025.2,295.9,27.1,0.55,6.0,1.9,7.3,11.1,423,6009.5,6165.4,6716.4,0,972.8,14.48,1,9.95,64.2,0,5794.0,105.21,60.2,Active,0,1,1,41.7,7
MOIL-01,Beldongri,Maharashtra,Nagpur,2017-09-01,2017,9,7577.4,7129.2,-448.2,94.08,10,8,10.7,47.1,0,16,16,0.0,0,210,4,231.2,8.0,37.88,16361.0,160.1,27.8,0.546,4.4,1.7,5.6,2.4,413,5743.6,6294.1,7577.4,0,448.2,5.91,1,6.46,76.7,0,6893.7,109.97,0.0,Active,0,1,1,64.6,8
MOIL-01,Beldongri,Maharashtra,Nagpur,2017-10-01,2017,10,8782.9,8649.2,-133.7,98.48,10,10,9.8,39.3,1,14,14,0.0,0,210,5,237.6,8.0,37.17,16551.2,48.0,27.2,0.26,2.4,0.9,3.8,0.7,406,7129.2,7174.0,8782.9,0,133.7,1.52,0,4.91,90.7,0,8621.7,104.07,0.0,Active,0,1,0,76.0,9
MOIL-01,Beldongri,Maharashtra,Nagpur,2017-11-01,2017,11,9471.8,9222.4,-249.4,97.37,10,9,1.0,40.1,0,15,15,0.0,0,210,5,239.2,8.0,39.15,19855.6,15.0,23.0,0.181,2.2,0.7,4.9,0.3,409,8649.2,8333.6,9471.8,0,249.4,2.63,0,3.54,91.9,0,9768.7,110.73,400.3,Active,0,1,0,85.1,11
MOIL-01,Beldongri,Maharashtra,Nagpur,2017-12-01,2017,12,9385.7,8920.9,-464.8,95.05,10,9,8.2,50.4,1,12,12,0.0,0,210,5,240.0,8.0,38.67,15974.1,4.6,20.4,0.169,2.0,1.3,1.8,0.1,426,9222.4,8930.8,9385.7,0,464.8,4.95,0,4.74,97.3,0,8817.5,107.83,0.0,Active,0,1,0,84.6,11
MOIL-01,Beldongri,Maharashtra,Nagpur,2018-01-01,2018,1,9836.6,9356.8,-479.8,95.12,10,9,6.4,48.6,1,15,15,0.0,0,210,5,239.2,8.0,38.28,20610.1,11.9,21.4,0.188,2.1,0.8,3.2,0.3,420,8920.9,9166.7,9836.6,0,479.8,4.88,0,4.26,110.8,0,9714.1,120.72,408.4,Active,0,1,0,84.6,11
MOIL-01,Beldongri,Maharashtra,Nagpur,2018-02-01,2018,2,10018.8,9500.2,-518.6,94.82,10,9,1.2,49.1,0,16,16,0.0,0,210,5,239.2,8.0,38.56,20232.1,18.3,24.4,0.183,2.4,1.1,3.2,0.5,402,9356.8,9259.3,10018.8,0,518.6,5.18,1,5.4,91.3,0,8565.0,110.43,0.0,Active,0,1,0,82.8,9
MOIL-01,Beldongri,Maharashtra,Nagpur,2018-03-01,2018,3,10018.8,9718.7,-300.1,97.0,10,9,0.9,49.9,0,13,13,0.0,0,210,5,239.2,8.0,38.73,18705.9,13.4,29.6,0.175,2.2,1.3,2.2,0.5,420,9500.2,9525.2,10018.8,0,300.1,3.0,0,3.8,107.7,0,10265.6,111.75,437.7,Active,0,1,0,87.9,10
MOIL-01,Beldongri,Maharashtra,Nagpur,2018-04-01,2018,4,9563.4,9178.1,-385.3,95.97,10,10,8.8,43.5,2,12,12,0.0,0,210,5,239.2,8.0,38.37,20897.3,9.6,33.9,0.161,2.1,0.8,4.5,0.2,402,9718.7,9465.7,9563.4,0,385.3,4.03,0,4.62,97.6,0,9755.2,109.91,622.7,Active,0,1,0,81.8,10
MOIL-01,Beldongri,Maharashtra,Nagpur,2018-05-01,2018,5,9108.0,8931.9,-176.1,98.07,10,10,4.8,39.9,1,14,14,0.0,0,210,5,239.2,8.0,40.95,14678.8,16.5,36.8,0.204,2.1,1.4,1.7,0.7,404,9178.1,9276.2,9108.0,0,176.1,1.93,0,4.91,108.7,0,8627.0,110.35,0.0,Active,0,1,0,83.1,11
MOIL-01,Beldongri,Maharashtra,Nagpur,2018-06-01,2018,6,7741.8,7076.7,-665.1,91.41,10,8,29.9,39.7,2,16,14,7.2,2,210,4,229.6,8.0,38.63,15774.2,201.6,31.0,0.55,5.9,2.5,6.4,3.9,420,8931.9,8395.6,7741.8,0,665.1,8.59,1,6.65,71.8,0,6916.2,108.95,0.0,Active,0,1,1,57.7,8
MOIL-01,Beldongri,Maharashtra,Nagpur,2018-07-01,2018,7,6831.0,6163.3,-667.7,90.23,10,7,30.1,49.5,2,14,13,4.2,1,210,4,225.6,8.0,38.06,11685.1,275.0,27.6,0.55,6.5,2.9,8.4,9.5,426,7076.7,7390.6,6831.0,0,667.7,9.77,1,9.77,57.7,0,5525.8,112.81,0.0,Active,0,1,1,51.0,7
MOIL-01,Beldongri,Maharashtra,Nagpur,2018-08-01,2018,8,7104.2,6306.9,-797.3,88.78,10,7,41.3,41.0,5,16,16,0.0,0,210,4,225.6,8.0,37.94,13671.8,264.8,26.4,0.55,3.4,1.8,8.9,5.4,428,6163.3,6515.6,7104.2,0,797.3,11.22,1,9.25,61.8,0,6232.9,118.37,0.0,Active,0,1,1,47.3,7
MOIL-01,Beldongri,Maharashtra,Nagpur,2018-09-01,2018,9,8015.0,7407.8,-607.2,92.42,10,8,14.3,45.1,1,16,13,12.6,3,210,4,232.8,8.0,40.31,16108.1,136.2,28.6,0.498,4.2,2.2,4.4,3.6,409,6306.9,6626.0,8015.0,0,607.2,7.58,1,4.99,75.1,0,7698.3,114.97,184.3,Active,0,1,1,63.8,7
MOIL-01,Beldongri,Maharashtra,Nagpur,2018-10-01,2018,10,9290.2,8491.4,-798.8,91.4,10,10,7.8,44.3,1,15,13,10.6,2,210,5,237.6,8.0,37.65,16861.2,48.9,26.8,0.253,2.9,1.1,3.2,0.9,412,7407.8,7402.0,9290.2,0,798.8,8.6,1,5.62,103.2,0,7456.0,117.67,0.0,Active,0,1,0,75.8,10
MOIL-01,Beldongri,Maharashtra,Nagpur,2018-11-01,2018,11,10018.8,10247.2,228.4,102.28,10,9,0.9,50.1,0,16,16,0.0,0,210,5,239.2,8.0,39.22,21390.2,12.9,23.4,0.168,2.0,0.7,1.6,0.2,408,8491.4,8715.5,10018.8,1,0.0,0.0,0,3.59,104.5,0,9114.4,117.09,0.0,Active,0,1,0,85.5,10
MOIL-01,Beldongri,Maharashtra,Nagpur,2018-12-01,2018,12,9927.7,9759.8,-167.9,98.31,10,10,6.4,42.0,1,15,15,0.0,0,210,5,240.0,8.0,40.93,20855.7,4.2,20.5,0.163,2.0,1.4,3.7,0.1,425,10247.2,9499.5,9927.7,0,167.9,1.69,0,5.19,94.7,0,8669.3,111.59,0.0,Active,0,1,0,82.0,11
MOIL-01,Beldongri,Maharashtra,Nagpur,2019-01-01,2019,1,10210.3,10123.0,-87.3,99.15,10,10,5.4,47.1,1,13,13,0.0,0,210,5,239.2,8.0,38.29,17607.3,11.0,21.5,0.162,2.1,1.3,4.5,0.2,404,9759.8,10043.3,10210.3,0,87.3,0.86,0,4.59,85.4,0,9723.3,119.59,0.0,Active,0,1,0,86.2,10
MOIL-01,Beldongri,Maharashtra,Nagpur,2019-02-01,2019,2,10399.4,10284.0,-115.4,98.89,10,10,10.7,50.4,2,14,14,0.0,0,210,5,239.2,8.0,37.95,19679.6,15.9,24.9,0.181,2.1,1.3,4.4,0.3,399,10123.0,10055.6,10399.4,0,115.4,1.11,0,4.3,99.0,0,11083.5,115.58,680.9,Active,0,1,0,81.9,9
MOIL-01,Beldongri,Maharashtra,Nagpur,2019-03-01,2019,3,10399.4,10220.4,-179.0,98.28,10,9,17.2,42.6,2,14,14,0.0,0,210,5,239.2,8.0,38.91,20877.4,11.3,30.3,0.178,2.1,1.2,2.8,0.3,420,10284.0,10209.1,10399.4,0,179.0,1.72,0,3.41,90.6,0,9437.1,122.23,0.0,Active,0,1,0,84.6,10
MOIL-01,Beldongri,Maharashtra,Nagpur,2019-04-01,2019,4,9926.7,9727.2,-199.5,97.99,10,10,0.5,51.3,0,13,13,0.0,0,210,5,239.2,8.0,40.35,20845.9,7.7,35.8,0.176,2.1,1.4,1.4,0.3,402,10220.4,10077.2,9926.7,0,199.5,2.01,0,3.86,94.4,0,9160.3,116.0,0.0,Active,0,1,0,88.3,9
MOIL-01,Beldongri,Maharashtra,Nagpur,2019-05-01,2019,5,9454.0,9342.3,-111.7,98.82,10,9,15.2,50.3,2,12,12,0.0,0,210,5,239.2,8.0,38.65,18344.8,18.6,38.6,0.189,2.3,1.5,3.7,0.8,417,9727.2,9763.3,9454.0,0,111.7,1.18,0,4.25,99.1,0,9612.9,114.5,296.4,Active,0,1,0,83.4,10
MOIL-01,Beldongri,Maharashtra,Nagpur,2019-06-01,2019,6,8035.9,7254.2,-781.7,90.27,10,9,25.5,47.0,3,16,16,0.0,0,210,4,228.8,8.0,36.51,17027.1,211.3,32.2,0.55,5.7,1.8,9.1,4.8,428,9342.3,8774.6,8035.9,0,781.7,9.73,1,6.26,83.4,0,7867.6,113.05,361.2,Active,0,1,1,52.9,8
MOIL-01,Beldongri,Maharashtra,Nagpur,2019-07-01,2019,7,7090.5,6126.2,-964.3,86.4,10,8,36.7,51.7,3,14,10,14.2,4,210,4,225.6,8.0,37.75,14262.2,266.5,27.4,0.55,4.7,2.4,8.1,6.3,400,7254.2,7574.2,7090.5,0,964.3,13.6,1,7.28,67.9,0,6600.0,117.31,238.0,Active,0,1,1,49.8,7
MOIL-01,Beldongri,Maharashtra,Nagpur,2019-08-01,2019,8,7374.1,6237.7,-1136.4,84.59,10,7,31.9,47.1,2,13,12,3.1,1,210,4,226.4,8.0,40.43,13907.4,253.1,27.6,0.55,6.7,4.7,9.9,7.1,406,6126.2,6539.4,7374.1,0,1136.4,15.41,1,7.82,62.5,0,5699.4,121.48,0.0,Active,0,1,1,48.4,6
MOIL-01,Beldongri,Maharashtra,Nagpur,2019-09-01,2019,9,8319.5,7383.3,-936.2,88.75,10,8,40.7,49.3,5,15,15,0.0,0,210,4,229.6,8.0,39.01,15956.0,197.0,28.0,0.55,3.4,1.2,8.3,2.9,411,6237.7,6582.4,8319.5,0,936.2,11.25,1,7.57,73.7,0,7514.7,116.8,155.2,Active,0,1,1,60.6,7
MOIL-01,Beldongri,Maharashtra,Nagpur,2019-10-01,2019,10,9643.0,9135.0,-508.0,94.73,10,9,8.6,51.3,1,13,12,2.1,1,210,5,237.6,8.0,39.43,15658.7,46.4,26.2,0.255,2.2,0.7,2.4,0.9,426,7383.3,7585.3,9643.0,0,508.0,5.27,1,3.6,103.1,0,9662.0,120.97,540.8,Active,0,1,0,79.6,9
MOIL-01,Beldongri,Maharashtra,Nagpur,2019-11-01,2019,11,10399.4,9764.0,-635.4,93.89,10,9,13.2,39.2,2,15,15,0.0,0,210,5,239.2,8.0,40.86,17784.7,12.8,23.5,0.165,2.1,1.1,3.8,0.6,412,9135.0,8760.8,10399.4,0,635.4,6.11,1,5.18,108.1,0,9520.3,119.96,0.0,Active,0,1,0,85.1,10
MOIL-01,Beldongri,Maharashtra,Nagpur,2019-12-01,2019,12,10304.8,10115.3,-189.5,98.16,10,9,8.4,46.3,1,13,13,0.0,0,210,5,240.0,8.0,39.23,17723.6,4.8,20.9,0.172,2.0,0.8,3.1,0.2,408,9764.0,9671.4,10304.8,0,189.5,1.84,0,3.68,105.1,0,9228.1,117.1,0.0,Active,0,1,0,85.6,11
MOIL-01,Beldongri,Maharashtra,Nagpur,2020-01-01,2020,1,8822.1,8665.2,-156.9,98.22,10,9,4.3,48.5,1,14,14,0.0,0,210,5,239.2,8.0,38.92,19157.3,10.9,22.1,0.162,2.2,1.3,5.1,0.5,418,10115.3,9514.8,8822.1,0,156.9,1.78,0,3.43,101.8,0,7865.3,120.58,0.0,Active,0,1,0,86.3,11
MOIL-01,Beldongri,Maharashtra,Nagpur,2020-02-01,2020,2,8985.5,8817.3,-168.2,98.13,10,9,16.9,40.7,2,12,11,2.9,1,210,5,239.2,8.0,37.08,16313.4,20.5,24.9,0.198,2.3,1.0,2.9,0.8,400,8665.2,9199.3,8985.5,0,168.2,1.87,0,4.44,83.3,0,8693.7,124.77,0.0,Active,0,1,0,82.8,11
MOIL-01,Beldongri,Maharashtra,Nagpur,2020-03-01,2020,3,8985.5,8779.4,-206.1,97.71,10,10,4.4,47.9,1,16,16,0.0,0,210,5,239.2,8.0,39.11,18368.4,14.6,30.3,0.173,2.2,0.8,2.5,0.3,422,8817.3,8754.0,8985.5,0,206.1,2.29,0,5.04,93.0,0,7896.1,126.16,0.0,Active,0,1,0,84.9,10
MOIL-01,Beldongri,Maharashtra,Nagpur,2020-04-01,2020,4,8577.1,8348.6,-228.5,97.34,10,10,20.9,42.9,3,15,15,0.0,0,210,5,239.2,8.0,38.13,15682.8,10.9,34.7,0.195,2.1,1.1,4.8,0.3,420,8779.4,8648.4,8577.1,0,228.5,2.66,0,2.38,92.6,0,7467.0,127.06,0.0,Active,0,1,0,80.9,10
MOIL-01,Beldongri,Maharashtra,Nagpur,2020-05-01,2020,5,8168.6,8137.6,-31.0,99.62,10,9,8.5,40.2,1,13,13,0.0,0,210,5,239.2,8.0,37.75,15003.6,16.2,37.4,0.204,2.1,1.1,2.5,0.4,428,8348.6,8421.9,8168.6,0,31.0,0.38,0,4.01,92.6,0,7474.5,126.37,0.0,Active,0,1,0,85.6,11
MOIL-01,Beldongri,Maharashtra,Nagpur,2020-06-01,2020,6,6943.3,6440.3,-503.0,92.75,10,9,9.8,44.6,0,15,13,6.6,2,210,4,232.0,8.0,38.58,12102.1,147.3,31.8,0.525,4.8,2.8,5.0,5.3,411,8137.6,7642.2,6943.3,0,503.0,7.24,1,6.98,69.1,0,6838.3,124.69,382.4,Active,0,1,1,61.7,7
MOIL-01,Beldongri,Maharashtra,Nagpur,2020-07-01,2020,7,6126.5,5262.1,-864.4,85.89,10,9,40.6,41.3,4,12,10,4.7,2,210,4,228.8,8.0,38.74,11949.4,215.7,27.3,0.55,5.6,2.6,7.5,9.2,413,6440.3,6613.3,6126.5,0,864.4,14.11,1,8.2,71.4,0,4883.4,125.59,0.0,Active,0,1,1,57.0,7
MOIL-01,Beldongri,Maharashtra,Nagpur,2020-08-01,2020,8,6371.5,5741.7,-629.8,90.11,10,7,29.5,43.7,2,12,12,0.0,0,210,4,227.2,8.0,41.05,12370.7,236.2,26.2,0.55,3.3,2.0,8.5,9.6,409,5262.1,5814.7,6371.5,0,629.8,9.88,1,8.78,75.4,0,5944.9,122.1,187.3,Active,0,1,1,56.2,8
MOIL-01,Beldongri,Maharashtra,Nagpur,2020-09-01,2020,9,7188.4,6836.5,-351.9,95.1,10,9,22.5,47.7,2,14,14,0.0,0,210,4,229.6,8.0,39.26,15295.6,191.2,27.6,0.55,3.6,1.3,5.9,4.2,410,5741.7,5946.8,7188.4,0,351.9,4.9,0,5.52,58.1,0,6398.6,121.36,0.0,Active,0,1,1,59.9,7
MOIL-01,Beldongri,Maharashtra,Nagpur,2020-10-01,2020,10,8332.0,7923.9,-408.1,95.1,10,9,13.4,51.6,2,15,15,0.0,0,210,5,236.8,8.0,38.95,14391.2,56.9,27.5,0.303,2.3,0.9,5.8,2.1,399,6836.5,6834.0,8332.0,0,408.1,4.9,0,5.86,82.4,0,8152.7,122.57,179.2,Active,0,1,0,81.6,9
MOIL-01,Beldongri,Maharashtra,Nagpur,2020-11-01,2020,11,8985.5,8573.6,-411.9,95.42,10,9,0.9,50.8,0,16,16,0.0,0,210,5,239.2,8.0,38.77,15521.0,13.4,23.1,0.185,2.2,1.2,3.9,0.5,399,7923.9,7778.0,8985.5,0,411.9,4.58,0,3.31,91.3,0,8726.6,124.15,155.4,Active,0,1,0,77.3,11
MOIL-01,Beldongri,Maharashtra,Nagpur,2020-12-01,2020,12,8903.8,8682.2,-221.6,97.51,10,9,18.3,43.3,2,13,13,0.0,0,210,5,240.0,8.0,40.32,19456.1,6.2,20.0,0.157,2.0,0.7,3.4,0.1,404,8573.6,8393.2,8903.8,0,221.6,2.49,0,5.0,99.5,0,9296.3,122.18,665.3,Active,0,1,0,83.9,9
MOIL-01,Beldongri,Maharashtra,Nagpur,2021-01-01,2021,1,9700.2,9841.5,141.3,101.46,10,9,0.9,42.7,0,15,15,0.0,0,210,5,239.2,8.0,37.33,17511.5,13.6,21.7,0.19,2.2,1.1,4.2,0.3,401,8682.2,9032.4,9700.2,1,0.0,0.0,0,3.67,85.4,0,10462.6,142.01,652.1,Active,0,1,0,87.2,11
MOIL-01,Beldongri,Maharashtra,Nagpur,2021-02-01,2021,2,9879.9,9145.4,-734.5,92.57,10,9,11.6,40.6,3,15,15,0.0,0,210,5,239.2,8.0,40.6,21458.9,19.6,24.9,0.215,2.3,1.1,1.7,0.8,408,9841.5,9223.0,9879.9,0,734.5,7.43,1,4.71,88.9,0,8428.2,139.86,0.0,Active,0,1,0,81.4,10
MOIL-01,Beldongri,Maharashtra,Nagpur,2021-03-01,2021,3,9879.9,9619.9,-260.0,97.37,10,9,5.5,50.2,1,14,14,0.0,0,210,5,239.2,8.0,39.05,17705.7,12.3,30.6,0.198,2.2,0.8,1.8,0.3,418,9145.4,9535.6,9879.9,0,260.0,2.63,0,4.03,104.4,0,10398.3,138.2,464.0,Active,0,1,0,84.0,10
MOIL-01,Beldongri,Maharashtra,Nagpur,2021-04-01,2021,4,9430.8,9032.8,-398.0,95.78,10,9,10.9,43.5,2,16,16,0.0,0,210,5,239.2,8.0,41.4,15636.1,8.5,34.5,0.169,2.1,0.7,5.1,0.2,420,9619.9,9266.0,9430.8,0,398.0,4.22,0,3.82,104.8,0,9872.4,138.49,560.8,Active,0,1,0,88.8,9
MOIL-01,Beldongri,Maharashtra,Nagpur,2021-05-01,2021,5,8981.7,9034.5,52.8,100.59,10,10,1.0,42.2,0,14,14,0.0,0,210,5,239.2,8.0,39.65,18852.3,15.5,38.3,0.203,2.3,0.7,3.0,0.3,412,9032.8,9229.1,8981.7,1,0.0,0.0,0,4.21,92.4,0,9000.2,133.69,0.0,Active,0,1,0,84.2,9
MOIL-01,Beldongri,Maharashtra,Nagpur,2021-06-01,2021,6,7634.4,6817.1,-817.3,89.29,10,8,16.6,42.4,1,14,12,5.2,2,210,4,230.4,8.0,38.42,14883.6,186.1,32.8,0.55,3.8,1.4,8.7,8.3,426,9034.5,8294.8,7634.4,0,817.3,10.71,1,7.9,61.4,0,6960.4,140.83,164.5,Active,0,1,1,59.4,7
MOIL-01,Beldongri,Maharashtra,Nagpur,2021-07-01,2021,7,6736.3,5902.2,-834.1,87.62,10,7,43.9,47.8,3,14,13,3.0,1,210,4,225.6,8.0,40.08,12745.3,266.4,27.5,0.55,4.8,2.9,6.7,4.4,406,6817.1,7251.3,6736.3,0,834.1,12.38,1,8.84,72.6,0,6394.7,136.1,475.2,Active,0,1,1,51.5,5
MOIL-01,Beldongri,Maharashtra,Nagpur,2021-08-01,2021,8,7005.7,5996.0,-1009.7,85.59,10,7,21.5,40.6,1,16,14,11.1,2,210,4,228.0,8.0,40.28,13871.3,230.5,26.5,0.55,4.4,2.6,7.8,10.2,404,5902.2,6238.4,7005.7,0,1009.7,14.41,1,8.32,50.8,0,6337.4,135.93,179.8,Active,0,1,1,49.1,6
MOIL-01,Beldongri,Maharashtra,Nagpur,2021-09-01,2021,9,7903.9,7290.9,-613.0,92.24,10,8,18.0,43.7,2,13,13,0.0,0,210,4,231.2,8.0,39.19,14811.6,171.3,26.7,0.55,4.2,1.9,4.6,4.2,402,5996.0,6396.4,7903.9,0,613.0,7.76,1,7.05,74.1,0,7639.2,136.5,268.6,Active,0,1,1,62.9,7
MOIL-01,Beldongri,Maharashtra,Nagpur,2021-10-01,2021,10,9161.3,9018.4,-142.9,98.44,10,10,3.1,48.6,0,12,12,0.0,0,210,5,237.6,8.0,36.47,19874.9,47.1,27.4,0.257,2.8,1.7,2.6,2.0,406,7290.9,7435.1,9161.3,0,142.9,1.56,0,3.83,86.7,0,8149.4,136.82,0.0,Active,0,1,0,77.1,8
MOIL-01,Beldongri,Maharashtra,Nagpur,2021-11-01,2021,11,9879.9,9378.3,-501.6,94.92,10,9,24.9,46.9,3,12,12,0.0,0,210,5,239.2,8.0,38.74,16585.8,11.9,24.3,0.184,2.1,1.2,5.0,0.4,414,9018.4,8562.5,9879.9,0,501.6,5.08,1,4.18,82.7,0,10294.9,136.2,895.9,Active,0,1,0,86.2,11
MOIL-01,Beldongri,Maharashtra,Nagpur,2021-12-01,2021,12,9790.0,9308.9,-481.1,95.09,10,9,18.0,44.4,2,15,15,0.0,0,210,5,240.0,8.0,37.95,17552.7,4.7,20.7,0.179,2.0,1.0,2.7,0.1,415,9378.3,9235.2,9790.0,0,481.1,4.91,0,4.04,93.0,0,8854.7,137.38,0.0,Active,0,1,0,82.6,10
MOIL-01,Beldongri,Maharashtra,Nagpur,2022-01-01,2022,1,10839.0,10394.7,-444.3,95.9,10,9,0.6,47.8,0,16,16,0.0,0,210,5,239.2,8.0,38.63,18902.7,9.5,22.3,0.174,2.1,0.7,4.4,0.2,413,9308.9,9694.0,10839.0,0,444.3,4.1,0,3.11,100.4,0,11206.4,138.78,636.5,Active,0,1,0,88.6,9
MOIL-01,Beldongri,Maharashtra,Nagpur,2022-02-01,2022,2,11039.7,11013.6,-26.1,99.76,10,9,1.2,41.3,0,12,12,0.0,0,210,5,239.2,8.0,38.0,19895.0,17.5,24.5,0.217,2.1,1.1,5.3,0.7,401,10394.7,10239.1,11039.7,0,26.1,0.24,0,4.23,86.5,0,12007.9,145.23,664.8,Active,0,1,0,83.8,10
MOIL-01,Beldongri,Maharashtra,Nagpur,2022-03-01,2022,3,11039.7,10607.7,-432.0,96.09,10,9,4.0,42.4,1,12,12,0.0,0,210,5,239.2,8.0,39.42,21755.2,13.8,29.6,0.167,2.1,1.1,2.7,0.6,425,11013.6,10672.0,11039.7,0,432.0,3.91,0,3.57,119.5,0,10414.7,142.21,0.0,Active,0,1,0,83.2,10
MOIL-01,Beldongri,Maharashtra,Nagpur,2022-04-01,2022,4,10537.9,9966.4,-571.5,94.58,10,9,4.0,41.4,1,15,15,0.0,0,210,5,239.2,8.0,38.04,22708.1,11.3,35.0,0.185,2.2,1.2,4.3,0.2,403,10607.7,10529.2,10537.9,0,571.5,5.42,1,2.81,102.1,0,10944.8,142.73,1126.2,Active,0,1,0,87.4,11
MOIL-01,Beldongri,Maharashtra,Nagpur,2022-05-01,2022,5,10036.1,9837.9,-198.2,98.03,10,9,0.9,51.1,0,12,12,0.0,0,210,5,239.2,8.0,37.42,20722.7,13.6,38.2,0.195,2.1,0.8,2.9,0.4,417,9966.4,10137.3,10036.1,0,198.2,1.97,0,4.75,97.8,0,10180.6,141.18,399.4,Active,0,1,0,83.7,10
MOIL-01,Beldongri,Maharashtra,Nagpur,2022-06-01,2022,6,8530.7,7906.2,-624.5,92.68,10,9,25.0,45.7,2,14,14,0.0,0,210,4,230.4,8.0,40.39,16531.6,178.5,31.9,0.55,3.9,2.4,6.1,6.1,406,9837.9,9236.8,8530.7,0,624.5,7.32,1,7.74,86.6,0,7343.4,140.29,0.0,Active,0,1,1,65.6,8
MOIL-01,Beldongri,Maharashtra,Nagpur,2022-07-01,2022,7,7527.1,6764.0,-763.1,89.86,10,8,29.4,42.9,3,15,13,11.4,2,210,4,224.0,8.0,39.67,15343.3,299.1,28.8,0.55,6.3,3.1,8.6,7.9,406,7906.2,8169.4,7527.1,0,763.1,10.14,1,8.8,68.5,0,7039.0,138.8,268.6,Active,0,1,1,48.2,5
MOIL-01,Beldongri,Maharashtra,Nagpur,2022-08-01,2022,8,7828.1,7056.9,-771.2,90.15,10,7,32.2,40.6,2,14,13,5.3,1,210,4,227.2,8.0,38.92,16858.5,239.7,27.6,0.55,3.9,1.7,6.4,4.6,404,6764.0,7242.4,7828.1,0,771.2,9.85,1,7.81,60.4,0,6509.9,140.79,0.0,Active,0,1,1,49.7,8
MOIL-01,Beldongri,Maharashtra,Nagpur,2022-09-01,2022,9,8831.7,8188.5,-643.2,92.72,10,8,44.9,50.1,4,14,14,0.0,0,210,4,230.4,8.0,38.77,15844.9,175.2,28.1,0.55,3.4,1.7,6.2,3.8,427,7056.9,7336.5,8831.7,0,643.2,7.28,1,6.56,72.3,0,8148.4,143.2,0.0,Active,0,1,1,59.0,9
MOIL-01,Beldongri,Maharashtra,Nagpur,2022-10-01,2022,10,10236.8,9901.6,-335.2,96.73,10,9,2.9,46.2,0,12,12,0.0,0,210,5,237.6,8.0,41.39,17950.0,44.1,26.1,0.237,2.3,1.2,5.6,0.6,419,8188.5,8382.3,10236.8,0,335.2,3.27,0,4.01,92.2,0,9421.9,140.51,0.0,Active,0,1,0,80.2,8
MOIL-01,Beldongri,Maharashtra,Nagpur,2022-11-01,2022,11,11039.7,10703.6,-336.1,96.96,10,10,4.8,46.7,1,12,12,0.0,0,210,5,239.2,8.0,37.82,22611.9,14.7,23.0,0.187,2.2,0.7,2.7,0.6,416,9901.6,9597.9,11039.7,0,336.1,3.04,0,4.45,101.2,0,11841.7,141.94,915.9,Active,0,1,0,89.4,10
MOIL-01,Beldongri,Maharashtra,Nagpur,2022-12-01,2022,12,10939.3,10557.4,-381.9,96.51,10,10,11.1,42.5,2,16,16,0.0,0,210,5,240.0,8.0,38.23,19279.3,6.8,21.3,0.175,2.1,1.2,3.9,0.3,411,10703.6,10387.5,10939.3,0,381.9,3.49,0,4.74,112.5,0,10799.9,140.79,179.4,Active,0,1,0,84.1,10
MOIL-01,Beldongri,Maharashtra,Nagpur,2023-01-01,2023,1,11391.2,11180.6,-210.6,98.15,10,10,7.5,50.1,1,14,14,0.0,0,210,5,239.2,8.0,39.8,23416.0,11.7,22.8,0.191,2.1,0.7,1.3,0.2,406,10557.4,10813.9,11391.2,0,210.6,1.85,0,5.05,103.4,0,12001.7,147.37,857.3,Active,0,1,0,84.3,10
MOIL-01,Beldongri,Maharashtra,Nagpur,2023-02-01,2023,2,11602.1,11484.7,-117.4,98.99,10,9,14.5,39.8,2,15,15,0.0,0,210,5,239.2,8.0,38.38,25203.8,15.4,24.3,0.203,2.3,0.8,1.8,0.3,408,11180.6,11074.2,11602.1,0,117.4,1.01,0,3.28,82.4,0,12843.8,145.68,1555.4,Active,0,1,0,83.8,9
MOIL-01,Beldongri,Maharashtra,Nagpur,2023-03-01,2023,3,11602.1,10817.9,-784.2,93.24,10,9,14.1,42.5,2,16,16,0.0,0,210,5,239.2,8.0,38.11,19267.1,12.8,28.5,0.177,2.2,1.0,3.1,0.2,427,11484.7,11161.1,11602.1,0,784.2,6.76,1,4.77,95.4,0,11235.1,145.75,212.5,Active,0,1,0,82.8,11
MOIL-01,Beldongri,Maharashtra,Nagpur,2023-04-01,2023,4,11074.8,10613.8,-461.0,95.84,10,10,6.6,52.0,1,13,13,0.0,0,210,5,239.2,8.0,39.19,18613.2,7.7,35.2,0.156,2.1,1.4,2.5,0.2,419,10817.9,10972.1,11074.8,0,461.0,4.16,0,3.14,102.5,0,10878.9,149.69,269.7,Active,0,1,0,82.7,9
MOIL-01,Beldongri,Maharashtra,Nagpur,2023-05-01,2023,5,10547.4,10588.3,40.9,100.39,10,9,4.4,44.9,1,13,13,0.0,0,210,5,239.2,8.0,38.32,19002.0,16.6,37.7,0.186,2.2,1.1,3.8,0.7,427,10613.8,10673.3,10547.4,1,0.0,0.0,0,4.13,83.8,0,10064.7,152.28,0.0,Active,0,1,0,86.1,11
MOIL-01,Beldongri,Maharashtra,Nagpur,2023-06-01,2023,6,8965.3,8033.2,-932.1,89.6,10,8,43.9,50.7,4,13,13,0.0,0,210,4,228.8,8.0,37.37,19699.4,214.1,31.3,0.55,4.5,2.3,5.7,7.5,400,10588.3,9745.1,8965.3,0,932.1,10.4,1,9.18,70.8,0,9092.3,145.48,988.4,Active,0,1,1,59.7,8
MOIL-01,Beldongri,Maharashtra,Nagpur,2023-07-01,2023,7,7910.5,6917.6,-992.9,87.45,10,8,30.0,47.7,3,15,14,2.0,1,210,4,225.6,8.0,37.76,15836.1,275.9,27.2,0.55,5.6,3.4,9.6,11.6,403,8033.2,8513.0,7910.5,0,992.9,12.55,1,9.55,63.2,0,6443.1,146.37,0.0,Active,0,1,1,46.2,7
MOIL-01,Beldongri,Maharashtra,Nagpur,2023-08-01,2023,8,8227.0,7763.6,-463.4,94.37,10,7,24.4,49.2,1,15,14,2.3,1,210,4,225.6,8.0,40.9,14275.6,263.8,26.5,0.55,4.3,1.8,7.2,10.0,423,6917.6,7571.5,8227.0,0,463.4,5.63,1,7.77,65.6,0,8679.4,149.03,669.3,Active,0,1,1,50.5,7
MOIL-01,Beldongri,Maharashtra,Nagpur,2023-09-01,2023,9,9281.7,8732.1,-549.6,94.08,10,8,14.3,48.4,0,16,15,3.4,1,210,4,228.8,8.0,37.96,19793.7,214.3,27.4,0.55,6.2,2.3,7.1,9.5,420,7763.6,7804.4,9281.7,0,549.6,5.92,1,7.4,73.5,0,9885.3,147.26,1109.4,Active,0,1,1,56.7,7
MOIL-01,Beldongri,Maharashtra,Nagpur,2023-10-01,2023,10,10758.3,10398.0,-360.3,96.65,10,9,2.9,44.0,0,14,14,0.0,0,210,5,237.6,8.0,38.96,21425.9,43.0,27.1,0.273,2.7,1.1,2.4,1.4,420,8732.1,8964.6,10758.3,0,360.3,3.35,0,4.28,90.5,0,9548.0,146.65,0.0,Active,0,1,0,80.3,10
MOIL-01,Beldongri,Maharashtra,Nagpur,2023-11-01,2023,11,11602.1,10980.7,-621.4,94.64,10,10,7.0,42.4,1,14,14,0.0,0,210,5,239.2,8.0,38.49,25398.7,16.9,23.6,0.177,2.3,1.2,2.5,0.5,416,10398.0,10036.9,11602.1,0,621.4,5.36,1,5.51,106.8,0,10867.3,148.07,0.0,Active,0,1,0,86.7,11
MOIL-01,Beldongri,Maharashtra,Nagpur,2023-12-01,2023,12,11496.7,11488.2,-8.5,99.93,10,9,0.4,42.1,0,16,16,0.0,0,210,5,240.0,8.0,37.39,21996.5,5.8,19.8,0.165,2.1,1.0,1.3,0.1,425,10980.7,10955.6,11496.7,0,8.5,0.07,0,4.08,94.0,0,12856.9,148.61,1117.6,Active,0,1,0,90.1,11
MOIL-01,Beldongri,Maharashtra,Nagpur,2024-01-01,2024,1,12118.0,11997.9,-120.1,99.01,10,10,8.3,42.1,1,14,14,0.0,0,210,5,239.2,8.0,38.2,21943.6,10.9,20.5,0.18,2.2,1.2,3.4,0.4,425,11488.2,11488.9,12118.0,0,120.1,0.99,0,4.82,100.3,0,13660.2,151.53,1171.2,Active,0,1,0,80.9,9
MOIL-01,Beldongri,Maharashtra,Nagpur,2024-02-01,2024,2,12342.4,12360.0,17.6,100.14,10,9,1.1,40.4,0,13,13,0.0,0,210,5,239.2,8.0,38.68,22566.9,17.1,24.7,0.191,2.3,1.3,1.9,0.3,404,11997.9,11948.7,12342.4,1,0.0,0.0,0,4.55,111.0,0,11768.3,151.23,0.0,Active,0,1,0,83.3,10
MOIL-01,Beldongri,Maharashtra,Nagpur,2024-03-01,2024,3,12342.4,12021.5,-320.9,97.4,10,10,5.7,47.3,1,13,13,0.0,0,210,5,239.2,8.0,36.42,25508.2,11.7,29.4,0.195,2.0,0.9,3.0,0.3,400,12360.0,12126.5,12342.4,0,320.9,2.6,0,5.31,99.2,0,12772.8,150.32,683.2,Active,0,1,0,85.1,10
MOIL-01,Beldongri,Maharashtra,Nagpur,2024-04-01,2024,4,11781.4,11271.5,-509.9,95.67,10,9,0.6,43.0,0,14,14,0.0,0,210,5,239.2,8.0,35.48,20500.9,8.3,34.9,0.181,2.0,1.3,1.2,0.3,416,12021.5,11884.3,11781.4,0,509.9,4.33,0,3.9,90.4,0,12689.3,153.33,1019.0,Active,0,1,0,86.2,10
MOIL-01,Beldongri,Maharashtra,Nagpur,2024-05-01,2024,5,11220.4,11217.9,-2.5,99.98,10,9,0.8,42.9,0,13,13,0.0,0,210,5,239.2,8.0,38.96,20510.0,12.4,38.5,0.179,2.2,1.1,1.3,0.5,408,11271.5,11503.6,11220.4,0,2.5,0.02,0,3.94,98.8,0,12022.8,147.08,923.6,Active,0,1,0,85.4,10
MOIL-01,Beldongri,Maharashtra,Nagpur,2024-06-01,2024,6,9537.3,8781.8,-755.5,92.08,10,9,34.9,45.7,4,16,15,4.4,1,210,4,228.0,8.0,38.83,16402.9,219.6,32.5,0.55,3.2,2.2,7.2,5.8,414,11217.9,10423.7,9537.3,0,755.5,7.92,1,6.52,77.8,0,8660.2,150.12,0.0,Active,0,1,1,55.7,8
MOIL-01,Beldongri,Maharashtra,Nagpur,2024-07-01,2024,7,8415.3,7435.9,-979.4,88.36,10,7,26.5,42.7,2,15,14,3.4,1,210,3,224.0,8.0,39.11,15484.2,313.7,27.7,0.55,6.8,2.8,10.9,8.6,413,8781.8,9145.2,8415.3,0,979.4,11.64,1,9.85,71.2,0,7747.6,150.97,180.0,Active,0,1,1,43.8,6
MOIL-01,Beldongri,Maharashtra,Nagpur,2024-08-01,2024,8,8751.9,7753.8,-998.1,88.6,10,7,27.4,46.9,1,13,12,5.1,1,210,4,224.8,8.0,38.88,18316.6,286.2,26.1,0.55,4.7,2.4,8.5,9.5,426,7435.9,7990.5,8751.9,0,998.1,11.4,1,8.58,65.0,0,7384.3,151.42,0.0,Active,0,1,1,49.7,6
MOIL-01,Beldongri,Maharashtra,Nagpur,2024-09-01,2024,9,9874.0,8141.1,-1732.9,82.45,10,9,49.3,48.5,4,16,14,11.4,2,210,4,228.8,8.0,37.13,21629.9,209.0,27.2,0.55,4.6,2.8,6.7,7.8,418,7753.8,7776.9,9874.0,0,1732.9,17.55,1,8.23,69.8,0,7819.1,146.82,0.0,Active,0,1,1,60.2,8
MOIL-01,Beldongri,Maharashtra,Nagpur,2024-10-01,2024,10,11444.8,10389.9,-1054.9,90.78,10,10,16.0,46.6,2,12,12,0.0,0,210,5,237.6,8.0,36.02,21770.2,42.7,26.0,0.263,2.7,1.3,4.2,1.8,423,8141.1,8761.6,11444.8,0,1054.9,9.22,1,4.42,94.0,0,9713.6,150.87,0.0,Active,0,1,0,77.7,10
MOIL-01,Beldongri,Maharashtra,Nagpur,2024-11-01,2024,11,12342.4,11794.3,-548.1,95.56,10,10,1.0,49.6,0,13,13,0.0,0,210,5,239.2,8.0,39.59,23246.7,14.3,23.5,0.18,2.2,1.2,3.6,0.7,426,10389.9,10108.4,12342.4,0,548.1,4.44,0,5.15,106.5,0,12455.1,145.61,403.6,Active,0,1,0,85.0,9
MOIL-01,Beldongri,Maharashtra,Nagpur,2024-12-01,2024,12,12230.2,11830.4,-399.8,96.73,10,10,9.2,45.6,1,16,16,0.0,0,210,5,240.0,8.0,38.92,24293.8,4.5,20.5,0.178,2.1,1.3,2.2,0.2,409,11794.3,11338.2,12230.2,0,399.8,3.27,0,3.42,92.6,0,11633.0,152.73,0.0,Active,0,1,0,82.6,10
MOIL-01,Beldongri,Maharashtra,Nagpur,2025-01-01,2025,1,12678.8,12553.8,-125.0,99.01,10,10,0.9,50.6,0,14,14,0.0,0,210,5,239.2,8.0,38.39,22608.2,13.8,21.8,0.19,2.1,0.8,5.0,0.4,412,11830.4,12059.5,12678.8,0,125.0,0.99,0,4.41,98.1,0,14008.1,149.63,1111.3,Active,0,1,0,76.6,11
MOIL-01,Beldongri,Maharashtra,Nagpur,2025-02-01,2025,2,12913.6,12733.4,-180.2,98.6,10,9,9.7,41.5,1,13,13,0.0,0,210,5,239.2,8.0,37.99,28052.0,19.1,24.9,0.208,2.4,1.2,2.2,0.8,420,12553.8,12372.5,12913.6,0,180.2,1.4,0,4.2,83.8,0,12610.1,156.21,0.0,Active,0,1,0,79.1,9
MOIL-01,Beldongri,Maharashtra,Nagpur,2025-03-01,2025,3,12913.6,12570.6,-343.0,97.34,10,10,1.0,51.5,0,12,12,0.0,0,210,5,239.2,8.0,37.79,23249.0,15.3,29.5,0.185,2.1,0.8,5.0,0.6,407,12733.4,12619.3,12913.6,0,343.0,2.66,0,4.64,92.5,0,12988.5,152.64,214.6,Active,0,1,0,81.9,9
MOIL-01,Beldongri,Maharashtra,Nagpur,2025-04-01,2025,4,12326.6,11633.0,-693.6,94.37,10,10,8.1,44.9,2,14,14,0.0,0,210,5,239.2,8.0,37.63,22751.5,9.8,34.6,0.187,2.1,1.2,4.0,0.3,428,12570.6,12312.3,12326.6,0,693.6,5.63,1,3.8,102.4,0,11448.7,152.85,0.0,Active,0,1,0,85.5,9
MOIL-01,Beldongri,Maharashtra,Nagpur,2025-05-01,2025,5,11739.7,10864.4,-875.3,92.54,10,9,32.6,47.6,4,15,14,5.4,1,210,5,239.2,8.0,39.84,20136.6,14.9,37.7,0.198,2.3,1.6,3.1,0.4,399,11633.0,11689.3,11739.7,0,875.3,7.46,1,4.12,108.0,0,10370.8,152.27,0.0,Active,0,1,0,81.1,11
MOIL-01,Beldongri,Maharashtra,Nagpur,2025-06-01,2025,6,9978.7,9506.0,-472.7,95.26,10,8,19.1,41.8,2,13,13,0.0,0,210,4,230.4,8.0,38.58,17495.6,181.6,31.8,0.55,3.2,1.4,6.0,3.4,399,10864.4,10667.8,9978.7,0,472.7,4.74,0,6.62,81.4,0,9960.7,156.64,416.0,Active,0,1,1,61.1,9
MOIL-01,Beldongri,Maharashtra,Nagpur,2025-07-01,2025,7,8804.7,7850.7,-954.0,89.16,10,7,40.7,51.2,3,13,13,0.0,0,210,3,224.0,8.0,40.49,14766.6,308.6,28.7,0.55,3.2,1.9,8.7,8.4,421,9506.0,9407.0,8804.7,0,954.0,10.84,1,9.86,54.5,0,8206.3,152.62,309.9,Active,0,1,1,45.1,5
MOIL-01,Beldongri,Maharashtra,Nagpur,2025-08-01,2025,8,9156.9,8445.1,-711.8,92.23,10,9,24.4,47.6,2,16,16,0.0,0,210,4,228.8,8.0,38.02,15996.8,205.4,27.2,0.55,3.1,1.8,5.2,4.8,415,7850.7,8600.6,9156.9,0,711.8,7.77,1,7.0,68.7,0,8028.0,152.2,0.0,Active,0,1,1,60.3,8
MOIL-01,Beldongri,Maharashtra,Nagpur,2025-09-01,2025,9,10330.9,9511.0,-819.9,92.06,10,8,19.1,50.5,2,16,11,11.9,5,210,4,229.6,8.0,37.89,16935.9,190.3,27.7,0.55,5.5,2.1,7.4,3.9,417,8445.1,8602.3,10330.9,0,819.9,7.94,1,6.37,88.5,0,10057.6,152.83,608.0,Active,0,1,1,52.0,8
MOIL-01,Beldongri,Maharashtra,Nagpur,2025-10-01,2025,10,11974.5,11515.9,-458.6,96.17,10,9,11.9,49.8,1,15,15,0.0,0,210,5,237.6,8.0,39.78,22179.1,49.1,26.8,0.277,2.2,0.9,5.1,2.2,403,9511.0,9824.0,11974.5,0,458.6,3.83,0,4.08,93.9,0,11871.3,160.21,198.0,Active,0,1,0,82.4,9
MOIL-01,Beldongri,Maharashtra,Nagpur,2025-11-01,2025,11,12913.6,13277.6,364.0,102.82,10,10,0.9,45.1,0,15,15,0.0,0,210,5,239.2,8.0,40.18,28034.7,13.5,23.4,0.186,2.2,1.5,5.1,0.6,412,11515.9,11434.8,12913.6,1,0.0,0.0,0,4.31,92.2,0,14936.7,154.32,1280.2,Active,0,1,0,76.4,9
MOIL-01,Beldongri,Maharashtra,Nagpur,2025-12-01,2025,12,12796.2,12481.9,-314.3,97.54,10,9,17.3,39.0,2,14,14,0.0,0,210,5,240.0,8.0,40.4,24247.9,5.4,20.0,0.167,2.0,0.7,1.2,0.2,408,13277.6,12425.1,12796.2,0,314.3,2.46,0,4.98,99.9,0,12260.5,156.35,0.0,Active,0,1,0,85.3,11
MOIL-02,Gumgaon,Maharashtra,Nagpur,2015-01-01,2015,1,7688.1,7348.6,-339.5,95.58,9,9,9.9,45.1,1,13,13,0.0,0,195,5,239.2,8.0,36.12,13910.5,13.2,22.0,0.189,2.2,1.2,2.7,0.6,401,7348.6,7348.6,7688.1,0,339.5,4.42,0,3.21,100.5,0,6326.9,94.26,0.0,Active,0,1,0,83.7,10
MOIL-02,Gumgaon,Maharashtra,Nagpur,2015-02-01,2015,2,7830.5,7343.0,-487.5,93.77,9,8,11.1,41.3,3,14,14,0.0,0,195,5,239.2,8.0,38.47,16925.0,21.7,25.0,0.227,2.3,0.9,3.3,0.8,377,7348.6,7345.8,7830.5,0,487.5,6.23,1,5.13,92.5,0,7093.7,103.4,0.0,Active,0,1,0,87.4,11
MOIL-02,Gumgaon,Maharashtra,Nagpur,2015-03-01,2015,3,7830.5,7582.9,-247.6,96.84,9,8,5.6,48.9,1,11,11,0.0,0,195,5,239.2,8.0,38.32,15484.2,16.0,29.2,0.194,2.1,1.5,3.5,0.3,388,7343.0,7424.8,7830.5,0,247.6,3.16,0,4.14,106.1,0,6670.3,101.4,0.0,Active,0,1,0,79.2,10
MOIL-02,Gumgaon,Maharashtra,Nagpur,2015-04-01,2015,4,7474.6,7298.7,-175.9,97.65,9,8,18.5,41.4,2,15,15,0.0,0,195,5,239.2,8.0,39.1,11990.2,9.7,34.9,0.189,2.1,1.2,1.5,0.2,395,7582.9,7408.2,7474.6,0,175.9,2.35,0,3.64,101.6,0,6593.5,99.31,0.0,Active,0,1,0,86.5,10
MOIL-02,Gumgaon,Maharashtra,Nagpur,2015-05-01,2015,5,7118.6,6969.0,-149.6,97.9,9,8,1.1,45.2,0,15,15,0.0,0,195,5,239.2,8.0,39.55,14375.2,17.0,36.9,0.199,2.3,1.2,4.4,0.4,382,7298.7,7283.5,7118.6,0,149.6,2.1,0,4.28,100.9,0,6323.7,101.15,0.0,Active,0,1,0,78.3,11
MOIL-02,Gumgaon,Maharashtra,Nagpur,2015-06-01,2015,6,6050.8,5588.2,-462.6,92.35,9,8,39.2,47.7,7,15,15,0.0,0,195,4,231.2,8.0,39.66,10782.4,160.9,31.8,0.55,2.6,0.9,6.6,2.9,382,6969.0,6618.6,6050.8,0,462.6,7.65,1,8.45,73.9,0,5298.7,102.4,0.0,Active,0,1,1,66.9,9
MOIL-02,Gumgaon,Maharashtra,Nagpur,2015-07-01,2015,7,5339.0,4661.6,-677.4,87.31,9,6,42.9,49.1,4,13,13,0.0,0,195,3,224.0,8.0,39.63,11431.0,341.4,27.8,0.55,3.4,2.0,8.8,10.2,377,5588.2,5739.6,5339.0,0,677.4,12.69,1,9.41,52.6,0,4490.0,99.54,0.0,Active,0,1,1,47.3,6
MOIL-02,Gumgaon,Maharashtra,Nagpur,2015-08-01,2015,8,5552.5,4784.4,-768.1,86.17,9,8,31.1,46.3,4,14,9,24.9,5,195,4,228.8,8.0,36.77,10757.7,214.0,26.5,0.55,4.3,2.1,6.2,5.4,387,4661.6,5011.4,5552.5,0,768.1,13.83,1,7.51,78.0,0,4205.5,102.77,0.0,Active,0,1,1,60.8,8
MOIL-02,Gumgaon,Maharashtra,Nagpur,2015-09-01,2015,9,6264.4,5959.4,-305.0,95.13,9,7,18.6,42.1,1,11,9,5.0,2,195,4,231.2,8.0,38.16,12691.6,159.2,28.0,0.55,3.9,1.7,7.7,3.6,391,4784.4,5135.1,6264.4,0,305.0,4.87,0,6.58,75.0,0,5847.2,102.86,0.0,Active,0,1,1,66.2,8
MOIL-02,Gumgaon,Maharashtra,Nagpur,2015-10-01,2015,10,7261.0,7035.0,-226.0,96.89,9,8,3.4,45.7,0,15,15,0.0,0,195,5,237.6,8.0,36.87,14621.6,51.4,27.3,0.272,2.9,0.9,4.7,2.2,377,5959.4,5926.3,7261.0,0,226.0,3.11,0,4.87,106.7,0,7133.6,95.72,117.5,Active,0,1,0,83.2,8
MOIL-02,Gumgaon,Maharashtra,Nagpur,2015-11-01,2015,11,7830.5,7691.6,-138.9,98.23,9,8,9.3,46.5,1,13,13,0.0,0,195,5,239.2,8.0,37.9,15289.2,13.5,24.5,0.171,2.3,1.3,2.3,0.6,376,7035.0,6895.3,7830.5,0,138.9,1.77,0,5.01,88.9,0,7138.7,104.04,0.0,Active,0,1,0,83.9,10
MOIL-02,Gumgaon,Maharashtra,Nagpur,2015-12-01,2015,12,7759.3,7661.1,-98.2,98.73,9,8,16.1,41.6,2,14,14,0.0,0,195,5,240.0,8.0,37.79,17011.4,4.1,21.4,0.146,2.0,1.3,1.4,0.1,395,7691.6,7462.6,7759.3,0,98.2,1.27,0,3.69,100.4,0,7577.0,100.83,0.0,Active,0,1,0,86.1,11
MOIL-02,Gumgaon,Maharashtra,Nagpur,2016-01-01,2016,1,7939.4,7538.8,-400.6,94.95,9,9,12.7,47.8,2,11,11,0.0,0,195,5,239.2,8.0,39.29,14412.9,9.6,22.6,0.16,2.1,0.9,5.0,0.4,399,7661.1,7630.5,7939.4,0,400.6,5.05,1,5.67,109.0,0,7481.6,103.78,0.0,Active,0,1,0,81.8,11
MOIL-02,Gumgaon,Maharashtra,Nagpur,2016-02-01,2016,2,8086.5,7830.2,-256.3,96.83,9,8,22.9,37.2,3,15,15,0.0,0,195,5,239.2,8.0,39.68,15874.6,18.4,24.7,0.207,2.3,0.8,2.8,0.4,377,7538.8,7676.7,8086.5,0,256.3,3.17,0,2.73,110.9,0,7526.6,105.42,0.0,Active,0,1,0,86.5,10
MOIL-02,Gumgaon,Maharashtra,Nagpur,2016-03-01,2016,3,8086.5,7946.0,-140.5,98.26,9,9,1.0,41.0,0,13,13,0.0,0,195,5,239.2,8.0,38.35,15047.6,14.6,29.0,0.181,2.1,1.0,4.8,0.4,375,7830.2,7771.7,8086.5,0,140.5,1.74,0,2.38,94.1,0,7553.5,105.45,0.0,Active,0,1,0,84.5,10
MOIL-02,Gumgaon,Maharashtra,Nagpur,2016-04-01,2016,4,7718.9,7379.3,-339.6,95.6,9,9,32.4,49.6,4,13,13,0.0,0,195,5,239.2,8.0,39.34,12876.2,9.2,34.7,0.186,2.0,1.3,4.8,0.3,375,7946.0,7718.5,7718.9,0,339.6,4.4,0,4.4,102.9,0,6734.1,101.15,0.0,Active,0,1,0,78.3,9
MOIL-02,Gumgaon,Maharashtra,Nagpur,2016-05-01,2016,5,7351.3,7386.7,35.4,100.48,9,9,1.4,44.6,0,14,14,0.0,0,195,5,239.2,8.0,37.59,15782.3,20.5,38.1,0.214,2.1,1.2,5.1,0.7,377,7379.3,7570.7,7351.3,1,0.0,0.0,0,4.13,101.3,0,7800.2,103.26,303.0,Active,0,1,0,78.6,10
MOIL-02,Gumgaon,Maharashtra,Nagpur,2016-06-01,2016,6,6248.6,5552.0,-696.6,88.85,9,8,26.0,37.8,4,14,12,7.0,2,195,4,229.6,8.0,39.55,12648.2,194.4,32.0,0.55,4.4,3.0,7.3,6.8,401,7386.7,6772.7,6248.6,0,696.6,11.15,1,8.58,70.0,0,5697.5,103.88,95.8,Active,0,1,1,53.0,6
MOIL-02,Gumgaon,Maharashtra,Nagpur,2016-07-01,2016,7,5513.5,4874.4,-639.1,88.41,9,7,24.9,45.3,1,11,11,0.0,0,195,4,224.8,8.0,39.25,10254.5,287.5,27.5,0.55,3.2,2.1,7.1,13.2,375,5552.0,5937.7,5513.5,0,639.1,11.59,1,8.27,67.8,0,4262.1,99.31,0.0,Active,0,1,1,40.3,7
MOIL-02,Gumgaon,Maharashtra,Nagpur,2016-08-01,2016,8,5734.0,5040.9,-693.1,87.91,9,7,35.3,48.9,4,14,13,5.2,1,195,4,228.0,8.0,38.42,12502.5,226.8,26.8,0.55,5.8,3.9,8.9,7.6,385,4874.4,5155.8,5734.0,0,693.1,12.09,1,6.84,70.8,0,4587.4,104.22,0.0,Active,0,1,1,54.1,6
MOIL-02,Gumgaon,Maharashtra,Nagpur,2016-09-01,2016,9,6469.2,6153.7,-315.5,95.12,9,7,10.0,43.1,0,13,13,0.0,0,195,4,232.0,8.0,40.37,13485.6,150.6,26.6,0.53,3.7,2.3,6.8,5.1,389,5040.9,5356.3,6469.2,0,315.5,4.88,0,7.33,91.6,0,6060.7,103.21,0.0,Active,0,1,1,62.3,8
MOIL-02,Gumgaon,Maharashtra,Nagpur,2016-10-01,2016,10,7498.3,7579.2,80.9,101.08,9,8,16.3,38.2,2,12,12,0.0,0,195,5,237.6,8.0,39.56,14478.0,40.8,26.1,0.252,2.4,0.9,3.7,0.6,393,6153.7,6257.9,7498.3,1,0.0,0.0,0,3.8,91.6,0,7377.9,100.53,0.0,Active,0,1,0,83.2,9
MOIL-02,Gumgaon,Maharashtra,Nagpur,2016-11-01,2016,11,8086.5,7609.5,-477.0,94.1,9,9,12.8,43.6,2,13,13,0.0,0,195,5,239.2,8.0,40.66,13953.2,16.3,23.5,0.189,2.2,1.4,3.6,0.6,386,7579.2,7114.1,8086.5,0,477.0,5.9,1,3.93,86.8,0,6824.5,107.06,0.0,Active,0,1,0,86.1,10
MOIL-02,Gumgaon,Maharashtra,Nagpur,2016-12-01,2016,12,8012.9,7906.0,-106.9,98.67,9,8,4.8,49.3,1,13,13,0.0,0,195,5,240.0,8.0,38.03,16490.6,5.5,20.9,0.178,2.1,1.3,3.0,0.2,400,7609.5,7698.2,8012.9,0,106.9,1.33,0,4.12,92.2,0,8333.3,106.22,361.5,Active,0,1,0,82.5,10
MOIL-02,Gumgaon,Maharashtra,Nagpur,2017-01-01,2017,1,8266.3,7627.0,-639.3,92.27,9,8,16.6,39.5,3,13,13,0.0,0,195,5,239.2,8.0,38.64,18121.1,9.9,21.7,0.176,2.2,1.0,2.9,0.3,390,7906.0,7714.2,8266.3,0,639.3,7.73,1,3.41,104.9,0,7048.8,111.41,0.0,Active,0,1,0,85.2,11
MOIL-02,Gumgaon,Maharashtra,Nagpur,2017-02-01,2017,2,8419.4,7842.1,-577.3,93.14,9,9,9.2,44.1,2,13,13,0.0,0,195,5,239.2,8.0,39.19,15365.9,17.2,24.6,0.2,2.3,0.9,3.2,0.7,396,7627.0,7791.7,8419.4,0,577.3,6.86,1,5.66,106.4,0,8332.5,106.38,390.0,Active,0,1,0,83.1,11
MOIL-02,Gumgaon,Maharashtra,Nagpur,2017-03-01,2017,3,8419.4,8120.9,-298.5,96.46,9,9,9.2,43.4,1,14,13,4.5,1,195,5,239.2,8.0,39.63,18352.9,15.0,29.0,0.193,2.1,1.1,1.7,0.6,388,7842.1,7863.3,8419.4,0,298.5,3.55,0,3.76,97.0,0,7178.9,111.4,0.0,Active,0,1,0,83.1,10
MOIL-02,Gumgaon,Maharashtra,Nagpur,2017-04-01,2017,4,8036.7,7433.8,-602.9,92.5,9,8,12.9,40.7,3,14,13,5.8,1,195,5,239.2,8.0,41.59,13806.8,9.6,34.5,0.175,2.1,0.7,2.6,0.4,401,8120.9,7798.9,8036.7,0,602.9,7.5,1,5.32,102.8,0,6580.3,110.8,0.0,Active,0,1,0,83.9,11
MOIL-02,Gumgaon,Maharashtra,Nagpur,2017-05-01,2017,5,7654.0,7281.9,-372.1,95.14,9,8,16.2,48.1,2,15,15,0.0,0,195,5,239.2,8.0,38.93,16771.0,19.7,38.1,0.196,2.1,0.8,3.8,0.9,382,7433.8,7612.2,7654.0,0,372.1,4.86,0,3.27,91.1,0,6627.5,106.68,0.0,Active,0,1,0,83.1,10
MOIL-02,Gumgaon,Maharashtra,Nagpur,2017-06-01,2017,6,6505.9,5981.5,-524.4,91.94,9,8,28.2,45.9,4,11,11,0.0,0,195,4,231.2,8.0,41.46,11299.7,168.6,31.4,0.55,4.5,2.6,7.8,7.4,401,7281.9,6899.1,6505.9,0,524.4,8.06,1,6.39,83.2,0,5281.8,106.72,0.0,Active,0,1,1,61.1,7
MOIL-02,Gumgaon,Maharashtra,Nagpur,2017-07-01,2017,7,5740.5,4792.1,-948.4,83.48,9,6,58.3,44.9,5,13,12,5.9,1,195,4,225.6,8.0,38.79,12104.7,272.3,27.4,0.55,3.3,1.8,8.5,11.7,386,5981.5,6018.5,5740.5,0,948.4,16.52,1,7.9,66.9,0,4181.6,113.95,0.0,Active,0,1,1,48.0,5
MOIL-02,Gumgaon,Maharashtra,Nagpur,2017-08-01,2017,8,5970.1,5378.1,-592.0,90.08,9,7,32.6,42.3,2,14,13,5.7,1,195,4,228.0,8.0,38.24,12747.5,230.5,25.3,0.55,5.1,3.3,7.3,3.8,379,4792.1,5383.9,5970.1,0,592.0,9.92,1,6.58,52.0,0,5699.2,112.63,352.0,Active,0,1,1,52.3,7
MOIL-02,Gumgaon,Maharashtra,Nagpur,2017-09-01,2017,9,6735.5,6158.3,-577.2,91.43,9,7,35.1,49.0,4,12,12,0.0,0,195,4,231.2,8.0,37.93,12128.7,158.0,28.3,0.546,4.0,2.3,7.1,4.9,378,5378.1,5442.8,6735.5,0,577.2,8.57,1,5.79,85.2,0,5760.1,106.19,0.0,Active,0,1,1,67.3,7
MOIL-02,Gumgaon,Maharashtra,Nagpur,2017-10-01,2017,10,7807.0,7592.3,-214.7,97.25,9,8,2.6,37.8,0,11,10,5.2,1,195,5,237.6,8.0,40.14,15593.5,39.2,25.8,0.266,2.5,1.1,3.1,1.3,377,6158.3,6376.2,7807.0,0,214.7,2.75,0,3.15,89.3,0,7675.0,109.41,43.9,Active,0,1,0,76.1,10
MOIL-02,Gumgaon,Maharashtra,Nagpur,2017-11-01,2017,11,8419.4,8276.8,-142.6,98.31,9,9,0.7,46.7,0,11,11,0.0,0,195,5,239.2,8.0,39.29,18155.1,10.2,23.9,0.164,2.1,0.9,5.2,0.4,377,7592.3,7342.5,8419.4,0,142.6,1.69,0,5.13,102.3,0,8766.0,106.7,409.3,Active,0,1,0,81.4,9
MOIL-02,Gumgaon,Maharashtra,Nagpur,2017-12-01,2017,12,8342.8,8165.6,-177.2,97.88,9,8,0.3,37.4,0,11,11,0.0,0,195,5,240.0,8.0,39.74,14092.2,4.4,20.2,0.162,2.1,1.2,2.2,0.2,397,8276.8,8011.6,8342.8,0,177.2,2.12,0,3.94,105.3,0,8262.6,103.17,95.9,Active,0,1,0,84.6,9
MOIL-02,Gumgaon,Maharashtra,Nagpur,2018-01-01,2018,1,8743.7,8612.2,-131.5,98.5,9,8,0.7,42.7,0,14,14,0.0,0,195,5,239.2,8.0,40.51,17783.5,10.5,21.8,0.189,2.0,1.3,3.1,0.4,384,8165.6,8351.5,8743.7,0,131.5,1.5,0,5.08,92.3,0,8358.3,115.57,0.0,Active,0,1,0,84.5,10
MOIL-02,Gumgaon,Maharashtra,Nagpur,2018-02-01,2018,2,8905.6,8379.0,-526.6,94.09,9,9,22.5,46.9,3,14,14,0.0,0,195,5,239.2,8.0,38.14,14269.1,18.3,24.7,0.214,2.3,1.2,3.4,0.6,391,8612.2,8385.6,8905.6,0,526.6,5.91,1,3.67,98.0,0,7890.1,115.06,0.0,Active,0,1,0,84.9,10
MOIL-02,Gumgaon,Maharashtra,Nagpur,2018-03-01,2018,3,8905.6,8404.9,-500.7,94.38,9,8,1.1,39.1,0,13,13,0.0,0,195,5,239.2,8.0,39.4,19322.1,16.0,29.2,0.189,2.3,1.3,4.0,0.5,376,8379.0,8465.4,8905.6,0,500.7,5.62,1,4.76,101.2,0,8756.7,114.61,292.9,Active,0,1,0,77.0,9
MOIL-02,Gumgaon,Maharashtra,Nagpur,2018-04-01,2018,4,8500.8,8235.8,-265.0,96.88,9,9,0.6,40.4,0,15,15,0.0,0,195,5,239.2,8.0,40.67,17917.2,9.3,33.9,0.18,2.0,0.8,4.8,0.3,397,8404.9,8339.9,8500.8,0,265.0,3.12,0,2.92,96.6,0,7876.3,116.69,0.0,Active,0,1,0,84.4,11
MOIL-02,Gumgaon,Maharashtra,Nagpur,2018-05-01,2018,5,8096.0,8058.2,-37.8,99.53,9,9,0.9,42.8,0,14,14,0.0,0,195,5,239.2,8.0,37.83,17463.6,13.9,37.3,0.188,2.1,1.3,3.4,0.3,402,8235.8,8233.0,8096.0,0,37.8,0.47,0,2.86,106.8,0,8612.4,112.59,646.3,Active,0,1,0,84.3,10
MOIL-02,Gumgaon,Maharashtra,Nagpur,2018-06-01,2018,6,6881.6,6480.6,-401.0,94.17,9,8,27.2,42.4,2,11,11,0.0,0,195,4,232.0,8.0,38.84,11961.7,144.9,31.3,0.521,2.8,1.2,5.0,4.8,397,8058.2,7591.5,6881.6,0,401.0,5.83,1,6.52,83.4,0,6128.9,112.02,0.0,Active,0,1,1,65.0,9
MOIL-02,Gumgaon,Maharashtra,Nagpur,2018-07-01,2018,7,6072.0,5602.4,-469.6,92.27,9,7,22.0,48.5,1,14,13,4.0,1,195,4,227.2,8.0,38.14,10182.9,243.4,27.9,0.55,5.8,2.4,9.7,3.9,390,6480.6,6713.7,6072.0,0,469.6,7.73,1,8.36,71.3,0,5854.9,118.6,127.4,Active,0,1,1,49.1,7
MOIL-02,Gumgaon,Maharashtra,Nagpur,2018-08-01,2018,8,6314.9,5576.9,-738.0,88.31,9,6,25.9,49.4,2,13,12,3.3,1,195,4,224.8,8.0,40.54,12308.4,284.1,25.9,0.55,5.5,2.7,10.6,11.8,374,5602.4,5886.6,6314.9,0,738.0,11.69,1,9.22,74.6,0,5798.8,113.99,137.4,Active,0,1,1,47.9,7
MOIL-02,Gumgaon,Maharashtra,Nagpur,2018-09-01,2018,9,7124.5,6451.4,-673.1,90.55,9,7,26.5,48.4,2,12,12,0.0,0,195,4,231.2,8.0,39.15,14877.3,167.4,27.7,0.55,2.9,1.4,7.3,6.3,395,5576.9,5876.9,7124.5,0,673.1,9.45,1,5.18,77.9,0,6786.8,114.56,210.0,Active,0,1,1,60.7,9
MOIL-02,Gumgaon,Maharashtra,Nagpur,2018-10-01,2018,10,8257.9,7976.4,-281.5,96.59,9,8,12.8,48.6,1,11,11,0.0,0,195,5,236.8,8.0,38.45,16473.4,58.2,26.6,0.306,3.0,1.5,4.3,2.3,385,6451.4,6668.2,8257.9,0,281.5,3.41,0,6.17,92.5,0,7476.7,111.85,0.0,Active,0,1,0,75.6,10
MOIL-02,Gumgaon,Maharashtra,Nagpur,2018-11-01,2018,11,8905.6,8454.8,-450.8,94.94,9,8,23.4,45.4,3,12,12,0.0,0,195,5,239.2,8.0,38.48,15312.9,15.5,22.8,0.185,2.3,0.7,2.7,0.2,400,7976.4,7627.5,8905.6,0,450.8,5.06,1,5.56,108.1,0,8098.7,111.93,0.0,Active,0,1,0,78.1,11
MOIL-02,Gumgaon,Maharashtra,Nagpur,2018-12-01,2018,12,8824.6,8626.1,-198.5,97.75,9,9,9.4,44.8,2,15,15,0.0,0,195,5,240.0,8.0,38.14,19037.7,5.5,21.9,0.181,2.1,0.7,3.6,0.2,386,8454.8,8352.4,8824.6,0,198.5,2.25,0,6.05,99.4,0,8039.1,120.3,0.0,Active,0,1,0,83.7,11
MOIL-02,Gumgaon,Maharashtra,Nagpur,2019-01-01,2019,1,9075.8,8791.6,-284.2,96.87,9,8,17.5,41.4,2,11,11,0.0,0,195,5,239.2,8.0,39.19,18995.2,11.0,21.5,0.185,2.1,1.4,3.4,0.4,384,8626.1,8624.2,9075.8,0,284.2,3.13,0,4.57,106.4,0,8229.4,117.54,0.0,Active,0,1,0,86.5,9
MOIL-02,Gumgaon,Maharashtra,Nagpur,2019-02-01,2019,2,9243.9,9002.5,-241.4,97.39,9,8,1.0,47.4,0,15,15,0.0,0,195,5,239.2,8.0,40.15,14790.8,15.7,25.4,0.19,2.2,1.3,3.0,0.4,401,8791.6,8806.7,9243.9,0,241.4,2.61,0,4.63,88.0,0,9640.1,121.12,518.3,Active,0,1,0,83.7,9
MOIL-02,Gumgaon,Maharashtra,Nagpur,2019-03-01,2019,3,9243.9,8760.9,-483.0,94.78,9,9,6.1,41.6,1,12,12,0.0,0,195,5,239.2,8.0,37.67,18082.7,12.0,29.1,0.18,2.2,1.3,2.3,0.4,376,9002.5,8851.7,9243.9,0,483.0,5.23,1,4.24,94.3,0,8825.8,119.33,47.2,Active,0,1,0,81.7,11
MOIL-02,Gumgaon,Maharashtra,Nagpur,2019-04-01,2019,4,8823.7,8300.3,-523.4,94.07,9,9,7.4,42.4,1,14,13,4.1,1,195,5,239.2,8.0,37.24,19366.6,9.5,35.0,0.165,2.1,1.0,4.8,0.4,378,8760.9,8687.9,8823.7,0,523.4,5.93,1,4.9,86.7,0,7784.9,116.71,0.0,Active,0,1,0,85.5,11
MOIL-02,Gumgaon,Maharashtra,Nagpur,2019-05-01,2019,5,8403.5,7919.6,-483.9,94.24,9,8,8.4,41.3,1,15,15,0.0,0,195,5,239.2,8.0,39.47,14843.1,15.4,38.1,0.191,2.2,1.0,1.7,0.4,399,8300.3,8326.9,8403.5,0,483.9,5.76,1,3.96,104.0,0,8153.4,120.79,119.5,Active,0,1,0,87.4,11
MOIL-02,Gumgaon,Maharashtra,Nagpur,2019-06-01,2019,6,7143.0,6733.8,-409.2,94.27,9,8,16.6,41.9,1,14,14,0.0,0,195,4,231.2,8.0,38.92,13600.1,160.0,31.9,0.537,4.8,1.6,6.0,4.6,390,7919.6,7651.2,7143.0,0,409.2,5.73,1,7.34,70.9,0,6031.2,119.53,0.0,Active,0,1,1,59.3,7
MOIL-02,Gumgaon,Maharashtra,Nagpur,2019-07-01,2019,7,6302.6,5390.2,-912.4,85.52,9,7,38.0,39.1,5,13,11,6.9,2,195,3,224.0,8.0,37.21,11115.7,348.6,27.3,0.55,6.1,2.2,8.5,11.4,397,6733.8,6681.2,6302.6,0,912.4,14.48,1,8.92,65.0,0,5838.7,121.75,420.3,Active,0,1,1,42.3,6
MOIL-02,Gumgaon,Maharashtra,Nagpur,2019-08-01,2019,8,6554.7,5694.3,-860.4,86.87,9,6,18.7,47.1,0,14,14,0.0,0,195,4,224.8,8.0,39.75,11844.1,281.1,26.7,0.55,6.1,3.4,10.0,7.3,400,5390.2,5939.4,6554.7,0,860.4,13.13,1,7.52,66.8,0,6134.3,117.08,400.7,Active,0,1,1,43.6,7
MOIL-02,Gumgaon,Maharashtra,Nagpur,2019-09-01,2019,9,7395.1,6686.2,-708.9,90.41,9,7,29.6,43.3,3,15,12,12.6,3,195,4,230.4,8.0,38.66,14738.7,173.5,28.1,0.55,4.4,1.7,6.3,8.0,397,5694.3,5923.6,7395.1,0,708.9,9.59,1,7.21,70.5,0,6720.2,120.66,31.2,Active,0,1,1,59.9,7
MOIL-02,Gumgaon,Maharashtra,Nagpur,2019-10-01,2019,10,8571.6,8272.0,-299.6,96.5,9,9,11.5,39.7,2,13,13,0.0,0,195,5,237.6,8.0,39.77,14335.9,42.6,27.7,0.27,2.7,1.3,4.9,1.4,396,6686.2,6884.2,8571.6,0,299.6,3.5,0,5.1,101.8,0,8263.4,115.52,0.0,Active,0,1,0,77.4,8
MOIL-02,Gumgaon,Maharashtra,Nagpur,2019-11-01,2019,11,9243.9,8842.6,-401.3,95.66,9,8,0.8,45.3,0,13,13,0.0,0,195,5,239.2,8.0,38.98,16866.3,12.1,24.4,0.19,2.2,1.4,3.1,0.6,383,8272.0,7933.6,9243.9,0,401.3,4.34,0,3.0,99.1,0,9073.7,116.81,163.5,Active,0,1,0,87.6,11
MOIL-02,Gumgaon,Maharashtra,Nagpur,2019-12-01,2019,12,9159.8,8733.1,-426.7,95.34,9,9,25.1,44.3,3,15,15,0.0,0,195,5,240.0,8.0,38.97,19335.9,5.2,19.9,0.159,2.1,1.2,2.8,0.1,401,8842.6,8615.9,9159.8,0,426.7,4.66,0,4.36,93.8,0,7732.3,125.07,0.0,Active,0,1,0,79.2,11
MOIL-02,Gumgaon,Maharashtra,Nagpur,2020-01-01,2020,1,7841.9,7615.8,-226.1,97.12,9,8,0.8,48.7,0,12,12,0.0,0,195,5,239.2,8.0,39.99,15390.4,11.8,21.8,0.192,2.2,0.9,2.0,0.3,373,8733.1,8397.2,7841.9,0,226.1,2.88,0,5.85,103.3,0,7486.5,130.66,0.0,Active,0,1,0,80.6,10
MOIL-02,Gumgaon,Maharashtra,Nagpur,2020-02-01,2020,2,7987.1,7888.0,-99.1,98.76,9,8,4.8,44.6,1,11,11,0.0,0,195,5,239.2,8.0,36.84,17494.8,13.0,24.9,0.177,2.3,1.4,4.7,0.2,386,7615.8,8079.0,7987.1,0,99.1,1.24,0,3.31,100.4,0,8521.9,123.46,554.3,Active,0,1,0,86.8,9
MOIL-02,Gumgaon,Maharashtra,Nagpur,2020-03-01,2020,3,7987.1,7780.8,-206.3,97.42,9,9,9.7,49.4,1,11,11,0.0,0,195,5,239.2,8.0,39.9,17392.3,12.7,29.3,0.192,2.2,1.4,3.4,0.2,373,7888.0,7761.5,7987.1,0,206.3,2.58,0,4.42,95.5,0,8044.1,129.67,244.3,Active,0,1,0,84.0,9
MOIL-02,Gumgaon,Maharashtra,Nagpur,2020-04-01,2020,4,7624.1,7424.9,-199.2,97.39,9,9,8.1,40.9,2,11,11,0.0,0,195,5,239.2,8.0,37.52,15734.1,7.6,33.5,0.156,2.1,1.2,3.0,0.3,398,7780.8,7697.9,7624.1,0,199.2,2.61,0,3.07,91.8,0,6842.7,124.73,0.0,Active,0,1,0,88.5,11
MOIL-02,Gumgaon,Maharashtra,Nagpur,2020-05-01,2020,5,7261.0,7094.1,-166.9,97.7,9,9,1.1,37.5,0,14,14,0.0,0,195,5,239.2,8.0,38.46,12302.9,16.1,37.8,0.21,2.1,0.7,2.4,0.4,395,7424.9,7433.3,7261.0,0,166.9,2.3,0,5.19,88.5,0,6685.0,124.73,0.0,Active,0,1,0,85.3,10
MOIL-02,Gumgaon,Maharashtra,Nagpur,2020-06-01,2020,6,6171.9,5883.6,-288.3,95.33,9,7,10.0,41.8,0,12,11,5.2,1,195,4,232.0,8.0,37.69,11143.0,150.3,32.1,0.516,4.5,1.5,7.8,4.5,376,7094.1,6800.9,6171.9,0,288.3,4.67,0,6.44,81.5,0,6408.7,124.97,357.4,Active,0,1,1,66.1,8
MOIL-02,Gumgaon,Maharashtra,Nagpur,2020-07-01,2020,7,5445.8,4534.8,-911.0,83.27,9,6,34.9,49.0,5,15,14,3.1,1,195,4,225.6,8.0,35.4,10658.8,267.2,28.1,0.55,4.2,2.0,6.9,4.8,389,5883.6,5837.5,5445.8,0,911.0,16.73,1,9.83,67.2,0,4272.1,124.27,0.0,Active,0,1,1,46.8,5
MOIL-02,Gumgaon,Maharashtra,Nagpur,2020-08-01,2020,8,5663.6,5164.6,-499.0,91.19,9,7,42.3,46.3,3,11,11,0.0,0,195,4,224.8,8.0,38.96,11175.1,284.5,25.7,0.55,7.0,2.5,6.9,10.6,394,4534.8,5194.3,5663.6,0,499.0,8.81,1,7.64,56.8,0,4892.7,118.75,0.0,Active,0,1,1,47.0,7
MOIL-02,Gumgaon,Maharashtra,Nagpur,2020-09-01,2020,9,6389.7,5634.4,-755.3,88.18,9,8,54.2,40.4,5,13,12,3.2,1,195,4,230.4,8.0,39.3,10238.0,181.9,27.3,0.55,5.4,3.1,8.2,2.5,385,5164.6,5111.3,6389.7,0,755.3,11.82,1,5.97,69.2,0,5441.0,123.2,0.0,Active,0,1,1,59.3,7
MOIL-02,Gumgaon,Maharashtra,Nagpur,2020-10-01,2020,10,7406.2,7193.9,-212.3,97.13,9,8,2.9,37.7,0,11,10,3.0,1,195,5,237.6,8.0,39.55,16155.8,43.9,26.2,0.248,2.3,1.1,5.2,1.3,374,5634.4,5997.6,7406.2,0,212.3,2.87,0,3.09,103.3,0,7336.8,122.48,171.4,Active,0,1,0,81.3,10
MOIL-02,Gumgaon,Maharashtra,Nagpur,2020-11-01,2020,11,7987.1,7775.4,-211.7,97.35,9,8,0.8,39.5,0,14,14,0.0,0,195,5,239.2,8.0,40.1,16043.4,11.3,23.0,0.196,2.2,1.3,2.7,0.5,379,7193.9,6867.9,7987.1,0,211.7,2.65,0,3.81,102.1,0,6943.9,124.69,0.0,Active,0,1,0,81.8,10
MOIL-02,Gumgaon,Maharashtra,Nagpur,2020-12-01,2020,12,7914.5,7819.9,-94.6,98.8,9,8,0.3,40.1,0,12,12,0.0,0,195,5,240.0,8.0,38.24,14978.9,4.4,21.1,0.179,2.1,1.4,2.8,0.1,389,7775.4,7596.4,7914.5,0,94.6,1.2,0,5.19,87.8,0,8136.0,120.07,295.8,Active,0,1,0,86.1,10
MOIL-02,Gumgaon,Maharashtra,Nagpur,2021-01-01,2021,1,8622.4,8409.9,-212.5,97.54,9,8,5.0,40.6,1,15,14,3.2,1,195,5,239.2,8.0,38.1,16774.9,10.5,22.2,0.18,2.1,0.9,4.0,0.3,399,7819.9,8001.7,8622.4,0,212.5,2.46,0,4.38,102.0,0,9346.1,135.99,708.7,Active,0,1,0,87.9,11
MOIL-02,Gumgaon,Maharashtra,Nagpur,2021-02-01,2021,2,8782.1,8442.1,-340.0,96.13,9,8,1.3,45.0,0,14,14,0.0,0,195,5,239.2,8.0,38.65,17382.6,19.4,24.3,0.186,2.2,0.9,2.7,0.7,392,8409.9,8224.0,8782.1,0,340.0,3.87,0,5.49,95.8,0,9345.7,136.13,882.6,Active,0,1,0,79.6,11
MOIL-02,Gumgaon,Maharashtra,Nagpur,2021-03-01,2021,3,8782.1,8286.6,-495.5,94.36,9,9,18.5,41.8,2,14,14,0.0,0,195,5,239.2,8.0,40.75,18732.2,15.2,28.9,0.194,2.1,0.7,1.9,0.4,373,8442.1,8379.5,8782.1,0,495.5,5.64,1,5.07,84.8,0,9150.4,139.08,615.2,Active,0,1,0,84.9,9
MOIL-02,Gumgaon,Maharashtra,Nagpur,2021-04-01,2021,4,8382.9,8337.6,-45.3,99.46,9,8,8.0,39.2,1,13,13,0.0,0,195,5,239.2,8.0,38.14,15607.4,8.1,34.6,0.152,2.1,1.3,1.8,0.1,394,8286.6,8355.4,8382.9,0,45.3,0.54,0,4.34,94.8,0,8232.7,137.1,0.0,Active,0,1,0,85.8,10
MOIL-02,Gumgaon,Maharashtra,Nagpur,2021-05-01,2021,5,7983.7,8078.7,95.0,101.19,9,9,1.1,43.4,0,13,13,0.0,0,195,5,239.2,8.0,38.38,16675.5,16.3,38.2,0.187,2.1,1.2,4.5,0.5,386,8337.6,8234.3,7983.7,1,0.0,0.0,0,3.81,111.1,0,8281.7,139.86,139.4,Active,0,1,0,82.5,10
MOIL-02,Gumgaon,Maharashtra,Nagpur,2021-06-01,2021,6,6786.2,6523.3,-262.9,96.13,9,7,10.8,49.7,0,13,13,0.0,0,195,4,231.2,8.0,39.33,12480.0,161.4,32.1,0.545,3.2,1.6,6.3,3.0,401,8078.7,7646.5,6786.2,0,262.9,3.87,0,5.75,72.0,0,6815.9,133.65,214.5,Active,0,1,1,61.5,9
MOIL-02,Gumgaon,Maharashtra,Nagpur,2021-07-01,2021,7,5987.8,5559.9,-427.9,92.85,9,7,23.2,47.6,1,11,11,0.0,0,195,4,226.4,8.0,38.7,10971.0,257.5,27.0,0.55,4.0,2.5,8.8,10.8,377,6523.3,6720.6,5987.8,0,427.9,7.15,1,9.95,58.7,0,5103.7,141.01,0.0,Active,0,1,1,50.7,8
MOIL-02,Gumgaon,Maharashtra,Nagpur,2021-08-01,2021,8,6227.3,5227.1,-1000.2,83.94,9,7,40.4,42.4,3,14,14,0.0,0,195,4,228.8,8.0,39.59,11172.7,216.1,28.0,0.55,4.7,2.7,5.9,8.1,398,5559.9,5770.1,6227.3,0,1000.2,16.06,1,7.83,77.8,0,5731.7,135.61,559.7,Active,0,1,1,56.6,6
MOIL-02,Gumgaon,Maharashtra,Nagpur,2021-09-01,2021,9,7025.7,6409.7,-616.0,91.23,9,8,18.8,46.0,1,12,10,5.7,2,195,4,232.0,8.0,38.28,12458.3,151.7,27.1,0.529,3.4,1.7,6.6,2.2,395,5227.1,5732.2,7025.7,0,616.0,8.77,1,8.02,75.3,0,5900.6,139.0,0.0,Active,0,1,1,63.2,7
MOIL-02,Gumgaon,Maharashtra,Nagpur,2021-10-01,2021,10,8143.4,7639.4,-504.0,93.81,9,9,2.6,42.8,0,12,11,4.8,1,195,5,237.6,8.0,39.43,15047.3,38.5,26.3,0.247,2.5,1.7,4.6,1.3,399,6409.7,6425.4,8143.4,0,504.0,6.19,1,4.63,91.9,0,7543.0,137.54,0.0,Active,0,1,0,79.1,8
MOIL-02,Gumgaon,Maharashtra,Nagpur,2021-11-01,2021,11,8782.1,8499.0,-283.1,96.78,9,9,0.9,43.4,0,14,14,0.0,0,195,5,239.2,8.0,38.22,14797.5,12.8,23.7,0.207,2.1,1.2,1.9,0.3,399,7639.4,7516.0,8782.1,0,283.1,3.22,0,5.1,110.0,0,9389.8,134.92,628.7,Active,0,1,0,79.5,9
MOIL-02,Gumgaon,Maharashtra,Nagpur,2021-12-01,2021,12,8702.3,8899.0,196.7,102.26,9,8,4.6,42.1,1,13,13,0.0,0,195,5,240.0,8.0,40.07,14045.7,4.5,19.4,0.164,2.0,0.8,3.8,0.1,378,8499.0,8345.8,8702.3,1,0.0,0.0,0,4.53,101.8,0,8373.4,134.52,0.0,Active,0,1,0,88.3,11
MOIL-02,Gumgaon,Maharashtra,Nagpur,2022-01-01,2022,1,9634.6,9483.2,-151.4,98.43,9,9,15.6,42.0,2,15,15,0.0,0,195,5,239.2,8.0,38.05,15573.1,10.2,22.4,0.178,2.1,0.6,3.3,0.4,392,8899.0,8960.4,9634.6,0,151.4,1.57,0,3.15,104.3,0,9425.9,143.06,0.0,Active,0,1,0,83.9,11
MOIL-02,Gumgaon,Maharashtra,Nagpur,2022-02-01,2022,2,9813.0,9647.3,-165.7,98.31,9,9,1.4,46.4,0,15,15,0.0,0,195,5,239.2,8.0,37.11,19312.5,21.1,24.7,0.182,2.3,0.9,3.1,0.8,401,9483.2,9343.2,9813.0,0,165.7,1.69,0,4.33,93.5,0,9997.2,140.98,193.4,Active,0,1,0,86.7,10
MOIL-02,Gumgaon,Maharashtra,Nagpur,2022-03-01,2022,3,9813.0,9557.7,-255.3,97.4,9,8,0.8,46.6,0,14,14,0.0,0,195,5,239.2,8.0,39.32,18017.3,11.4,29.2,0.181,2.1,1.2,1.4,0.3,402,9647.3,9562.7,9813.0,0,255.3,2.6,0,4.03,102.7,0,9335.4,139.2,0.0,Active,0,1,0,87.7,11
MOIL-02,Gumgaon,Maharashtra,Nagpur,2022-04-01,2022,4,9367.0,8761.7,-605.3,93.54,9,8,8.0,38.5,1,12,12,0.0,0,195,5,239.2,8.0,38.48,19845.9,8.4,34.4,0.161,2.2,1.2,3.9,0.3,390,9557.7,9322.2,9367.0,0,605.3,6.46,1,4.25,96.5,0,8545.6,140.13,0.0,Active,0,1,0,82.9,10
MOIL-02,Gumgaon,Maharashtra,Nagpur,2022-05-01,2022,5,8920.9,8599.0,-321.9,96.39,9,8,5.0,46.5,1,13,13,0.0,0,195,5,239.2,8.0,38.97,14558.2,16.3,38.8,0.2,2.3,1.5,4.4,0.3,385,8761.7,8972.8,8920.9,0,321.9,3.61,0,4.29,103.7,0,9005.7,137.82,259.7,Active,0,1,0,83.6,9
MOIL-02,Gumgaon,Maharashtra,Nagpur,2022-06-01,2022,6,7582.8,6971.1,-611.7,91.93,9,7,31.5,38.7,3,12,12,0.0,0,195,4,231.2,8.0,40.77,12849.4,168.8,31.3,0.55,2.7,1.2,6.1,6.3,388,8599.0,8110.6,7582.8,0,611.7,8.07,1,7.8,72.5,0,7610.4,143.7,378.4,Active,0,1,1,68.6,7
MOIL-02,Gumgaon,Maharashtra,Nagpur,2022-07-01,2022,7,6690.7,5898.0,-792.7,88.15,9,7,30.5,40.8,3,13,10,8.9,3,195,3,224.0,8.0,38.44,11880.8,340.9,27.8,0.55,4.2,1.9,8.8,11.8,398,6971.1,7156.0,6690.7,0,792.7,11.85,1,9.27,58.2,0,6127.3,141.96,186.4,Active,0,1,1,47.4,5
MOIL-02,Gumgaon,Maharashtra,Nagpur,2022-08-01,2022,8,6958.3,6153.0,-805.3,88.43,9,6,43.7,44.3,3,15,12,14.0,3,195,4,226.4,8.0,40.46,14112.1,251.2,27.2,0.55,6.2,3.2,8.8,4.0,374,5898.0,6340.7,6958.3,0,805.3,11.57,1,7.75,72.2,0,5715.6,139.14,0.0,Active,0,1,1,50.1,6
MOIL-02,Gumgaon,Maharashtra,Nagpur,2022-09-01,2022,9,7850.4,6888.6,-961.8,87.75,9,8,38.7,45.1,6,11,10,5.7,1,195,4,230.4,8.0,37.32,17085.5,182.4,26.0,0.55,2.9,0.9,8.3,8.3,384,6153.0,6313.2,7850.4,0,961.8,12.25,1,8.49,61.4,0,7615.6,140.39,673.2,Active,0,1,1,57.1,8
MOIL-02,Gumgaon,Maharashtra,Nagpur,2022-10-01,2022,10,9099.4,8673.0,-426.4,95.31,9,9,16.6,44.9,4,11,11,0.0,0,195,5,237.6,8.0,40.47,18161.6,42.9,27.2,0.261,2.7,1.6,3.5,1.2,378,6888.6,7238.2,9099.4,0,426.4,4.69,0,4.47,96.5,0,8160.9,144.6,0.0,Active,0,1,0,78.4,9
MOIL-02,Gumgaon,Maharashtra,Nagpur,2022-11-01,2022,11,9813.0,9801.5,-11.5,99.88,9,8,1.0,38.3,0,12,12,0.0,0,195,5,239.2,8.0,38.03,19577.9,15.5,23.5,0.186,2.3,1.4,4.5,0.4,390,8673.0,8454.4,9813.0,0,11.5,0.12,0,3.94,84.2,0,10142.0,139.21,187.0,Active,0,1,0,81.0,9
MOIL-02,Gumgaon,Maharashtra,Nagpur,2022-12-01,2022,12,9723.8,9408.3,-315.5,96.76,9,8,6.5,42.4,1,11,11,0.0,0,195,5,240.0,8.0,37.36,19011.7,4.7,20.3,0.155,2.0,1.3,2.2,0.2,392,9801.5,9294.3,9723.8,0,315.5,3.24,0,3.69,87.8,0,8761.1,136.92,0.0,Active,0,1,0,84.0,10
MOIL-02,Gumgaon,Maharashtra,Nagpur,2023-01-01,2023,1,10125.5,9891.4,-234.1,97.69,9,8,9.7,39.4,1,11,11,0.0,0,195,5,239.2,8.0,39.77,17073.0,11.4,21.5,0.175,2.1,0.9,2.3,0.3,381,9408.3,9700.4,10125.5,0,234.1,2.31,0,3.88,88.8,0,10932.7,147.33,529.4,Active,0,1,0,88.2,9
MOIL-02,Gumgaon,Maharashtra,Nagpur,2023-02-01,2023,2,10313.0,9928.8,-384.2,96.27,9,9,1.1,46.2,0,14,14,0.0,0,195,5,239.2,8.0,36.6,19717.9,16.5,24.1,0.197,2.1,1.2,3.6,0.3,385,9891.4,9742.8,10313.0,0,384.2,3.73,0,4.01,92.4,0,10382.5,147.41,338.1,Active,0,1,0,82.9,9
MOIL-02,Gumgaon,Maharashtra,Nagpur,2023-03-01,2023,3,10313.0,10229.5,-83.5,99.19,9,8,7.9,49.0,1,13,13,0.0,0,195,5,239.2,8.0,39.76,19533.7,11.9,28.9,0.181,2.1,1.1,4.9,0.5,379,9928.8,10016.6,10313.0,0,83.5,0.81,0,3.96,107.6,0,10146.6,144.44,0.0,Active,0,1,0,87.5,9
MOIL-02,Gumgaon,Maharashtra,Nagpur,2023-04-01,2023,4,9844.2,9503.1,-341.1,96.53,9,9,16.6,42.9,2,14,14,0.0,0,195,5,240.0,8.0,39.18,21445.4,7.2,34.1,0.184,2.0,1.0,1.3,0.3,378,10229.5,9887.1,9844.2,0,341.1,3.46,0,3.57,97.2,0,8966.2,146.15,0.0,Active,0,1,0,81.8,11
MOIL-02,Gumgaon,Maharashtra,Nagpur,2023-05-01,2023,5,9375.5,8835.0,-540.5,94.24,9,8,8.4,42.1,1,11,11,0.0,0,195,5,239.2,8.0,35.02,18583.5,15.9,37.3,0.194,2.1,0.9,1.6,0.3,380,9503.1,9522.5,9375.5,0,540.5,5.77,1,3.21,87.6,0,9209.2,145.71,232.4,Active,0,1,0,82.1,11
MOIL-02,Gumgaon,Maharashtra,Nagpur,2023-06-01,2023,6,7969.1,7387.9,-581.2,92.71,9,8,16.1,38.3,1,13,12,4.8,1,195,4,230.4,8.0,38.62,14504.3,175.4,32.8,0.55,5.0,1.7,5.9,4.4,382,8835.0,8575.3,7969.1,0,581.2,7.29,1,6.28,83.2,0,7350.0,142.35,0.0,Active,0,1,1,58.9,8
MOIL-02,Gumgaon,Maharashtra,Nagpur,2023-07-01,2023,7,7031.6,6519.1,-512.5,92.71,9,7,20.0,44.5,0,14,12,4.1,2,195,3,224.0,8.0,38.43,12269.2,309.5,28.1,0.55,3.3,1.5,8.8,13.1,391,7387.9,7580.7,7031.6,0,512.5,7.29,1,8.25,60.6,0,6599.0,141.89,59.7,Active,0,1,1,45.0,7
MOIL-02,Gumgaon,Maharashtra,Nagpur,2023-08-01,2023,8,7312.9,6219.4,-1093.5,85.05,9,7,36.2,39.1,4,11,10,2.4,1,195,4,225.6,8.0,37.89,12981.4,274.5,25.6,0.55,5.8,3.5,7.1,12.7,388,6519.1,6708.8,7312.9,0,1093.5,14.95,1,8.83,45.7,0,6609.6,144.58,318.9,Active,0,1,1,48.0,5
MOIL-02,Gumgaon,Maharashtra,Nagpur,2023-09-01,2023,9,8250.4,7811.2,-439.2,94.68,9,7,24.8,47.2,3,12,11,2.5,1,195,4,231.2,8.0,38.79,15877.8,158.6,28.6,0.532,2.7,1.9,5.0,6.4,374,6219.4,6849.9,8250.4,0,439.2,5.32,1,6.42,68.6,0,8484.7,142.05,636.6,Active,0,1,1,59.2,9
MOIL-02,Gumgaon,Maharashtra,Nagpur,2023-10-01,2023,10,9563.0,9263.5,-299.5,96.87,9,8,10.6,43.9,1,13,13,0.0,0,195,5,236.8,8.0,39.63,17423.2,56.2,27.8,0.283,2.6,1.7,3.6,2.0,396,7811.2,7764.7,9563.0,0,299.5,3.13,0,5.05,99.9,0,10427.3,141.43,881.9,Active,0,1,0,84.0,10
MOIL-02,Gumgaon,Maharashtra,Nagpur,2023-11-01,2023,11,10313.0,10161.2,-151.8,98.53,9,9,7.1,48.2,2,12,11,5.7,1,195,5,239.2,8.0,38.6,18265.8,11.7,22.8,0.179,2.2,0.7,1.7,0.5,388,9263.5,9078.6,10313.0,0,151.8,1.47,0,4.82,94.2,0,10893.9,146.82,717.0,Active,0,1,0,84.2,11
MOIL-02,Gumgaon,Maharashtra,Nagpur,2023-12-01,2023,12,10219.2,10223.6,4.4,100.04,9,9,7.4,49.4,1,11,11,0.0,0,195,5,240.0,8.0,38.1,17676.9,4.9,20.8,0.151,2.1,1.3,5.0,0.1,399,10161.2,9882.8,10219.2,1,0.0,0.0,0,4.17,90.9,0,10313.7,147.43,58.0,Active,0,1,0,90.5,11
MOIL-02,Gumgaon,Maharashtra,Nagpur,2024-01-01,2024,1,10771.6,10529.3,-242.3,97.75,9,9,0.9,39.0,0,13,13,0.0,0,195,5,239.2,8.0,37.53,19976.4,13.7,22.3,0.187,2.1,0.9,2.5,0.6,398,10223.6,10304.7,10771.6,0,242.3,2.25,0,4.11,106.2,0,10732.6,147.01,242.5,Active,0,1,0,84.4,11
MOIL-02,Gumgaon,Maharashtra,Nagpur,2024-02-01,2024,2,10971.1,11070.7,99.6,100.91,9,8,14.1,44.1,2,11,11,0.0,0,195,5,239.2,8.0,38.17,20491.0,18.1,24.5,0.182,2.1,0.9,5.3,0.7,383,10529.3,10607.9,10971.1,1,0.0,0.0,0,2.46,87.1,0,12303.2,150.13,795.8,Active,0,1,0,85.8,10
MOIL-02,Gumgaon,Maharashtra,Nagpur,2024-03-01,2024,3,10971.1,10972.8,1.7,100.02,9,8,0.8,39.9,0,14,14,0.0,0,195,5,239.2,8.0,39.14,21272.2,12.1,29.9,0.176,2.2,1.1,3.0,0.4,391,11070.7,10857.6,10971.1,1,0.0,0.0,0,3.07,100.9,0,10224.2,145.98,0.0,Active,0,1,0,81.8,9
MOIL-02,Gumgaon,Maharashtra,Nagpur,2024-04-01,2024,4,10472.4,10174.9,-297.5,97.16,9,9,15.0,38.0,2,15,15,0.0,0,195,5,239.2,8.0,40.43,22777.1,9.6,34.8,0.185,2.1,0.7,5.0,0.2,388,10972.8,10739.5,10472.4,0,297.5,2.84,0,4.25,104.2,0,11625.5,150.57,934.7,Active,0,1,0,86.6,10
MOIL-02,Gumgaon,Maharashtra,Nagpur,2024-05-01,2024,5,9973.7,9770.9,-202.8,97.97,9,9,6.5,38.1,1,15,15,0.0,0,195,5,239.2,8.0,37.92,18100.4,15.8,38.3,0.209,2.3,1.0,2.6,0.5,376,10174.9,10306.2,9973.7,0,202.8,2.03,0,4.14,103.3,0,10436.7,145.22,705.7,Active,0,1,0,86.6,9
MOIL-02,Gumgaon,Maharashtra,Nagpur,2024-06-01,2024,6,8477.6,7573.4,-904.2,89.33,9,7,19.6,44.2,1,11,10,3.1,1,195,4,231.2,8.0,38.78,18623.5,172.2,32.0,0.55,4.7,1.6,6.9,5.9,390,9770.9,9173.1,8477.6,0,904.2,10.67,1,7.0,76.8,0,7702.5,151.7,95.7,Active,0,1,1,57.8,7
MOIL-02,Gumgaon,Maharashtra,Nagpur,2024-07-01,2024,7,7480.3,7057.7,-422.6,94.35,9,7,21.4,45.8,1,12,12,0.0,0,195,4,228.8,8.0,36.7,15771.5,216.1,27.2,0.55,4.2,2.6,9.0,6.9,378,7573.4,8134.0,7480.3,0,422.6,5.65,1,8.05,70.6,0,7299.8,154.12,259.0,Active,0,1,1,58.9,8
MOIL-02,Gumgaon,Maharashtra,Nagpur,2024-08-01,2024,8,7779.5,6710.4,-1069.1,86.26,9,6,52.9,42.2,5,14,13,2.7,1,195,4,226.4,8.0,37.32,15442.9,258.7,26.9,0.55,3.6,1.1,6.6,10.3,383,7057.7,7113.8,7779.5,0,1069.1,13.74,1,8.08,59.8,0,6581.1,153.66,0.0,Active,0,1,1,52.7,8
MOIL-02,Gumgaon,Maharashtra,Nagpur,2024-09-01,2024,9,8776.9,8456.3,-320.6,96.35,9,7,19.4,46.7,2,11,10,2.4,1,195,4,232.8,8.0,38.5,16274.1,141.1,27.4,0.494,4.3,2.5,4.1,2.4,375,6710.4,7408.1,8776.9,0,320.6,3.65,0,7.68,75.4,0,9045.9,147.87,667.0,Active,0,1,1,67.6,9
MOIL-02,Gumgaon,Maharashtra,Nagpur,2024-10-01,2024,10,10173.2,9470.8,-702.4,93.1,9,9,25.8,39.8,3,14,14,0.0,0,195,5,237.6,8.0,38.81,21629.2,46.8,26.9,0.277,2.5,1.7,5.5,0.8,400,8456.3,8212.5,10173.2,0,702.4,6.9,1,5.84,102.9,0,10829.7,151.08,1513.1,Active,0,1,0,81.3,9
MOIL-02,Gumgaon,Maharashtra,Nagpur,2024-11-01,2024,11,10971.1,10655.5,-315.6,97.12,9,8,9.1,38.4,1,14,14,0.0,0,195,5,239.2,8.0,38.65,21249.9,16.0,23.4,0.193,2.1,1.3,2.1,0.7,401,9470.8,9527.5,10971.1,0,315.6,2.88,0,4.5,105.9,0,11416.9,150.06,415.6,Active,0,1,0,82.9,9
MOIL-02,Gumgaon,Maharashtra,Nagpur,2024-12-01,2024,12,10871.3,10066.6,-804.7,92.6,9,9,10.9,46.2,2,11,11,0.0,0,195,5,240.0,8.0,39.13,22680.3,4.3,20.7,0.152,2.1,0.8,2.0,0.1,392,10655.5,10064.3,10871.3,0,804.7,7.4,1,2.26,108.9,0,11298.6,149.28,631.5,Active,0,1,0,87.3,11
MOIL-02,Gumgaon,Maharashtra,Nagpur,2025-01-01,2025,1,11270.1,11170.8,-99.3,99.12,9,8,9.5,37.8,1,11,11,0.0,0,195,5,239.2,8.0,39.55,22566.4,10.8,21.2,0.171,2.1,0.7,2.8,0.3,386,10066.6,10631.0,11270.1,0,99.3,0.88,0,2.74,103.6,0,10517.4,150.1,0.0,Active,0,1,0,86.1,11
MOIL-02,Gumgaon,Maharashtra,Nagpur,2025-02-01,2025,2,11478.8,11033.2,-445.6,96.12,9,8,8.7,40.2,2,15,15,0.0,0,195,5,239.2,8.0,38.15,22113.7,19.8,24.1,0.194,2.4,1.3,2.3,0.9,387,11170.8,10756.9,11478.8,0,445.6,3.88,0,4.85,102.5,0,12389.7,154.8,1538.4,Active,0,1,0,76.9,11
MOIL-02,Gumgaon,Maharashtra,Nagpur,2025-03-01,2025,3,11478.8,11454.7,-24.1,99.79,9,9,4.6,45.7,1,11,11,0.0,0,195,5,239.2,8.0,37.68,24822.8,14.9,30.1,0.202,2.1,1.2,1.7,0.6,373,11033.2,11219.6,11478.8,0,24.1,0.21,0,4.13,93.8,0,11185.5,151.18,0.0,Active,0,1,0,85.3,11
MOIL-02,Gumgaon,Maharashtra,Nagpur,2025-04-01,2025,4,10957.0,10665.3,-291.7,97.34,9,9,11.5,46.4,2,11,11,0.0,0,195,5,240.0,8.0,38.41,17919.2,7.3,34.2,0.176,2.1,0.6,4.1,0.3,377,11454.7,11051.1,10957.0,0,291.7,2.66,0,4.03,110.6,0,10053.7,155.92,0.0,Active,0,1,0,83.7,11
MOIL-02,Gumgaon,Maharashtra,Nagpur,2025-05-01,2025,5,10435.3,10302.8,-132.5,98.73,9,9,5.5,38.7,1,11,11,0.0,0,195,5,239.2,8.0,37.36,19879.5,13.8,37.5,0.189,2.1,0.9,3.8,0.2,385,10665.3,10807.6,10435.3,0,132.5,1.27,0,5.16,104.6,0,10840.2,153.98,360.2,Active,0,1,0,81.7,11
MOIL-02,Gumgaon,Maharashtra,Nagpur,2025-06-01,2025,6,8870.0,8123.6,-746.4,91.59,9,7,28.7,39.9,3,11,11,0.0,0,195,4,231.2,8.0,39.41,14459.9,161.9,32.3,0.55,3.6,1.5,4.5,6.1,381,10302.8,9697.2,8870.0,0,746.4,8.41,1,6.69,72.5,0,7858.1,149.56,0.0,Active,0,1,1,62.6,9
MOIL-02,Gumgaon,Maharashtra,Nagpur,2025-07-01,2025,7,7826.4,6732.3,-1094.1,86.02,9,7,56.7,41.9,6,13,13,0.0,0,195,4,224.8,8.0,38.52,13116.5,285.0,27.4,0.55,6.5,2.8,7.3,7.2,394,8123.6,8386.2,7826.4,0,1094.1,13.98,1,10.11,55.1,0,6871.8,154.09,92.2,Active,0,1,1,48.4,5
MOIL-02,Gumgaon,Maharashtra,Nagpur,2025-08-01,2025,8,8139.5,7202.7,-936.8,88.49,9,7,21.6,44.0,1,14,14,0.0,0,195,4,226.4,8.0,37.8,17133.7,260.1,26.4,0.55,4.2,1.7,9.1,5.0,395,6732.3,7352.9,8139.5,0,936.8,11.51,1,8.3,67.9,0,7799.1,152.63,391.2,Active,0,1,1,49.6,8
MOIL-02,Gumgaon,Maharashtra,Nagpur,2025-09-01,2025,9,9183.0,8382.5,-800.5,91.28,9,8,21.2,43.4,2,12,10,5.8,2,195,4,231.2,8.0,37.42,18960.4,169.1,27.3,0.55,5.3,3.6,5.7,4.6,389,7202.7,7439.2,9183.0,0,800.5,8.72,1,6.5,57.6,0,9641.4,154.55,718.1,Active,0,1,1,65.5,8
MOIL-02,Gumgaon,Maharashtra,Nagpur,2025-10-01,2025,10,10644.0,10402.4,-241.6,97.73,9,9,3.8,48.7,0,14,14,0.0,0,195,5,236.8,8.0,39.93,20623.0,56.4,27.3,0.285,2.7,1.0,2.6,1.7,392,8382.5,8662.5,10644.0,0,241.6,2.27,0,6.69,85.8,0,10530.2,162.52,151.9,Active,0,1,0,74.3,10
MOIL-02,Gumgaon,Maharashtra,Nagpur,2025-11-01,2025,11,11478.8,11117.8,-361.0,96.86,9,8,4.7,40.3,1,11,11,0.0,0,195,5,239.2,8.0,37.13,22737.3,11.5,24.6,0.18,2.2,1.5,3.0,0.3,400,10402.4,9967.6,11478.8,0,361.0,3.14,0,4.44,102.0,0,11722.7,154.33,643.0,Active,0,1,0,82.3,10
MOIL-02,Gumgaon,Maharashtra,Nagpur,2025-12-01,2025,12,11374.4,11089.8,-284.6,97.5,9,9,16.8,43.8,3,12,12,0.0,0,195,5,240.0,8.0,38.13,23750.2,4.2,22.4,0.153,2.0,0.7,2.2,0.1,394,11117.8,10870.0,11374.4,0,284.6,2.5,0,3.64,91.6,0,12376.9,159.79,1287.0,Active,0,1,0,84.8,10
MOIL-03,Kandri,Maharashtra,Nagpur,2015-01-01,2015,1,9610.2,9330.2,-280.0,97.09,10,9,10.0,46.2,1,16,16,0.0,0,245,5,239.2,8.0,41.38,18966.4,14.8,21.3,0.175,2.3,1.0,4.5,0.3,450,9330.2,9330.2,9610.2,0,280.0,2.91,0,3.65,89.8,0,9384.2,102.12,40.2,Active,0,1,0,86.8,11
MOIL-03,Kandri,Maharashtra,Nagpur,2015-02-01,2015,2,9788.1,9290.8,-497.3,94.92,10,9,9.3,50.7,1,13,13,0.0,0,245,5,239.2,8.0,39.18,15879.5,17.4,23.8,0.18,2.3,1.2,1.8,0.8,449,9330.2,9310.5,9788.1,0,497.3,5.08,1,5.02,96.0,0,9155.7,97.96,0.0,Active,0,1,0,79.7,10
MOIL-03,Kandri,Maharashtra,Nagpur,2015-03-01,2015,3,9788.1,9250.1,-538.0,94.5,10,9,17.0,49.7,2,12,12,0.0,0,245,5,239.2,8.0,42.06,17728.5,16.8,29.3,0.2,2.3,1.6,3.0,0.5,446,9290.8,9290.4,9788.1,0,538.0,5.5,1,4.34,94.3,0,9507.0,102.18,145.6,Active,0,1,0,83.8,11
MOIL-03,Kandri,Maharashtra,Nagpur,2015-04-01,2015,4,9343.2,9098.2,-245.0,97.38,10,9,0.6,40.2,0,15,15,0.0,0,245,5,239.2,8.0,38.56,16203.8,9.6,34.5,0.184,2.2,0.7,4.1,0.4,451,9250.1,9213.0,9343.2,0,245.0,2.62,0,5.3,101.6,0,9394.8,105.17,242.1,Active,0,1,0,82.0,11
MOIL-03,Kandri,Maharashtra,Nagpur,2015-05-01,2015,5,8898.3,8763.2,-135.1,98.48,10,10,1.0,46.5,0,12,11,2.7,1,245,5,239.2,8.0,38.88,16679.7,14.5,37.2,0.193,2.2,1.5,4.4,0.5,450,9098.2,9037.2,8898.3,0,135.1,1.52,0,4.66,111.9,0,8495.2,99.42,0.0,Active,0,1,0,83.8,11
MOIL-03,Kandri,Maharashtra,Nagpur,2015-06-01,2015,6,7563.6,7014.5,-549.1,92.74,10,9,21.9,49.4,3,16,15,3.8,1,245,4,230.4,8.0,40.5,13564.7,176.0,31.4,0.55,5.0,1.5,5.4,8.1,429,8763.2,8292.0,7563.6,0,549.1,7.26,1,6.25,79.6,0,6880.3,96.65,0.0,Active,0,1,1,61.0,7
MOIL-03,Kandri,Maharashtra,Nagpur,2015-07-01,2015,7,6673.7,5510.8,-1162.9,82.57,10,8,33.1,44.3,3,15,12,11.1,3,245,4,224.0,8.0,39.94,13104.1,296.4,28.1,0.55,6.3,1.9,9.1,10.5,439,7014.5,7096.2,6673.7,0,1162.9,17.43,1,8.68,61.9,0,4709.3,101.06,0.0,Active,0,1,1,46.3,5
MOIL-03,Kandri,Maharashtra,Nagpur,2015-08-01,2015,8,6940.7,6382.9,-557.8,91.96,10,7,21.3,49.7,1,14,14,0.0,0,245,4,227.2,8.0,37.83,11352.8,235.4,27.4,0.55,6.6,2.9,8.6,4.1,447,5510.8,6302.7,6940.7,0,557.8,8.04,1,8.67,74.4,0,5545.1,102.96,0.0,Active,0,1,1,54.3,8
MOIL-03,Kandri,Maharashtra,Nagpur,2015-09-01,2015,9,7830.5,7277.4,-553.1,92.94,10,8,24.5,50.4,2,12,11,4.6,1,245,4,231.2,8.0,39.83,15082.1,169.7,28.8,0.55,4.6,2.8,6.9,2.3,444,6382.9,6390.4,7830.5,0,553.1,7.06,1,6.9,83.5,0,6430.9,102.01,0.0,Active,0,1,1,67.1,8
MOIL-03,Kandri,Maharashtra,Nagpur,2015-10-01,2015,10,9076.3,8324.0,-752.3,91.71,10,10,13.2,51.8,3,13,12,2.7,1,245,5,237.6,8.0,36.82,19262.3,48.7,26.7,0.281,2.3,1.4,4.9,2.2,429,7277.4,7328.1,9076.3,0,752.3,8.29,1,4.21,111.9,0,7916.7,96.49,0.0,Active,0,1,0,80.7,10
MOIL-03,Kandri,Maharashtra,Nagpur,2015-11-01,2015,11,9788.1,9574.6,-213.5,97.82,10,9,1.1,47.3,0,16,16,0.0,0,245,5,239.2,8.0,35.71,20787.9,15.8,22.8,0.201,2.1,0.9,4.9,0.6,451,8324.0,8392.0,9788.1,0,213.5,2.18,0,4.32,98.6,0,9475.2,105.31,0.0,Active,0,1,0,77.0,11
MOIL-03,Kandri,Maharashtra,Nagpur,2015-12-01,2015,12,9699.2,9492.4,-206.8,97.87,10,10,3.4,50.2,1,15,15,0.0,0,245,5,240.0,8.0,38.95,18773.0,5.7,20.9,0.175,2.1,1.3,1.1,0.1,446,9574.6,9130.3,9699.2,0,206.8,2.13,0,4.24,108.0,0,8602.1,103.42,0.0,Active,0,1,0,88.2,10
MOIL-03,Kandri,Maharashtra,Nagpur,2016-01-01,2016,1,9924.3,9719.9,-204.4,97.94,10,9,8.2,44.8,1,15,15,0.0,0,245,5,239.2,8.0,38.68,21286.4,9.1,21.3,0.184,2.1,1.0,3.8,0.2,430,9492.4,9595.6,9924.3,0,204.4,2.06,0,4.33,90.7,0,10041.8,102.96,220.9,Active,0,1,0,85.2,9
MOIL-03,Kandri,Maharashtra,Nagpur,2016-02-01,2016,2,10108.1,9992.1,-116.0,98.85,10,10,1.2,45.0,0,16,16,0.0,0,245,5,239.2,8.0,38.26,17154.9,17.4,24.9,0.185,2.1,0.9,3.6,0.6,430,9719.9,9734.8,10108.1,0,116.0,1.15,0,3.88,101.6,0,8593.4,106.43,0.0,Active,0,1,0,86.7,9
MOIL-03,Kandri,Maharashtra,Nagpur,2016-03-01,2016,3,10108.1,10250.5,142.4,101.41,10,10,0.9,49.7,0,14,14,0.0,0,245,5,239.2,8.0,38.96,16801.8,13.8,29.1,0.182,2.1,1.3,1.9,0.4,434,9992.1,9987.5,10108.1,1,0.0,0.0,0,4.3,89.9,0,10392.2,101.73,91.0,Active,0,1,0,83.2,11
MOIL-03,Kandri,Maharashtra,Nagpur,2016-04-01,2016,4,9648.6,9306.0,-342.6,96.45,10,10,6.1,46.9,1,13,13,0.0,0,245,5,239.2,8.0,37.65,19561.2,7.6,34.8,0.157,2.1,1.0,3.5,0.2,448,10250.5,9849.5,9648.6,0,342.6,3.55,0,4.15,95.2,0,8049.5,103.54,0.0,Active,0,1,0,83.0,10
MOIL-03,Kandri,Maharashtra,Nagpur,2016-05-01,2016,5,9189.2,8653.2,-536.0,94.17,10,9,10.2,50.3,1,15,15,0.0,0,245,5,239.2,8.0,39.53,19874.9,19.0,37.8,0.198,2.3,0.8,4.6,0.8,427,9306.0,9403.2,9189.2,0,536.0,5.83,1,4.05,87.4,0,8200.9,108.05,0.0,Active,0,1,0,82.0,11
MOIL-03,Kandri,Maharashtra,Nagpur,2016-06-01,2016,6,7810.8,7193.0,-617.8,92.09,10,8,23.1,45.7,2,12,12,0.0,0,245,4,230.4,8.0,37.54,16340.0,180.2,31.4,0.55,5.1,2.1,6.5,8.0,448,8653.2,8384.1,7810.8,0,617.8,7.91,1,7.64,80.5,0,7211.0,98.78,9.1,Active,0,1,1,62.6,8
MOIL-03,Kandri,Maharashtra,Nagpur,2016-07-01,2016,7,6891.9,5780.8,-1111.1,83.88,10,7,46.5,48.4,4,13,13,0.0,0,245,4,224.0,8.0,39.08,13712.0,293.7,27.1,0.55,5.1,1.9,7.5,8.7,451,7193.0,7209.0,6891.9,0,1111.1,16.12,1,9.46,70.3,0,5896.4,104.27,70.0,Active,0,1,1,46.8,5
MOIL-03,Kandri,Maharashtra,Nagpur,2016-08-01,2016,8,7167.5,6157.5,-1010.0,85.91,10,8,48.4,39.3,6,16,14,8.7,2,245,4,224.8,8.0,38.42,13638.0,286.1,26.2,0.55,4.4,1.9,8.7,6.8,428,5780.8,6377.1,7167.5,0,1010.0,14.09,1,8.46,58.3,0,6105.2,102.52,0.0,Active,0,1,1,48.2,5
MOIL-03,Kandri,Maharashtra,Nagpur,2016-09-01,2016,9,8086.5,7458.5,-628.0,92.23,10,8,36.6,49.9,4,14,13,2.3,1,245,4,231.2,8.0,39.5,13868.2,159.2,27.1,0.55,4.1,2.4,6.0,3.3,440,6157.5,6465.6,8086.5,0,628.0,7.77,1,7.33,87.2,0,6700.5,103.0,0.0,Active,0,1,1,65.1,8
MOIL-03,Kandri,Maharashtra,Nagpur,2016-10-01,2016,10,9372.9,8936.3,-436.6,95.34,10,9,3.1,49.4,0,15,15,0.0,0,245,5,237.6,8.0,39.29,15721.6,46.1,28.3,0.275,2.7,1.8,4.2,1.8,435,7458.5,7517.4,9372.9,0,436.6,4.66,0,4.69,90.5,0,9246.1,102.86,322.8,Active,0,1,0,82.9,9
MOIL-03,Kandri,Maharashtra,Nagpur,2016-11-01,2016,11,10108.1,9701.6,-406.5,95.98,10,9,8.8,41.8,1,14,14,0.0,0,245,5,239.2,8.0,41.5,17147.1,13.7,22.6,0.185,2.1,1.4,5.1,0.3,438,8936.3,8698.8,10108.1,0,406.5,4.02,0,3.53,106.5,0,9231.8,104.93,0.0,Active,0,1,0,78.8,9
MOIL-03,Kandri,Maharashtra,Nagpur,2016-12-01,2016,12,10016.2,9872.2,-144.0,98.56,10,9,0.4,51.8,0,15,15,0.0,0,245,5,240.0,8.0,40.52,21614.2,5.4,20.0,0.143,2.1,1.1,2.0,0.2,444,9701.6,9503.4,10016.2,0,144.0,1.44,0,5.02,95.7,0,10011.8,102.15,78.0,Active,0,1,0,83.9,11
MOIL-03,Kandri,Maharashtra,Nagpur,2017-01-01,2017,1,10332.9,10390.8,57.9,100.56,10,9,0.6,43.7,0,16,16,0.0,0,245,5,239.2,8.0,38.59,18186.4,9.5,22.0,0.183,2.1,1.3,1.5,0.1,448,9872.2,9988.2,10332.9,1,0.0,0.0,0,2.53,107.7,0,9442.6,110.82,0.0,Active,0,1,0,84.2,11
MOIL-03,Kandri,Maharashtra,Nagpur,2017-02-01,2017,2,10524.2,10078.9,-445.3,95.77,10,9,0.9,47.3,0,15,15,0.0,0,245,5,239.2,8.0,40.01,21883.2,14.1,24.0,0.189,2.1,0.7,3.6,0.6,432,10390.8,10114.0,10524.2,0,445.3,4.23,0,3.14,103.0,0,9753.5,106.57,0.0,Active,0,1,0,77.0,11
MOIL-03,Kandri,Maharashtra,Nagpur,2017-03-01,2017,3,10524.2,10255.5,-268.7,97.45,10,9,1.0,48.9,0,12,12,0.0,0,245,5,239.2,8.0,39.67,17243.1,15.3,30.4,0.186,2.2,0.9,4.4,0.3,433,10078.9,10241.7,10524.2,0,268.7,2.55,0,3.97,98.1,0,9001.8,113.17,0.0,Active,0,1,0,86.9,10
MOIL-03,Kandri,Maharashtra,Nagpur,2017-04-01,2017,4,10045.8,9814.6,-231.2,97.7,10,10,4.5,48.1,1,13,13,0.0,0,245,5,239.2,8.0,38.16,22058.8,8.4,34.2,0.177,2.1,0.8,1.4,0.3,451,10255.5,10049.7,10045.8,0,231.2,2.3,0,3.06,100.5,0,9601.4,106.44,0.0,Active,0,1,0,86.0,10
MOIL-03,Kandri,Maharashtra,Nagpur,2017-05-01,2017,5,9567.5,9252.0,-315.5,96.7,10,10,1.3,51.2,0,15,15,0.0,0,245,5,239.2,8.0,39.13,16357.8,18.8,37.2,0.223,2.1,1.4,3.2,0.5,450,9814.6,9774.0,9567.5,0,315.5,3.3,0,4.57,98.6,0,8453.2,110.32,0.0,Active,0,1,0,84.2,11
MOIL-03,Kandri,Maharashtra,Nagpur,2017-06-01,2017,6,8132.3,7631.3,-501.0,93.84,10,8,18.7,39.9,1,16,16,0.0,0,245,4,229.6,8.0,39.52,17441.9,201.1,33.8,0.55,5.0,2.2,8.0,2.7,436,9252.0,8899.3,8132.3,0,501.0,6.16,1,8.29,78.4,0,7962.2,109.53,261.5,Active,0,1,1,55.2,7
MOIL-03,Kandri,Maharashtra,Nagpur,2017-07-01,2017,7,7175.6,6175.7,-999.9,86.07,10,7,35.3,40.2,2,13,11,7.2,2,245,4,225.6,8.0,41.12,11946.9,271.0,26.7,0.55,7.3,5.0,9.7,7.2,438,7631.3,7686.3,7175.6,0,999.9,13.93,1,7.94,76.0,0,6581.8,106.68,275.3,Active,0,1,1,49.7,7
MOIL-03,Kandri,Maharashtra,Nagpur,2017-08-01,2017,8,7462.6,6872.8,-589.8,92.1,10,8,34.8,43.0,3,14,13,2.9,1,245,4,227.2,8.0,37.61,15344.2,236.8,26.8,0.55,5.5,2.9,7.8,6.2,450,6175.7,6893.3,7462.6,0,589.8,7.9,1,8.02,79.7,0,6179.9,114.46,0.0,Active,0,1,1,52.6,7
MOIL-03,Kandri,Maharashtra,Nagpur,2017-09-01,2017,9,8419.4,7860.6,-558.8,93.36,10,9,13.9,49.7,1,13,13,0.0,0,245,4,232.0,8.0,41.29,17494.2,147.2,28.0,0.521,3.4,1.7,4.4,6.6,446,6872.8,6969.7,8419.4,0,558.8,6.64,1,6.49,64.5,0,6863.2,102.0,0.0,Active,0,1,1,64.1,9
MOIL-03,Kandri,Maharashtra,Nagpur,2017-10-01,2017,10,9758.8,9625.2,-133.6,98.63,10,10,6.5,46.1,1,16,16,0.0,0,245,5,237.6,8.0,37.92,21092.7,40.6,25.8,0.246,2.7,1.4,4.8,1.1,454,7860.6,8119.5,9758.8,0,133.6,1.37,0,4.09,99.4,0,9097.9,114.84,0.0,Active,0,1,0,81.9,10
MOIL-03,Kandri,Maharashtra,Nagpur,2017-11-01,2017,11,10524.2,10503.0,-21.2,99.8,10,10,4.4,49.6,1,12,12,0.0,0,245,5,239.2,8.0,38.11,17805.7,13.3,22.7,0.176,2.2,1.0,4.7,0.2,437,9625.2,9329.6,10524.2,0,21.2,0.2,0,2.59,108.1,0,10065.2,100.67,0.0,Active,0,1,0,79.8,11
MOIL-03,Kandri,Maharashtra,Nagpur,2017-12-01,2017,12,10428.5,10209.0,-219.5,97.89,10,10,0.4,51.3,0,15,15,0.0,0,245,5,240.0,8.0,37.91,20410.1,5.5,19.7,0.175,2.1,1.3,1.8,0.1,434,10503.0,10112.4,10428.5,0,219.5,2.1,0,3.61,100.8,0,9566.3,111.01,0.0,Active,0,1,0,81.4,10
MOIL-03,Kandri,Maharashtra,Nagpur,2018-01-01,2018,1,10929.6,10483.8,-445.8,95.92,10,9,13.1,40.9,2,15,15,0.0,0,245,5,239.2,8.0,40.49,19516.7,12.4,22.7,0.187,2.2,1.0,3.3,0.2,445,10209.0,10398.6,10929.6,0,445.8,4.08,0,3.69,95.0,0,10148.0,113.96,0.0,Active,0,1,0,78.7,9
MOIL-03,Kandri,Maharashtra,Nagpur,2018-02-01,2018,2,11132.0,10790.7,-341.3,96.93,10,10,5.0,44.6,1,12,12,0.0,0,245,5,239.2,8.0,36.45,18222.6,17.7,25.9,0.192,2.3,0.8,4.6,0.6,440,10483.8,10494.5,11132.0,0,341.3,3.07,0,3.88,98.9,0,10873.5,108.75,59.1,Active,0,1,0,83.8,11
MOIL-03,Kandri,Maharashtra,Nagpur,2018-03-01,2018,3,11132.0,10653.1,-478.9,95.7,10,10,9.4,46.4,1,15,15,0.0,0,245,5,239.2,8.0,40.79,20338.4,14.2,29.5,0.206,2.3,1.1,5.1,0.5,443,10790.7,10642.5,11132.0,0,478.9,4.3,0,4.27,95.3,0,9783.5,112.56,0.0,Active,0,1,0,80.5,11
MOIL-03,Kandri,Maharashtra,Nagpur,2018-04-01,2018,4,10626.0,10401.9,-224.1,97.89,10,10,0.6,46.8,0,12,12,0.0,0,245,5,239.2,8.0,38.94,20404.8,9.0,34.9,0.161,2.1,0.9,4.4,0.3,430,10653.1,10615.2,10626.0,0,224.1,2.11,0,4.42,104.9,0,11038.7,115.68,599.8,Active,0,1,0,81.0,11
MOIL-03,Kandri,Maharashtra,Nagpur,2018-05-01,2018,5,10120.0,10186.0,66.0,100.65,10,10,5.6,50.4,1,13,13,0.0,0,245,5,239.2,8.0,37.61,18196.3,18.0,39.7,0.18,2.4,0.9,2.2,0.8,440,10401.9,10413.7,10120.0,1,0.0,0.0,0,3.65,86.0,0,10883.4,113.91,824.7,Active,0,1,0,85.5,11
MOIL-03,Kandri,Maharashtra,Nagpur,2018-06-01,2018,6,8602.0,8464.0,-138.0,98.4,10,8,22.7,41.1,2,12,12,0.0,0,245,4,229.6,8.0,38.69,15333.9,187.7,32.5,0.55,4.6,2.3,7.6,3.8,438,10186.0,9684.0,8602.0,0,138.0,1.6,0,6.6,82.5,0,7877.4,111.67,0.0,Active,0,1,1,57.9,8
MOIL-03,Kandri,Maharashtra,Nagpur,2018-07-01,2018,7,7590.0,6425.0,-1165.0,84.65,10,7,28.8,50.4,2,14,11,7.1,3,245,3,224.0,8.0,38.92,14101.9,314.4,27.7,0.55,5.0,2.8,10.4,13.6,442,8464.0,8358.3,7590.0,0,1165.0,15.35,1,10.65,60.3,0,6138.3,115.34,0.0,Active,0,1,1,51.8,7
MOIL-03,Kandri,Maharashtra,Nagpur,2018-08-01,2018,8,7893.6,6977.8,-915.8,88.4,10,8,31.7,47.6,3,14,14,0.0,0,245,4,226.4,8.0,38.65,16719.7,255.2,27.1,0.55,4.7,3.1,8.7,7.6,433,6425.0,7288.9,7893.6,0,915.8,11.6,1,9.59,81.9,0,6178.7,103.81,0.0,Active,0,1,1,52.5,8
MOIL-03,Kandri,Maharashtra,Nagpur,2018-09-01,2018,9,8905.6,8270.0,-635.6,92.86,10,9,16.4,43.7,1,13,11,8.5,2,245,4,232.8,8.0,40.37,19066.3,136.1,26.2,0.484,3.5,1.5,4.1,2.6,441,6977.8,7224.3,8905.6,0,635.6,7.14,1,6.65,95.2,0,8875.0,110.51,426.0,Active,0,1,1,66.0,9
MOIL-03,Kandri,Maharashtra,Nagpur,2018-10-01,2018,10,10322.4,9841.9,-480.5,95.35,10,9,29.0,50.7,5,12,12,0.0,0,245,5,237.6,8.0,39.11,19533.4,40.2,26.4,0.236,2.5,1.7,3.1,1.8,437,8270.0,8363.2,10322.4,0,480.5,4.65,0,3.77,96.1,0,9197.6,115.72,0.0,Active,0,1,0,75.3,8
MOIL-03,Kandri,Maharashtra,Nagpur,2018-11-01,2018,11,11132.0,10378.8,-753.2,93.23,10,9,16.4,41.9,2,13,13,0.0,0,245,5,239.2,8.0,39.24,21048.8,12.2,23.2,0.192,2.0,1.1,2.3,0.2,449,9841.9,9496.9,11132.0,0,753.2,6.77,1,3.52,88.5,0,9528.2,113.7,0.0,Active,0,1,0,77.8,10
MOIL-03,Kandri,Maharashtra,Nagpur,2018-12-01,2018,12,11030.8,10854.4,-176.4,98.4,10,9,0.3,44.3,0,12,12,0.0,0,245,5,240.0,8.0,40.04,23214.6,4.5,19.8,0.179,2.0,0.7,1.8,0.1,440,10378.8,10358.4,11030.8,0,176.4,1.6,0,4.08,110.9,0,10305.3,108.28,0.0,Active,0,1,0,84.4,11
MOIL-03,Kandri,Maharashtra,Nagpur,2019-01-01,2019,1,11344.8,11395.2,50.4,100.44,10,10,9.2,42.0,1,16,16,0.0,0,245,5,239.2,8.0,41.34,19693.8,8.4,21.6,0.162,2.1,0.7,3.8,0.2,439,10854.4,10876.1,11344.8,1,0.0,0.0,0,4.57,97.6,0,10887.6,122.55,0.0,Active,0,1,0,78.3,11
MOIL-03,Kandri,Maharashtra,Nagpur,2019-02-01,2019,2,11554.8,11301.9,-252.9,97.81,10,9,1.2,51.9,0,14,14,0.0,0,245,5,239.2,8.0,38.74,20045.9,17.9,23.6,0.194,2.1,0.6,4.3,0.7,444,11395.2,11183.8,11554.8,0,252.9,2.19,0,5.13,93.5,0,11929.9,111.67,328.1,Active,0,1,0,82.0,9
MOIL-03,Kandri,Maharashtra,Nagpur,2019-03-01,2019,3,11554.8,11241.0,-313.8,97.28,10,9,1.0,41.1,0,14,14,0.0,0,245,5,239.2,8.0,39.05,23566.0,15.2,29.5,0.202,2.1,1.0,2.0,0.4,438,11301.9,11312.7,11554.8,0,313.8,2.72,0,5.31,102.7,0,12219.3,118.68,849.9,Active,0,1,0,82.8,9
MOIL-03,Kandri,Maharashtra,Nagpur,2019-04-01,2019,4,11029.6,10750.3,-279.3,97.47,10,10,4.8,42.9,1,15,15,0.0,0,245,5,239.2,8.0,39.35,21582.3,10.6,34.4,0.19,2.1,0.9,2.5,0.2,442,11241.0,11097.7,11029.6,0,279.3,2.53,0,3.84,100.2,0,10813.6,118.19,45.8,Active,0,1,0,89.1,11
MOIL-03,Kandri,Maharashtra,Nagpur,2019-05-01,2019,5,10504.4,10516.7,12.3,100.12,10,10,1.2,44.9,0,13,13,0.0,0,245,5,239.2,8.0,38.08,19099.8,17.5,37.8,0.2,2.3,0.8,3.3,0.3,442,10750.3,10836.0,10504.4,1,0.0,0.0,0,3.99,89.7,0,10785.6,119.34,297.0,Active,0,1,0,78.7,10
MOIL-03,Kandri,Maharashtra,Nagpur,2019-06-01,2019,6,8928.7,8249.6,-679.1,92.39,10,8,20.4,42.7,2,16,16,0.0,0,245,4,231.2,8.0,39.47,17546.5,162.1,32.7,0.55,4.8,3.1,7.8,4.1,452,10516.7,9838.9,8928.7,0,679.1,7.61,1,6.53,68.7,0,7546.4,123.15,0.0,Active,0,1,1,61.5,9
MOIL-03,Kandri,Maharashtra,Nagpur,2019-07-01,2019,7,7878.3,6694.3,-1184.0,84.97,10,7,37.2,48.9,4,14,14,0.0,0,245,4,228.0,8.0,38.76,16250.4,229.3,27.9,0.55,5.6,2.6,8.0,9.7,444,8249.6,8486.9,7878.3,0,1184.0,15.03,1,7.95,65.4,0,7071.2,120.0,443.8,Active,0,1,1,56.2,8
MOIL-03,Kandri,Maharashtra,Nagpur,2019-08-01,2019,8,8193.4,7525.2,-668.2,91.84,10,9,13.4,43.9,0,14,12,9.6,2,245,4,229.6,8.0,39.62,16492.8,200.8,26.1,0.55,5.9,3.3,7.9,8.6,441,6694.3,7489.7,8193.4,0,668.2,8.16,1,7.66,81.6,0,7714.1,115.75,147.3,Active,0,1,1,60.6,8
MOIL-03,Kandri,Maharashtra,Nagpur,2019-09-01,2019,9,9243.9,9005.4,-238.5,97.42,10,8,10.1,50.3,0,15,14,4.7,1,245,4,232.0,8.0,39.66,18401.3,151.3,26.4,0.525,3.0,1.1,5.3,6.5,428,7525.2,7741.6,9243.9,0,238.5,2.58,0,5.97,73.9,0,9188.2,122.04,127.6,Active,0,1,1,68.7,8
MOIL-03,Kandri,Maharashtra,Nagpur,2019-10-01,2019,10,10714.5,10760.1,45.6,100.43,10,9,3.5,51.7,0,14,14,0.0,0,245,5,237.6,8.0,39.31,18511.5,52.5,26.0,0.282,2.9,1.0,5.3,0.9,432,9005.4,9096.9,10714.5,1,0.0,0.0,0,5.84,103.8,0,9943.4,117.03,0.0,Active,0,1,0,77.6,10
MOIL-03,Kandri,Maharashtra,Nagpur,2019-11-01,2019,11,11554.8,11413.9,-140.9,98.78,10,10,1.0,51.2,0,16,15,5.6,1,245,5,239.2,8.0,39.87,24898.9,15.3,22.8,0.18,2.1,0.8,3.3,0.6,427,10760.1,10393.1,11554.8,0,140.9,1.22,0,4.77,88.7,0,11977.4,115.86,507.5,Active,0,1,0,86.3,9
MOIL-03,Kandri,Maharashtra,Nagpur,2019-12-01,2019,12,11449.8,11273.4,-176.4,98.46,10,10,3.7,51.6,1,15,15,0.0,0,245,5,240.0,8.0,36.42,19464.0,5.5,20.2,0.172,2.1,1.0,4.6,0.1,431,11413.9,11149.1,11449.8,0,176.4,1.54,0,4.09,93.6,0,11545.6,120.07,183.9,Active,0,1,0,87.1,9
MOIL-03,Kandri,Maharashtra,Nagpur,2020-01-01,2020,1,9802.4,9729.5,-72.9,99.26,10,9,0.8,47.4,0,15,15,0.0,0,245,5,239.2,8.0,37.41,19455.3,11.9,22.8,0.174,2.0,1.0,4.4,0.4,438,11273.4,10805.6,9802.4,0,72.9,0.74,0,4.97,94.9,0,10444.3,116.75,727.4,Active,0,1,0,84.7,10
MOIL-03,Kandri,Maharashtra,Nagpur,2020-02-01,2020,2,9983.9,9424.9,-559.0,94.4,10,10,1.4,46.8,0,15,15,0.0,0,245,5,239.2,8.0,39.57,19597.0,21.5,24.8,0.194,2.4,1.4,1.8,0.3,433,9729.5,10142.6,9983.9,0,559.0,5.6,1,5.21,105.3,0,9489.3,119.04,77.2,Active,0,1,0,80.4,9
MOIL-03,Kandri,Maharashtra,Nagpur,2020-03-01,2020,3,9983.9,9729.8,-254.1,97.45,10,10,6.3,44.4,1,15,14,5.8,1,245,5,239.2,8.0,40.25,16275.0,14.9,28.8,0.172,2.2,1.3,4.3,0.3,435,9424.9,9628.1,9983.9,0,254.1,2.55,0,3.35,95.4,0,9268.1,122.48,0.0,Active,0,1,0,83.0,10
MOIL-03,Kandri,Maharashtra,Nagpur,2020-04-01,2020,4,9530.1,9397.7,-132.4,98.61,10,9,0.7,50.3,0,12,12,0.0,0,245,5,239.2,8.0,39.66,16373.5,10.6,35.6,0.166,2.1,1.3,4.3,0.2,438,9729.8,9517.5,9530.1,0,132.4,1.39,0,5.06,87.4,0,10164.6,117.27,648.1,Active,0,1,0,80.8,11
MOIL-03,Kandri,Maharashtra,Nagpur,2020-05-01,2020,5,9076.3,8942.9,-133.4,98.53,10,9,9.8,44.8,1,16,16,0.0,0,245,5,239.2,8.0,39.57,18249.9,18.1,39.0,0.202,2.3,1.4,2.6,0.7,444,9397.7,9356.8,9076.3,0,133.4,1.47,0,4.91,100.9,0,9074.5,122.62,135.9,Active,0,1,0,83.0,10
MOIL-03,Kandri,Maharashtra,Nagpur,2020-06-01,2020,6,7714.8,7107.2,-607.6,92.12,10,8,16.6,51.7,1,14,13,4.0,1,245,4,232.0,8.0,39.21,15012.5,156.8,32.4,0.55,4.4,2.8,5.7,3.9,442,8942.9,8482.6,7714.8,0,607.6,7.88,1,6.13,74.3,0,7212.0,120.06,71.6,Active,0,1,1,61.9,9
MOIL-03,Kandri,Maharashtra,Nagpur,2020-07-01,2020,7,6807.2,5832.6,-974.6,85.68,10,7,40.5,39.2,3,12,10,9.2,2,245,3,224.0,8.0,38.15,12354.2,312.2,27.6,0.55,6.8,2.5,9.5,11.1,448,7107.2,7294.2,6807.2,0,974.6,14.32,1,9.64,55.1,0,5402.8,123.97,0.0,Active,0,1,1,42.4,6
MOIL-03,Kandri,Maharashtra,Nagpur,2020-08-01,2020,8,7079.5,6068.5,-1011.0,85.72,10,8,47.5,50.4,4,12,10,9.0,2,245,4,226.4,8.0,41.1,15132.3,262.5,26.0,0.55,4.2,1.9,7.7,12.0,450,5832.6,6336.1,7079.5,0,1011.0,14.28,1,7.4,71.5,0,6653.1,120.27,460.2,Active,0,1,1,48.4,8
MOIL-03,Kandri,Maharashtra,Nagpur,2020-09-01,2020,9,7987.1,7583.9,-403.2,94.95,10,8,23.5,51.0,4,13,13,0.0,0,245,4,232.0,8.0,39.19,14428.4,156.8,26.9,0.547,5.0,3.1,5.3,2.8,452,6068.5,6495.0,7987.1,0,403.2,5.05,1,6.98,77.7,0,7056.3,121.71,0.0,Active,0,1,1,65.1,7
MOIL-03,Kandri,Maharashtra,Nagpur,2020-10-01,2020,10,9257.8,8595.7,-662.1,92.85,10,10,10.3,47.6,2,12,11,2.8,1,245,5,237.6,8.0,39.07,15843.9,48.6,27.4,0.273,2.8,1.9,4.3,0.7,454,7583.9,7416.0,9257.8,0,662.1,7.15,1,2.91,86.9,0,9084.2,132.73,543.4,Active,0,1,0,77.2,8
MOIL-03,Kandri,Maharashtra,Nagpur,2020-11-01,2020,11,9983.9,9510.3,-473.6,95.26,10,9,15.3,49.8,2,16,16,0.0,0,245,5,239.2,8.0,40.26,17807.3,13.5,23.8,0.178,2.1,1.4,2.9,0.3,435,8595.7,8563.3,9983.9,0,473.6,4.74,0,4.82,112.4,0,8909.3,126.74,0.0,Active,0,1,0,82.8,9
MOIL-03,Kandri,Maharashtra,Nagpur,2020-12-01,2020,12,9893.1,9832.4,-60.7,99.39,10,9,5.9,48.0,1,14,14,0.0,0,245,5,240.0,8.0,40.24,19722.2,5.7,19.6,0.185,2.1,1.1,4.8,0.3,425,9510.3,9312.8,9893.1,0,60.7,0.61,0,3.81,102.4,0,9689.3,123.8,0.0,Active,0,1,0,86.0,11
MOIL-03,Kandri,Maharashtra,Nagpur,2021-01-01,2021,1,10778.0,10623.9,-154.1,98.57,10,9,12.5,50.1,2,14,14,0.0,0,245,5,239.2,8.0,38.07,18057.6,13.3,21.6,0.187,2.1,1.3,4.0,0.3,431,9832.4,9988.9,10778.0,0,154.1,1.43,0,5.3,95.8,0,11646.9,144.03,893.3,Active,0,1,0,78.7,10
MOIL-03,Kandri,Maharashtra,Nagpur,2021-02-01,2021,2,10977.6,10501.5,-476.1,95.66,10,10,1.3,48.8,0,15,14,4.8,1,245,5,239.2,8.0,40.77,20677.4,19.9,24.5,0.185,2.3,1.4,2.7,0.6,435,10623.9,10319.3,10977.6,0,476.1,4.34,0,3.43,98.2,0,9863.9,138.26,0.0,Active,0,1,0,84.8,9
MOIL-03,Kandri,Maharashtra,Nagpur,2021-03-01,2021,3,10977.6,10485.2,-492.4,95.51,10,9,13.3,49.6,2,13,13,0.0,0,245,5,239.2,8.0,37.66,20815.4,11.6,28.5,0.178,2.1,0.7,2.0,0.2,425,10501.5,10536.9,10977.6,0,492.4,4.49,0,5.39,89.2,0,9678.5,139.57,0.0,Active,0,1,0,83.7,10
MOIL-03,Kandri,Maharashtra,Nagpur,2021-04-01,2021,4,10478.6,10222.6,-256.0,97.56,10,9,7.6,40.2,1,13,13,0.0,0,245,5,239.2,8.0,37.79,18925.2,10.1,34.3,0.167,2.2,0.8,3.6,0.2,426,10485.2,10403.1,10478.6,0,256.0,2.44,0,4.75,104.0,0,10668.3,140.31,420.9,Active,0,1,0,79.6,10
MOIL-03,Kandri,Maharashtra,Nagpur,2021-05-01,2021,5,9979.7,9965.3,-14.4,99.86,10,9,1.0,40.3,0,16,16,0.0,0,245,5,239.2,8.0,39.85,19138.1,15.4,38.0,0.182,2.2,1.5,3.1,0.6,428,10222.6,10224.4,9979.7,0,14.4,0.14,0,4.33,91.2,0,9528.8,129.51,0.0,Active,0,1,0,88.2,10
MOIL-03,Kandri,Maharashtra,Nagpur,2021-06-01,2021,6,8482.7,7803.3,-679.4,91.99,10,9,28.9,48.7,2,13,12,3.1,1,245,4,228.8,8.0,40.2,17091.8,212.6,31.7,0.55,3.2,1.0,5.3,7.6,432,9965.3,9330.4,8482.7,0,679.4,8.01,1,7.98,67.4,0,8322.0,132.92,364.6,Active,0,1,1,61.9,8
MOIL-03,Kandri,Maharashtra,Nagpur,2021-07-01,2021,7,7484.7,6869.9,-614.8,91.79,10,8,37.4,39.8,3,16,16,0.0,0,245,4,225.6,8.0,39.36,12468.1,263.7,27.2,0.55,4.0,1.2,8.1,3.5,450,7803.3,8212.8,7484.7,0,614.8,8.21,1,8.88,52.3,0,6311.5,138.55,0.0,Active,0,1,1,53.2,7
MOIL-03,Kandri,Maharashtra,Nagpur,2021-08-01,2021,8,7784.1,7365.4,-418.7,94.62,10,7,18.5,48.2,1,15,14,5.0,1,245,4,228.0,8.0,39.79,13381.6,230.5,26.8,0.55,5.3,1.7,7.4,8.5,432,6869.9,7346.2,7784.1,0,418.7,5.38,1,6.99,79.1,0,7473.2,136.31,109.8,Active,0,1,1,52.1,8
MOIL-03,Kandri,Maharashtra,Nagpur,2021-09-01,2021,9,8782.1,8463.1,-319.0,96.37,10,9,17.5,44.7,2,13,12,2.6,1,245,4,232.0,8.0,38.67,17337.9,145.4,27.1,0.533,3.9,1.7,5.4,5.0,438,7365.4,7566.1,8782.1,0,319.0,3.63,0,6.39,83.5,0,8376.8,142.62,0.0,Active,0,1,1,65.5,7
MOIL-03,Kandri,Maharashtra,Nagpur,2021-10-01,2021,10,10179.3,9857.4,-321.9,96.84,10,10,3.1,45.9,0,14,14,0.0,0,245,5,237.6,8.0,38.45,19033.1,46.1,26.7,0.256,2.4,1.3,3.2,0.9,450,8463.1,8562.0,10179.3,0,321.9,3.16,0,5.0,87.5,0,9414.1,137.29,0.0,Active,0,1,0,79.0,8
MOIL-03,Kandri,Maharashtra,Nagpur,2021-11-01,2021,11,10977.6,10681.3,-296.3,97.3,10,10,6.0,42.7,1,14,13,4.8,1,245,5,239.2,8.0,37.04,22485.3,13.7,24.3,0.185,2.2,0.9,1.7,0.6,437,9857.4,9667.3,10977.6,0,296.3,2.7,0,2.66,106.4,0,11489.9,137.66,685.5,Active,0,1,0,87.1,9
MOIL-03,Kandri,Maharashtra,Nagpur,2021-12-01,2021,12,10877.8,10521.6,-356.2,96.73,10,9,6.3,39.9,1,16,16,0.0,0,245,5,240.0,8.0,40.21,20435.8,5.5,20.7,0.154,2.1,1.3,2.2,0.1,431,10681.3,10353.4,10877.8,0,356.2,3.27,0,7.15,96.6,0,10164.5,140.93,0.0,Active,0,1,0,90.2,10
MOIL-03,Kandri,Maharashtra,Nagpur,2022-01-01,2022,1,12043.3,10925.5,-1117.8,90.72,10,10,0.9,45.5,0,15,15,0.0,0,245,5,239.2,8.0,38.71,19954.8,13.4,21.2,0.2,2.1,1.3,2.3,0.2,434,10521.6,10709.5,12043.3,0,1117.8,9.28,1,3.59,101.2,1,11891.8,137.29,682.1,Active,0,1,0,83.8,9
MOIL-03,Kandri,Maharashtra,Nagpur,2022-02-01,2022,2,12266.3,11718.5,-547.8,95.53,10,9,7.6,47.2,1,13,13,0.0,0,245,5,239.2,8.0,38.43,23754.5,15.2,24.4,0.182,2.2,0.9,2.1,0.3,452,10925.5,11055.2,12266.3,0,547.8,4.47,0,5.71,104.2,0,12435.9,138.42,809.6,Active,0,1,0,86.0,11
MOIL-03,Kandri,Maharashtra,Nagpur,2022-03-01,2022,3,12266.3,11969.8,-296.5,97.58,10,9,0.9,49.3,0,16,16,0.0,0,245,5,239.2,8.0,38.07,20510.2,13.4,29.4,0.178,2.1,1.3,4.6,0.5,453,11718.5,11537.9,12266.3,0,296.5,2.42,0,4.06,101.5,0,12647.1,136.78,403.5,Active,0,1,0,85.5,9
MOIL-03,Kandri,Maharashtra,Nagpur,2022-04-01,2022,4,11708.7,11141.6,-567.1,95.16,10,9,7.5,44.5,1,15,14,3.4,1,245,5,239.2,8.0,37.76,24877.6,9.2,33.5,0.192,2.1,1.1,3.8,0.3,449,11969.8,11610.0,11708.7,0,567.1,4.84,0,2.59,112.9,0,11168.2,139.12,24.1,Active,0,1,0,83.9,9
MOIL-03,Kandri,Maharashtra,Nagpur,2022-05-01,2022,5,11151.2,10935.0,-216.2,98.06,10,10,5.5,50.9,1,13,13,0.0,0,245,5,239.2,8.0,37.86,23188.7,14.7,38.6,0.195,2.1,1.4,3.0,0.3,438,11141.6,11348.8,11151.2,0,216.2,1.94,0,5.06,88.3,0,11906.1,139.91,510.7,Active,0,1,0,79.3,10
MOIL-03,Kandri,Maharashtra,Nagpur,2022-06-01,2022,6,9478.5,8818.8,-659.7,93.04,10,8,15.8,49.7,1,16,16,0.0,0,245,4,232.0,8.0,39.37,20355.9,150.2,31.3,0.525,3.9,2.2,5.9,2.3,454,10935.0,10298.5,9478.5,0,659.7,6.96,1,7.15,83.0,0,8386.7,139.2,0.0,Active,0,1,1,61.7,8
MOIL-03,Kandri,Maharashtra,Nagpur,2022-07-01,2022,7,8363.4,7590.7,-772.7,90.76,10,8,39.3,39.1,3,16,14,4.4,2,245,4,225.6,8.0,38.55,17491.4,271.0,27.3,0.55,4.2,2.4,6.9,11.0,435,8818.8,9114.8,8363.4,0,772.7,9.24,1,7.98,55.4,0,8299.6,142.44,361.2,Active,0,1,1,55.5,5
MOIL-03,Kandri,Maharashtra,Nagpur,2022-08-01,2022,8,8697.9,7813.6,-884.3,89.83,10,8,35.5,50.3,3,13,12,4.4,1,245,4,225.6,8.0,38.31,16345.3,266.6,26.6,0.55,4.8,2.8,6.7,3.8,442,7590.7,8074.4,8697.9,0,884.3,10.17,1,9.04,69.6,0,7352.6,144.02,0.0,Active,0,1,1,55.9,5
MOIL-03,Kandri,Maharashtra,Nagpur,2022-09-01,2022,9,9813.0,9033.8,-779.2,92.06,10,8,34.8,47.5,3,13,11,5.4,2,245,4,229.6,8.0,39.56,17269.3,196.2,27.8,0.55,5.4,3.4,7.2,4.0,439,7813.6,8146.0,9813.0,0,779.2,7.94,1,5.34,80.9,0,8812.8,145.36,0.0,Active,0,1,1,62.2,6
MOIL-03,Kandri,Maharashtra,Nagpur,2022-10-01,2022,10,11374.2,10648.6,-725.6,93.62,10,9,11.1,50.0,2,14,14,0.0,0,245,5,237.6,8.0,39.39,21513.7,48.0,26.9,0.266,2.3,1.3,4.1,1.6,450,9033.8,9165.3,11374.2,0,725.6,6.38,1,3.49,91.9,0,10772.8,144.91,71.1,Active,0,1,0,75.6,9
MOIL-03,Kandri,Maharashtra,Nagpur,2022-11-01,2022,11,12266.3,12097.7,-168.6,98.63,10,9,0.8,41.9,0,14,14,0.0,0,245,5,239.2,8.0,38.31,25337.7,12.5,23.0,0.184,2.2,1.3,3.2,0.5,453,10648.6,10593.4,12266.3,0,168.6,1.37,0,3.32,101.5,0,13146.6,136.62,1127.9,Active,0,1,0,85.3,11
MOIL-03,Kandri,Maharashtra,Nagpur,2022-12-01,2022,12,12154.8,11506.8,-648.0,94.67,10,9,4.7,39.6,1,13,13,0.0,0,245,5,240.0,8.0,36.23,20056.2,5.2,20.1,0.161,2.0,1.2,1.3,0.2,433,12097.7,11417.7,12154.8,0,648.0,5.33,1,4.43,91.0,0,12394.6,137.16,448.1,Active,0,1,0,79.4,11
MOIL-03,Kandri,Maharashtra,Nagpur,2023-01-01,2023,1,12656.9,12125.6,-531.3,95.8,10,10,17.5,50.2,3,12,12,0.0,0,245,5,239.2,8.0,38.59,27028.0,12.2,21.8,0.176,2.2,1.3,4.3,0.5,454,11506.8,11910.0,12656.9,0,531.3,4.2,0,3.34,103.6,0,13228.9,144.86,732.2,Active,0,1,0,84.9,9
MOIL-03,Kandri,Maharashtra,Nagpur,2023-02-01,2023,2,12891.3,12294.2,-597.1,95.37,10,9,16.5,41.1,2,15,15,0.0,0,245,5,239.2,8.0,40.12,26303.3,14.7,24.6,0.198,2.1,1.3,5.1,0.3,429,12125.6,11975.5,12891.3,0,597.1,4.63,0,4.01,95.7,0,13764.4,144.19,1452.1,Active,0,1,0,84.0,10
MOIL-03,Kandri,Maharashtra,Nagpur,2023-03-01,2023,3,12891.3,12247.9,-643.4,95.01,10,9,0.9,46.7,0,16,16,0.0,0,245,5,239.2,8.0,37.69,26436.7,13.5,29.2,0.179,2.2,1.0,3.1,0.5,431,12294.2,12222.6,12891.3,0,643.4,4.99,0,4.52,82.6,0,11482.3,144.65,0.0,Active,0,1,0,89.8,9
MOIL-03,Kandri,Maharashtra,Nagpur,2023-04-01,2023,4,12305.3,11833.7,-471.6,96.17,10,10,0.6,47.6,0,12,12,0.0,0,245,5,239.2,8.0,39.21,27069.5,9.2,33.8,0.178,2.1,1.3,3.3,0.4,427,12247.9,12125.3,12305.3,0,471.6,3.83,0,4.26,100.1,0,11379.5,146.71,0.0,Active,0,1,0,82.2,9
MOIL-03,Kandri,Maharashtra,Nagpur,2023-05-01,2023,5,11719.3,11374.0,-345.3,97.05,10,9,4.4,49.3,1,12,12,0.0,0,245,5,239.2,8.0,38.96,22452.4,17.9,38.3,0.184,2.4,1.4,4.9,0.6,431,11833.7,11818.5,11719.3,0,345.3,2.95,0,4.92,84.8,0,11431.5,145.52,50.7,Active,0,1,0,82.1,11
MOIL-03,Kandri,Maharashtra,Nagpur,2023-06-01,2023,6,9961.4,8960.0,-1001.4,89.95,10,8,14.5,48.0,0,15,13,10.7,2,245,4,228.8,8.0,39.88,17465.3,216.9,32.5,0.55,3.4,1.7,6.0,5.4,425,11374.0,10722.6,9961.4,0,1001.4,10.05,1,7.12,64.7,0,9471.0,142.84,566.6,Active,0,1,1,55.7,8
MOIL-03,Kandri,Maharashtra,Nagpur,2023-07-01,2023,7,8789.5,7869.8,-919.7,89.54,10,8,31.5,42.2,2,16,15,2.6,1,245,4,226.4,8.0,39.69,14728.3,252.6,27.2,0.55,6.4,3.3,9.9,4.3,449,8960.0,9401.3,8789.5,0,919.7,10.46,1,7.97,57.9,0,7760.3,150.62,0.0,Active,0,1,1,53.4,6
MOIL-03,Kandri,Maharashtra,Nagpur,2023-08-01,2023,8,9141.1,8092.5,-1048.6,88.53,10,7,33.7,42.0,2,12,12,0.0,0,245,4,227.2,8.0,36.9,17393.2,243.6,26.3,0.55,4.9,2.6,9.5,11.1,449,7869.8,8307.4,9141.1,0,1048.6,11.47,1,7.12,67.8,0,8013.1,149.52,0.0,Active,0,1,1,51.3,6
MOIL-03,Kandri,Maharashtra,Nagpur,2023-09-01,2023,9,10313.0,9712.2,-600.8,94.17,10,8,19.3,41.2,2,14,13,4.8,1,245,4,231.2,8.0,40.12,19970.0,168.5,27.8,0.55,4.5,1.6,6.0,5.8,437,8092.5,8558.2,10313.0,0,600.8,5.83,1,7.46,68.2,0,10288.4,143.05,354.1,Active,0,1,1,65.2,8
MOIL-03,Kandri,Maharashtra,Nagpur,2023-10-01,2023,10,11953.7,10991.4,-962.3,91.95,10,10,20.7,46.7,2,14,14,0.0,0,245,5,237.6,8.0,38.77,22114.4,42.2,26.7,0.258,2.6,0.8,4.4,1.8,447,9712.2,9598.7,11953.7,0,962.3,8.05,1,6.17,109.9,0,10371.3,144.47,0.0,Active,0,1,0,83.0,9
MOIL-03,Kandri,Maharashtra,Nagpur,2023-11-01,2023,11,12891.3,13264.2,372.9,102.89,10,9,0.9,46.1,0,15,15,0.0,0,245,5,239.2,8.0,37.73,22374.5,13.3,22.0,0.181,2.3,1.5,4.2,0.6,438,10991.4,11322.6,12891.3,1,0.0,0.0,0,3.16,108.7,0,12767.5,145.72,0.0,Active,0,1,0,83.0,9
MOIL-03,Kandri,Maharashtra,Nagpur,2023-12-01,2023,12,12774.1,12408.6,-365.5,97.14,10,9,9.2,51.3,1,13,13,0.0,0,245,5,240.0,8.0,37.39,26920.1,5.7,20.9,0.171,2.1,0.8,4.8,0.1,425,13264.2,12221.4,12774.1,0,365.5,2.86,0,2.76,108.7,0,12072.8,144.35,0.0,Active,0,1,0,84.6,9
MOIL-03,Kandri,Maharashtra,Nagpur,2024-01-01,2024,1,13464.5,12734.6,-729.9,94.58,10,10,4.0,47.5,1,13,13,0.0,0,245,5,239.2,8.0,39.77,22735.4,12.8,21.3,0.169,2.2,1.2,4.8,0.5,434,12408.6,12802.5,13464.5,0,729.9,5.42,1,4.5,106.9,0,13546.5,148.6,408.5,Active,0,1,0,85.9,10
MOIL-03,Kandri,Maharashtra,Nagpur,2024-02-01,2024,2,13713.8,13426.9,-286.9,97.91,10,10,9.3,41.6,1,12,12,0.0,0,245,5,239.2,8.0,39.3,23129.6,22.5,23.5,0.21,2.3,0.8,2.9,0.7,435,12734.6,12856.7,13713.8,0,286.9,2.09,0,5.86,86.8,0,15009.5,154.15,1861.9,Active,0,1,0,83.9,9
MOIL-03,Kandri,Maharashtra,Nagpur,2024-03-01,2024,3,13713.8,12745.3,-968.5,92.94,10,9,15.4,41.8,2,16,16,0.0,0,245,5,239.2,8.0,37.77,21988.7,12.1,29.0,0.19,2.2,1.0,4.4,0.6,447,13426.9,12968.9,13713.8,0,968.5,7.06,1,4.34,109.2,0,12740.7,156.87,0.0,Active,0,1,0,77.3,11
MOIL-03,Kandri,Maharashtra,Nagpur,2024-04-01,2024,4,13090.5,12828.7,-261.8,98.0,10,9,6.9,49.9,1,14,14,0.0,0,245,5,240.0,8.0,39.19,24151.6,6.9,33.9,0.186,2.1,1.2,2.0,0.1,454,12745.3,13000.3,13090.5,0,261.8,2.0,0,3.33,100.2,0,12601.7,154.72,0.0,Active,0,1,0,85.9,10
MOIL-03,Kandri,Maharashtra,Nagpur,2024-05-01,2024,5,12467.1,12336.7,-130.4,98.95,10,9,8.2,41.9,1,16,16,0.0,0,245,5,239.2,8.0,39.26,24093.7,16.0,38.1,0.198,2.3,1.0,2.4,0.6,445,12828.7,12636.9,12467.1,0,130.4,1.05,0,4.21,95.3,0,12566.3,155.51,133.0,Active,0,1,0,82.0,11
MOIL-03,Kandri,Maharashtra,Nagpur,2024-06-01,2024,6,10597.1,9631.6,-965.5,90.89,10,8,20.7,45.3,1,16,15,3.3,1,245,4,228.8,8.0,39.36,18119.1,207.4,32.0,0.55,3.3,2.1,6.1,4.2,441,12336.7,11599.0,10597.1,0,965.5,9.11,1,7.84,72.2,0,10342.5,145.75,606.5,Active,0,1,1,49.6,7
MOIL-03,Kandri,Maharashtra,Nagpur,2024-07-01,2024,7,9350.3,8241.0,-1109.3,88.14,10,7,45.3,39.9,7,12,12,0.0,0,245,3,224.0,8.0,39.13,16139.9,324.1,27.7,0.55,5.2,2.3,7.9,5.6,429,9631.6,10069.8,9350.3,0,1109.3,11.86,1,8.09,61.7,0,8038.5,150.97,0.0,Active,0,1,1,49.7,5
MOIL-03,Kandri,Maharashtra,Nagpur,2024-08-01,2024,8,9724.4,8858.5,-865.9,91.1,10,7,23.3,42.2,1,15,15,0.0,0,245,4,224.8,8.0,39.38,16242.0,285.1,27.5,0.55,7.3,3.1,9.0,12.0,453,8241.0,8910.4,9724.4,0,865.9,8.9,1,9.71,59.2,0,9193.2,151.54,386.9,Active,0,1,1,46.9,6
MOIL-03,Kandri,Maharashtra,Nagpur,2024-09-01,2024,9,10971.1,10038.8,-932.3,91.5,10,8,17.8,46.9,1,13,12,5.9,1,245,4,232.0,8.0,38.56,20674.1,146.8,27.4,0.504,4.1,2.5,7.0,2.9,443,8858.5,9046.1,10971.1,0,932.3,8.5,1,5.66,78.9,0,10220.3,153.0,178.3,Active,0,1,1,62.9,9
MOIL-03,Kandri,Maharashtra,Nagpur,2024-10-01,2024,10,12716.5,12408.4,-308.1,97.58,10,10,7.9,41.7,1,16,16,0.0,0,245,5,236.8,8.0,39.66,23051.5,52.5,26.8,0.282,2.5,0.9,2.6,1.8,452,10038.8,10435.2,12716.5,0,308.1,2.42,0,5.37,92.8,0,13923.1,150.85,991.8,Active,0,1,0,74.5,10
MOIL-03,Kandri,Maharashtra,Nagpur,2024-11-01,2024,11,13713.8,13461.1,-252.7,98.16,10,9,1.0,41.7,0,16,16,0.0,0,245,5,239.2,8.0,39.43,22818.4,14.3,23.4,0.189,2.2,0.9,2.2,0.4,426,12408.4,11969.4,13713.8,0,252.7,1.84,0,4.55,97.1,0,14825.1,149.65,1570.7,Active,0,1,0,83.8,10
MOIL-03,Kandri,Maharashtra,Nagpur,2024-12-01,2024,12,13589.2,13087.3,-501.9,96.31,10,9,16.6,48.2,3,15,15,0.0,0,245,5,240.0,8.0,39.18,25506.3,5.7,20.2,0.167,2.0,0.8,3.4,0.2,447,13461.1,12985.6,13589.2,0,501.9,3.69,0,2.53,104.0,0,13462.4,149.86,333.9,Active,0,1,0,85.2,9
MOIL-03,Kandri,Maharashtra,Nagpur,2025-01-01,2025,1,14087.6,13677.3,-410.3,97.09,10,10,10.5,50.0,2,13,13,0.0,0,245,5,239.2,8.0,37.81,24678.4,11.5,21.5,0.174,2.1,0.8,3.2,0.4,429,13087.3,13408.6,14087.6,0,410.3,2.91,0,4.4,87.1,0,15233.2,158.87,1142.0,Active,0,1,0,80.2,10
MOIL-03,Kandri,Maharashtra,Nagpur,2025-02-01,2025,2,14348.5,13768.7,-579.8,95.96,10,9,0.9,49.7,0,16,16,0.0,0,245,5,239.2,8.0,38.09,30207.0,13.8,23.7,0.189,2.1,1.3,4.1,0.4,435,13677.3,13511.1,14348.5,0,579.8,4.04,0,5.76,89.7,0,14061.9,155.26,295.8,Active,0,1,0,80.3,10
MOIL-03,Kandri,Maharashtra,Nagpur,2025-03-01,2025,3,14348.5,14246.3,-102.2,99.29,10,9,16.3,45.9,2,13,13,0.0,0,245,5,239.2,8.0,38.23,26048.7,15.5,29.7,0.186,2.3,1.2,5.0,0.5,453,13768.7,13897.4,14348.5,0,102.2,0.71,0,2.73,91.6,0,16326.0,159.79,2071.1,Active,0,1,0,86.8,11
MOIL-03,Kandri,Maharashtra,Nagpur,2025-04-01,2025,4,13696.3,13841.3,145.0,101.06,10,9,5.6,42.3,1,12,12,0.0,0,245,5,239.2,8.0,39.08,25147.2,8.1,35.2,0.187,2.1,1.3,5.1,0.1,438,14246.3,13952.1,13696.3,1,0.0,0.0,0,3.85,110.0,0,13176.9,155.54,0.0,Active,0,1,0,85.7,9
MOIL-03,Kandri,Maharashtra,Nagpur,2025-05-01,2025,5,13044.1,12852.4,-191.7,98.53,10,9,1.0,49.2,0,13,13,0.0,0,245,5,239.2,8.0,38.68,21460.1,14.3,37.9,0.189,2.2,1.2,3.7,0.6,429,13841.3,13646.7,13044.1,0,191.7,1.47,0,2.41,96.7,0,13111.5,156.46,187.0,Active,0,1,0,91.0,11
MOIL-03,Kandri,Maharashtra,Nagpur,2025-06-01,2025,6,11087.5,10526.1,-561.4,94.94,10,9,12.7,51.0,0,14,13,5.0,1,245,4,229.6,8.0,36.39,18384.3,189.8,32.6,0.55,2.8,0.9,4.9,4.4,436,12852.4,12406.6,11087.5,0,561.4,5.06,1,7.66,61.8,0,11720.8,153.06,961.8,Active,0,1,1,59.1,6
MOIL-03,Kandri,Maharashtra,Nagpur,2025-07-01,2025,7,9783.1,9040.7,-742.4,92.41,10,7,31.0,45.4,3,14,14,0.0,0,245,3,224.0,8.0,39.34,17997.0,313.1,26.8,0.55,5.1,3.3,9.1,5.6,447,10526.1,10806.4,9783.1,0,742.4,7.59,1,8.86,51.0,0,9808.2,152.38,806.2,Active,0,1,1,46.7,5
MOIL-03,Kandri,Maharashtra,Nagpur,2025-08-01,2025,8,10174.4,8821.8,-1352.6,86.71,10,7,41.8,51.1,6,13,11,8.8,2,245,4,227.2,8.0,39.13,18872.3,233.3,26.7,0.55,4.9,1.7,6.3,9.6,437,9040.7,9462.9,10174.4,0,1352.6,13.29,1,8.14,71.9,0,9565.1,155.72,452.4,Active,0,1,1,56.7,8
MOIL-03,Kandri,Maharashtra,Nagpur,2025-09-01,2025,9,11478.8,10707.4,-771.4,93.28,10,9,29.7,45.7,2,13,13,0.0,0,245,4,229.6,8.0,38.37,20467.2,194.4,28.4,0.55,4.2,2.0,7.6,6.6,427,8821.8,9523.3,11478.8,0,771.4,6.72,1,7.22,73.0,0,10962.7,152.31,253.8,Active,0,1,1,61.3,6
MOIL-03,Kandri,Maharashtra,Nagpur,2025-10-01,2025,10,13304.9,12493.8,-811.1,93.9,10,10,11.0,48.5,1,15,15,0.0,0,245,5,237.6,8.0,38.56,28790.9,44.9,27.6,0.253,2.6,0.9,2.1,1.7,440,10707.4,10674.3,13304.9,0,811.1,6.1,1,5.38,93.4,0,13233.4,151.94,806.0,Active,0,1,0,76.3,9
MOIL-03,Kandri,Maharashtra,Nagpur,2025-11-01,2025,11,14348.5,13864.7,-483.8,96.63,10,9,0.9,52.0,0,14,14,0.0,0,245,5,239.2,8.0,39.34,23501.1,13.8,24.2,0.191,2.2,1.5,2.1,0.6,435,12493.8,12355.3,14348.5,0,483.8,3.37,0,5.04,85.3,0,14162.1,151.53,158.8,Active,0,1,0,80.1,9
MOIL-03,Kandri,Maharashtra,Nagpur,2025-12-01,2025,12,14218.0,13503.2,-714.8,94.97,10,10,4.4,39.9,1,12,12,0.0,0,245,5,240.0,8.0,38.68,23910.7,4.7,21.2,0.168,2.0,1.2,1.6,0.1,432,13864.7,13287.2,14218.0,0,714.8,5.03,1,3.34,90.0,0,15441.5,153.59,1781.8,Active,0,1,0,82.9,11
MOIL-04,Munsar,Maharashtra,Bhandara,2015-01-01,2015,1,8649.2,8657.0,7.8,100.09,10,10,8.0,48.8,1,14,14,0.0,0,180,5,239.2,8.0,41.05,18592.3,12.3,21.5,0.173,2.1,0.9,2.8,0.5,416,8657.0,8657.0,8649.2,1,0.0,0.0,0,5.05,113.6,0,7872.4,102.27,0.0,Active,0,1,0,82.3,11
MOIL-04,Munsar,Maharashtra,Bhandara,2015-02-01,2015,2,8809.3,8542.9,-266.4,96.98,10,10,8.2,40.5,1,14,14,0.0,0,180,5,239.2,8.0,40.76,16962.2,17.8,23.9,0.19,2.1,0.9,1.9,0.7,417,8657.0,8600.0,8809.3,0,266.4,3.02,0,3.93,89.9,0,8183.3,102.32,0.0,Active,0,1,0,79.3,9
MOIL-04,Munsar,Maharashtra,Bhandara,2015-03-01,2015,3,8809.3,8452.4,-356.9,95.95,10,10,18.1,47.8,2,13,13,0.0,0,180,5,239.2,8.0,38.8,15570.5,12.7,29.3,0.193,2.2,1.4,3.5,0.2,427,8542.9,8550.8,8809.3,0,356.9,4.05,0,4.82,108.8,0,8389.1,94.58,0.0,Active,0,1,0,81.5,9
MOIL-04,Munsar,Maharashtra,Bhandara,2015-04-01,2015,4,8408.9,7946.1,-462.8,94.5,10,10,6.3,45.2,1,13,13,0.0,0,180,5,239.2,8.0,39.3,17156.4,7.6,35.1,0.176,2.1,1.0,3.0,0.1,411,8452.4,8313.8,8408.9,0,462.8,5.5,1,2.57,107.6,0,8256.3,99.91,294.0,Active,0,1,0,82.3,10
MOIL-04,Munsar,Maharashtra,Bhandara,2015-05-01,2015,5,8008.5,7666.0,-342.5,95.72,10,9,1.1,46.1,0,16,16,0.0,0,180,5,239.2,8.0,37.83,17574.1,17.0,38.1,0.174,2.1,1.1,2.0,0.5,416,7946.1,8021.5,8008.5,0,342.5,4.28,0,5.54,115.5,0,7332.2,99.33,0.0,Active,0,1,0,79.9,10
MOIL-04,Munsar,Maharashtra,Bhandara,2015-06-01,2015,6,6807.2,6457.9,-349.3,94.87,10,9,16.8,44.0,2,12,12,0.0,0,180,4,232.0,8.0,38.66,14942.1,144.3,31.6,0.508,4.6,2.2,6.6,5.8,427,7666.0,7356.7,6807.2,0,349.3,5.13,1,6.56,81.9,0,6677.7,94.69,194.9,Active,0,1,1,69.0,7
MOIL-04,Munsar,Maharashtra,Bhandara,2015-07-01,2015,7,6006.4,5061.6,-944.8,84.27,10,8,31.6,49.7,2,13,11,10.7,2,180,3,224.0,8.0,38.07,10483.5,306.0,28.3,0.55,7.9,3.4,7.3,4.9,399,6457.9,6395.2,6006.4,0,944.8,15.73,1,9.53,75.1,0,4666.3,93.96,0.0,Active,0,1,1,44.2,7
MOIL-04,Munsar,Maharashtra,Bhandara,2015-08-01,2015,8,6246.6,5517.7,-728.9,88.33,10,8,37.1,49.2,3,12,9,7.0,3,180,4,226.4,8.0,38.59,13384.8,248.8,25.8,0.55,5.1,2.7,7.8,6.6,415,5061.6,5679.1,6246.6,0,728.9,11.67,1,7.74,57.9,0,5473.6,102.11,0.0,Active,0,1,1,52.9,8
MOIL-04,Munsar,Maharashtra,Bhandara,2015-09-01,2015,9,7047.5,6705.1,-342.4,95.14,10,8,13.4,51.9,0,16,16,0.0,0,180,4,229.6,8.0,38.34,15221.8,200.5,27.1,0.55,4.5,3.0,8.5,8.0,402,5517.7,5761.5,7047.5,0,342.4,4.86,0,6.83,72.7,0,6264.5,97.3,0.0,Active,0,1,1,59.8,8
MOIL-04,Munsar,Maharashtra,Bhandara,2015-10-01,2015,10,8168.6,7735.5,-433.1,94.7,10,10,10.1,46.1,2,14,14,0.0,0,180,5,236.8,8.0,37.28,16819.1,53.7,25.6,0.287,2.4,1.0,4.5,2.1,402,6705.1,6652.8,8168.6,0,433.1,5.3,1,4.68,102.2,0,7909.2,99.97,187.9,Active,0,1,0,74.9,9
MOIL-04,Munsar,Maharashtra,Bhandara,2015-11-01,2015,11,8809.3,8987.0,177.7,102.02,10,10,5.1,51.5,1,16,16,0.0,0,180,5,239.2,8.0,40.4,14268.9,14.9,23.1,0.203,2.2,1.4,2.8,0.3,424,7735.5,7809.2,8809.3,1,0.0,0.0,0,4.88,104.1,0,8311.4,100.84,0.0,Active,0,1,0,83.3,10
MOIL-04,Munsar,Maharashtra,Bhandara,2015-12-01,2015,12,8729.2,8320.0,-409.2,95.31,10,9,20.4,49.8,3,14,14,0.0,0,180,5,240.0,8.0,38.96,14968.8,5.6,21.5,0.17,2.0,1.0,1.6,0.2,406,8987.0,8347.5,8729.2,0,409.2,4.69,0,5.15,108.8,0,7349.1,100.75,0.0,Active,0,1,0,87.0,11
MOIL-04,Munsar,Maharashtra,Bhandara,2016-01-01,2016,1,8931.9,9032.2,100.3,101.12,10,10,0.6,49.3,0,15,15,0.0,0,180,5,239.2,8.0,40.77,16304.2,9.5,19.9,0.185,2.1,1.0,3.2,0.2,427,8320.0,8779.7,8931.9,1,0.0,0.0,0,3.49,99.6,0,8775.1,107.69,0.0,Active,0,1,0,84.7,9
MOIL-04,Munsar,Maharashtra,Bhandara,2016-02-01,2016,2,9097.3,8731.8,-365.5,95.98,10,10,5.6,41.5,1,13,13,0.0,0,180,5,239.2,8.0,38.54,19322.0,19.5,23.5,0.195,2.2,0.8,2.5,0.7,410,9032.2,8694.7,9097.3,0,365.5,4.02,0,3.3,105.0,0,8596.0,105.03,0.0,Active,0,1,0,81.1,10
MOIL-04,Munsar,Maharashtra,Bhandara,2016-03-01,2016,3,9097.3,8986.1,-111.2,98.78,10,9,13.5,39.9,2,16,16,0.0,0,180,5,239.2,8.0,38.24,17052.6,13.2,29.3,0.164,2.2,0.7,3.4,0.5,412,8731.8,8916.7,9097.3,0,111.2,1.22,0,4.17,97.1,0,8305.9,101.37,0.0,Active,0,1,0,79.9,10
MOIL-04,Munsar,Maharashtra,Bhandara,2016-04-01,2016,4,8683.7,8722.2,38.5,100.44,10,9,5.7,41.0,1,16,16,0.0,0,180,5,239.2,8.0,41.09,15748.6,8.3,34.4,0.169,2.1,1.1,3.8,0.2,419,8986.1,8813.4,8683.7,1,0.0,0.0,0,3.05,104.4,0,9048.8,107.52,233.1,Active,0,1,0,83.4,10
MOIL-04,Munsar,Maharashtra,Bhandara,2016-05-01,2016,5,8270.2,8203.7,-66.5,99.2,10,10,9.3,42.4,1,13,13,0.0,0,180,5,239.2,8.0,38.57,17142.6,16.5,38.6,0.199,2.3,1.2,2.0,0.4,422,8722.2,8637.3,8270.2,0,66.5,0.8,0,4.2,95.2,0,7098.5,100.7,0.0,Active,0,1,0,80.3,9
MOIL-04,Munsar,Maharashtra,Bhandara,2016-06-01,2016,6,7029.7,6495.1,-534.6,92.4,10,8,20.1,50.9,1,13,10,7.2,3,180,4,231.2,8.0,38.29,11383.0,166.3,32.1,0.55,4.1,2.4,6.3,3.1,422,8203.7,7807.0,7029.7,0,534.6,7.6,1,6.44,78.3,0,6384.4,105.61,0.0,Active,0,1,1,64.8,8
MOIL-04,Munsar,Maharashtra,Bhandara,2016-07-01,2016,7,6202.7,5676.7,-526.0,91.52,10,8,16.5,46.8,0,13,11,8.2,2,180,4,227.2,8.0,38.3,12456.8,247.4,27.8,0.55,4.2,2.4,6.1,4.2,421,6495.1,6791.8,6202.7,0,526.0,8.48,1,8.78,67.2,0,5320.1,106.11,0.0,Active,0,1,1,53.4,8
MOIL-04,Munsar,Maharashtra,Bhandara,2016-08-01,2016,8,6450.8,5709.1,-741.7,88.5,10,8,22.6,47.9,1,16,14,11.1,2,180,4,225.6,8.0,41.12,12488.5,274.8,26.5,0.55,5.4,1.8,10.0,6.3,419,5676.7,5960.3,6450.8,0,741.7,11.5,1,9.31,65.1,0,5985.9,101.47,140.0,Active,0,1,1,44.8,5
MOIL-04,Munsar,Maharashtra,Bhandara,2016-09-01,2016,9,7277.8,6868.0,-409.8,94.37,10,9,16.4,50.2,1,15,14,3.7,1,180,4,230.4,8.0,39.46,11766.6,176.5,27.0,0.55,3.3,1.4,7.3,6.9,418,5709.1,6084.6,7277.8,0,409.8,5.63,1,6.28,70.3,0,5966.4,99.66,0.0,Active,0,1,1,62.2,8
MOIL-04,Munsar,Maharashtra,Bhandara,2016-10-01,2016,10,8435.6,8054.6,-381.0,95.48,10,10,12.3,49.0,1,14,14,0.0,0,180,5,236.8,8.0,37.66,14522.1,53.3,27.3,0.282,2.8,1.2,2.3,1.5,413,6868.0,6877.2,8435.6,0,381.0,4.52,0,4.79,96.6,0,7075.0,102.54,0.0,Active,0,1,0,81.5,10
MOIL-04,Munsar,Maharashtra,Bhandara,2016-11-01,2016,11,9097.3,9045.5,-51.8,99.43,10,10,1.1,49.1,0,13,13,0.0,0,180,5,239.2,8.0,37.07,15493.3,16.4,23.2,0.198,2.1,1.0,5.2,0.5,419,8054.6,7989.4,9097.3,0,51.8,0.57,0,4.7,92.9,0,8757.8,106.16,0.0,Active,0,1,0,83.4,9
MOIL-04,Munsar,Maharashtra,Bhandara,2016-12-01,2016,12,9014.6,8607.3,-407.3,95.48,10,10,3.3,39.2,1,14,13,3.6,1,180,5,240.0,8.0,40.07,15549.7,5.0,20.6,0.162,2.0,0.8,2.6,0.1,425,9045.5,8569.1,9014.6,0,407.3,4.52,0,4.3,98.7,0,8083.2,104.17,0.0,Active,0,1,0,78.6,11
MOIL-04,Munsar,Maharashtra,Bhandara,2017-01-01,2017,1,9299.6,8941.6,-358.0,96.15,10,10,0.8,47.5,0,13,13,0.0,0,180,5,239.2,8.0,37.19,17323.0,11.3,22.5,0.184,2.2,1.1,4.5,0.3,405,8607.3,8864.8,9299.6,0,358.0,3.85,0,4.7,105.0,0,9513.3,111.38,648.3,Active,0,1,0,73.3,9
MOIL-04,Munsar,Maharashtra,Bhandara,2017-02-01,2017,2,9471.8,9349.6,-122.2,98.71,10,10,6.0,42.0,1,15,15,0.0,0,180,5,239.2,8.0,37.51,19850.2,18.0,24.9,0.194,2.1,1.0,3.2,0.6,427,8941.6,8966.2,9471.8,0,122.2,1.29,0,4.54,98.6,0,9407.2,114.01,40.0,Active,0,1,0,80.6,11
MOIL-04,Munsar,Maharashtra,Bhandara,2017-03-01,2017,3,9471.8,9462.4,-9.4,99.9,10,10,0.9,39.9,0,12,12,0.0,0,180,5,239.2,8.0,36.65,19070.8,12.8,29.1,0.181,2.1,0.8,2.8,0.5,415,9349.6,9251.2,9471.8,0,9.4,0.1,0,2.47,106.0,0,9547.1,108.58,53.4,Active,0,1,0,80.7,9
MOIL-04,Munsar,Maharashtra,Bhandara,2017-04-01,2017,4,9041.2,8790.0,-251.2,97.22,10,9,7.8,40.2,2,14,14,0.0,0,180,5,239.2,8.0,39.02,15290.7,8.0,34.1,0.161,2.0,0.8,2.3,0.4,411,9462.4,9200.7,9041.2,0,251.2,2.78,0,3.76,94.7,0,7790.0,113.53,0.0,Active,0,1,0,81.3,11
MOIL-04,Munsar,Maharashtra,Bhandara,2017-05-01,2017,5,8610.7,8717.4,106.7,101.24,10,10,9.6,49.6,1,16,16,0.0,0,180,5,239.2,8.0,38.76,15245.7,17.0,38.1,0.182,2.3,0.9,4.9,0.4,408,8790.0,8989.9,8610.7,1,0.0,0.0,0,3.28,100.9,0,8917.5,111.3,154.5,Active,0,1,0,86.7,11
MOIL-04,Munsar,Maharashtra,Bhandara,2017-06-01,2017,6,7319.1,6825.5,-493.6,93.26,10,8,26.9,46.6,3,13,13,0.0,0,180,4,230.4,8.0,39.2,14177.8,172.7,31.7,0.55,4.8,2.9,6.8,3.2,417,8717.4,8111.0,7319.1,0,493.6,6.74,1,7.62,85.6,0,6312.8,106.11,0.0,Active,0,1,1,58.9,9
MOIL-04,Munsar,Maharashtra,Bhandara,2017-07-01,2017,7,6458.0,5560.0,-898.0,86.09,10,7,37.9,44.1,5,15,14,3.5,1,180,4,227.2,8.0,36.5,13301.7,242.5,26.6,0.55,5.8,3.3,7.2,6.8,409,6825.5,7034.3,6458.0,0,898.0,13.91,1,7.57,71.2,0,5767.1,108.83,191.2,Active,0,1,1,53.5,8
MOIL-04,Munsar,Maharashtra,Bhandara,2017-08-01,2017,8,6716.4,6296.7,-419.7,93.75,10,8,29.5,40.5,3,16,16,0.0,0,180,4,226.4,8.0,39.08,11076.1,258.2,26.1,0.55,5.4,2.5,9.3,11.6,415,5560.0,6227.4,6716.4,0,419.7,6.25,1,8.81,64.7,0,6391.9,105.35,94.5,Active,0,1,1,53.5,8
MOIL-04,Munsar,Maharashtra,Bhandara,2017-09-01,2017,9,7577.4,6552.4,-1025.0,86.47,10,8,44.2,40.9,6,16,15,4.6,1,180,4,231.2,8.0,39.14,14928.1,164.7,28.0,0.55,3.9,2.4,5.3,2.3,415,6296.7,6136.4,7577.4,0,1025.0,13.53,1,6.35,77.2,0,6848.2,107.08,263.5,Active,0,1,1,64.7,7
MOIL-04,Munsar,Maharashtra,Bhandara,2017-10-01,2017,10,8782.9,8853.6,70.7,100.8,10,9,2.8,41.1,0,12,12,0.0,0,180,5,237.6,8.0,40.06,18733.9,42.6,26.8,0.257,2.8,1.8,3.8,0.9,404,6552.4,7234.2,8782.9,1,0.0,0.0,0,5.17,87.8,0,8297.6,108.52,0.0,Active,0,1,0,79.3,10
MOIL-04,Munsar,Maharashtra,Bhandara,2017-11-01,2017,11,9471.8,9236.9,-234.9,97.52,10,10,10.3,48.1,3,16,16,0.0,0,180,5,239.2,8.0,39.12,19774.0,15.7,22.9,0.2,2.2,1.1,4.8,0.5,403,8853.6,8214.3,9471.8,0,234.9,2.48,0,3.23,106.3,0,8796.6,110.91,0.0,Active,0,1,0,78.7,9
MOIL-04,Munsar,Maharashtra,Bhandara,2017-12-01,2017,12,9385.7,9249.9,-135.8,98.55,10,9,0.4,43.2,0,12,12,0.0,0,180,5,240.0,8.0,39.79,19399.5,5.6,19.8,0.18,2.1,0.8,3.4,0.2,402,9236.9,9113.5,9385.7,0,135.8,1.45,0,4.25,97.1,0,8756.5,108.81,0.0,Active,0,1,0,85.8,10
MOIL-04,Munsar,Maharashtra,Bhandara,2018-01-01,2018,1,9836.6,9703.8,-132.8,98.65,10,9,9.2,44.6,1,15,15,0.0,0,180,5,239.2,8.0,39.33,16781.2,10.4,21.0,0.169,2.2,1.1,5.0,0.4,427,9249.9,9396.9,9836.6,0,132.8,1.35,0,3.82,99.9,0,10267.4,108.72,637.7,Active,0,1,0,84.4,10
MOIL-04,Munsar,Maharashtra,Bhandara,2018-02-01,2018,2,10018.8,9609.6,-409.2,95.92,10,10,1.0,43.1,0,14,14,0.0,0,180,5,239.2,8.0,38.89,20368.4,15.5,24.6,0.195,2.3,1.4,3.2,0.6,420,9703.8,9521.1,10018.8,0,409.2,4.08,0,3.23,98.9,0,9806.8,118.9,133.9,Active,0,1,0,90.0,10
MOIL-04,Munsar,Maharashtra,Bhandara,2018-03-01,2018,3,10018.8,10271.6,252.8,102.52,10,9,5.2,41.6,1,14,14,0.0,0,180,5,239.2,8.0,40.12,18851.8,12.8,29.0,0.184,2.2,1.4,3.8,0.3,402,9609.6,9861.7,10018.8,1,0.0,0.0,0,5.26,106.0,0,10202.8,117.76,0.0,Active,0,1,0,79.2,11
MOIL-04,Munsar,Maharashtra,Bhandara,2018-04-01,2018,4,9563.4,9595.1,31.7,100.33,10,10,22.9,47.6,3,16,16,0.0,0,180,5,240.0,8.0,39.54,15874.0,6.8,34.1,0.151,2.1,1.0,4.0,0.3,408,10271.6,9825.4,9563.4,1,0.0,0.0,0,3.87,110.5,0,8893.4,112.51,0.0,Active,0,1,0,84.2,10
MOIL-04,Munsar,Maharashtra,Bhandara,2018-05-01,2018,5,9108.0,8859.3,-248.7,97.27,10,10,7.3,44.3,1,13,13,0.0,0,180,5,239.2,8.0,39.63,19431.7,16.5,38.5,0.197,2.1,0.7,1.8,0.7,409,9595.1,9575.3,9108.0,0,248.7,2.73,0,3.41,103.7,0,8278.5,111.54,0.0,Active,0,1,0,79.7,9
MOIL-04,Munsar,Maharashtra,Bhandara,2018-06-01,2018,6,7741.8,7080.9,-660.9,91.46,10,8,16.7,48.2,1,15,14,5.7,1,180,4,229.6,8.0,37.03,12394.4,199.1,30.9,0.55,3.3,1.8,7.9,5.6,416,8859.3,8511.8,7741.8,0,660.9,8.54,1,7.44,56.0,0,7656.1,118.77,643.0,Active,0,1,1,57.3,8
MOIL-04,Munsar,Maharashtra,Bhandara,2018-07-01,2018,7,6831.0,5508.5,-1322.5,80.64,10,7,41.2,43.2,4,13,10,15.7,3,180,3,224.0,8.0,38.5,12231.3,322.1,26.9,0.55,5.4,2.1,8.5,11.1,408,7080.9,7149.6,6831.0,0,1322.5,19.36,1,9.79,49.9,0,5441.2,109.88,0.0,Active,0,1,1,47.1,5
MOIL-04,Munsar,Maharashtra,Bhandara,2018-08-01,2018,8,7104.2,5830.6,-1273.6,82.07,10,8,38.3,39.6,3,12,9,11.8,3,180,4,225.6,8.0,38.75,13003.2,269.4,26.6,0.55,7.2,4.4,6.9,11.3,421,5508.5,6140.0,7104.2,0,1273.6,17.93,1,8.2,57.9,0,5943.0,106.4,133.8,Active,0,1,1,47.2,5
MOIL-04,Munsar,Maharashtra,Bhandara,2018-09-01,2018,9,8015.0,7491.3,-523.7,93.47,10,8,44.0,46.9,4,13,13,0.0,0,180,4,232.0,8.0,40.16,17606.0,153.5,27.5,0.542,3.2,1.0,4.6,2.1,411,5830.6,6276.8,8015.0,0,523.7,6.53,1,8.03,77.9,0,6590.2,112.78,0.0,Active,0,1,1,65.5,9
MOIL-04,Munsar,Maharashtra,Bhandara,2018-10-01,2018,10,9290.2,8866.8,-423.4,95.44,10,10,9.3,43.5,1,12,12,0.0,0,180,5,236.8,8.0,38.56,17752.5,53.5,25.8,0.282,2.2,0.9,3.2,1.0,428,7491.3,7396.2,9290.2,0,423.4,4.56,0,4.8,94.5,0,8858.6,109.69,0.0,Active,0,1,0,76.0,9
MOIL-04,Munsar,Maharashtra,Bhandara,2018-11-01,2018,11,10018.8,9951.8,-67.0,99.33,10,9,15.0,46.1,3,12,12,0.0,0,180,5,239.2,8.0,38.54,17074.8,17.5,23.5,0.204,2.3,1.0,5.2,0.3,426,8866.8,8770.0,10018.8,0,67.0,0.67,0,4.52,104.7,0,10252.3,112.06,331.8,Active,0,1,0,83.7,9
MOIL-04,Munsar,Maharashtra,Bhandara,2018-12-01,2018,12,9927.7,9537.9,-389.8,96.07,10,9,0.3,39.3,0,13,13,0.0,0,180,5,240.0,8.0,37.98,21177.6,4.7,21.4,0.167,2.1,0.8,4.9,0.1,419,9951.8,9452.2,9927.7,0,389.8,3.93,0,4.04,96.7,0,8516.8,111.69,0.0,Active,0,1,0,88.2,10
MOIL-04,Munsar,Maharashtra,Bhandara,2019-01-01,2019,1,10210.3,9646.2,-564.1,94.48,10,9,9.3,42.6,1,12,12,0.0,0,180,5,239.2,8.0,39.74,21483.6,9.9,22.0,0.192,2.1,1.4,2.5,0.3,417,9537.9,9712.0,10210.3,0,564.1,5.52,1,4.91,103.0,0,8541.9,115.19,0.0,Active,0,1,0,85.0,10
MOIL-04,Munsar,Maharashtra,Bhandara,2019-02-01,2019,2,10399.4,10517.8,118.4,101.14,10,9,1.3,46.4,0,15,15,0.0,0,180,5,239.2,8.0,38.27,21420.5,20.1,24.2,0.204,2.2,0.9,4.9,0.3,407,9646.2,9900.6,10399.4,1,0.0,0.0,0,3.49,104.8,0,10588.1,114.54,42.2,Active,0,1,0,87.0,9
MOIL-04,Munsar,Maharashtra,Bhandara,2019-03-01,2019,3,10399.4,10493.9,94.5,100.91,10,9,17.9,44.5,2,14,14,0.0,0,180,5,239.2,8.0,38.48,22459.1,14.3,28.5,0.181,2.1,1.2,3.5,0.3,418,10517.8,10219.3,10399.4,1,0.0,0.0,0,5.99,98.6,0,11313.0,116.96,612.2,Active,0,1,0,83.3,9
MOIL-04,Munsar,Maharashtra,Bhandara,2019-04-01,2019,4,9926.7,9730.5,-196.2,98.02,10,10,16.0,45.1,4,14,14,0.0,0,180,5,239.2,8.0,37.5,18130.6,10.0,33.9,0.183,2.1,1.0,2.8,0.2,418,10493.9,10247.4,9926.7,0,196.2,1.98,0,4.7,78.1,0,10161.4,112.59,401.9,Active,0,1,0,82.5,10
MOIL-04,Munsar,Maharashtra,Bhandara,2019-05-01,2019,5,9454.0,9482.3,28.3,100.3,10,10,7.2,39.1,1,15,15,0.0,0,180,5,239.2,8.0,38.69,16015.6,15.6,37.2,0.184,2.2,1.2,2.6,0.5,422,9730.5,9902.2,9454.0,1,0.0,0.0,0,3.84,92.1,0,8483.7,120.08,0.0,Active,0,1,0,84.6,10
MOIL-04,Munsar,Maharashtra,Bhandara,2019-06-01,2019,6,8035.9,7462.9,-573.0,92.87,10,9,13.7,43.8,1,13,11,10.3,2,180,4,232.0,8.0,39.72,16250.0,148.9,32.1,0.542,4.4,2.3,7.9,6.5,427,9482.3,8891.9,8035.9,0,573.0,7.13,1,7.0,64.3,0,6988.5,115.63,0.0,Active,0,1,1,61.6,9
MOIL-04,Munsar,Maharashtra,Bhandara,2019-07-01,2019,7,7090.5,6098.1,-992.4,86.0,10,8,25.5,46.4,1,14,10,20.9,4,180,3,224.0,8.0,38.18,14292.3,307.9,25.5,0.55,4.1,1.4,7.8,6.6,424,7462.9,7681.1,7090.5,0,992.4,14.0,1,9.81,57.4,0,6450.8,122.05,241.0,Active,0,1,1,44.8,6
MOIL-04,Munsar,Maharashtra,Bhandara,2019-08-01,2019,8,7374.1,6043.7,-1330.4,81.96,10,8,33.4,47.1,4,12,7,28.6,5,180,3,224.0,8.0,38.4,15768.0,306.8,25.6,0.55,4.7,2.0,8.3,9.9,420,6098.1,6534.9,7374.1,0,1330.4,18.04,1,10.06,68.3,0,5742.2,116.93,0.0,Active,0,1,1,43.6,6
MOIL-04,Munsar,Maharashtra,Bhandara,2019-09-01,2019,9,8319.5,8167.3,-152.2,98.17,10,8,10.5,51.0,0,14,13,5.8,1,180,4,231.2,8.0,38.7,13345.8,158.0,26.7,0.55,4.3,1.9,6.4,5.0,424,6043.7,6769.7,8319.5,0,152.2,1.83,0,6.52,76.6,0,7768.9,115.52,0.0,Active,0,1,1,61.7,8
MOIL-04,Munsar,Maharashtra,Bhandara,2019-10-01,2019,10,9643.0,9246.5,-396.5,95.89,10,9,2.8,41.5,0,14,13,2.2,1,180,5,237.6,8.0,38.58,18154.1,41.8,26.5,0.246,2.6,0.8,4.2,1.0,420,8167.3,7819.2,9643.0,0,396.5,4.11,0,5.29,92.0,0,8926.3,120.72,0.0,Active,0,1,0,77.6,9
MOIL-04,Munsar,Maharashtra,Bhandara,2019-11-01,2019,11,10399.4,9972.3,-427.1,95.89,10,10,8.2,49.2,1,15,15,0.0,0,180,5,239.2,8.0,38.62,21758.4,13.9,22.7,0.181,2.1,1.4,3.3,0.4,414,9246.5,9128.7,10399.4,0,427.1,4.11,0,4.4,99.5,0,9421.3,116.83,0.0,Active,0,1,0,86.1,11
MOIL-04,Munsar,Maharashtra,Bhandara,2019-12-01,2019,12,10304.8,9731.8,-573.0,94.44,10,10,19.0,46.7,4,15,15,0.0,0,180,5,240.0,8.0,39.43,18831.1,5.3,20.7,0.162,2.1,1.0,3.7,0.1,404,9972.3,9650.2,10304.8,0,573.0,5.56,1,3.53,106.7,0,8941.3,113.64,0.0,Active,0,1,0,79.6,10
MOIL-04,Munsar,Maharashtra,Bhandara,2020-01-01,2020,1,8822.1,8716.7,-105.4,98.8,10,10,0.7,47.2,0,14,14,0.0,0,180,5,239.2,8.0,40.55,17657.2,11.2,21.4,0.178,2.2,1.5,2.5,0.2,410,9731.8,9473.6,8822.1,0,105.4,1.19,0,4.53,95.0,0,9349.5,119.3,545.4,Active,0,1,0,82.8,11
MOIL-04,Munsar,Maharashtra,Bhandara,2020-02-01,2020,2,8985.5,8906.0,-79.5,99.12,10,9,1.2,51.9,0,13,13,0.0,0,180,5,239.2,8.0,38.98,17473.2,18.1,23.8,0.188,2.2,0.9,2.8,0.3,422,8716.7,9118.2,8985.5,0,79.5,0.88,0,4.35,100.2,0,8392.0,121.63,0.0,Active,0,1,0,86.7,9
MOIL-04,Munsar,Maharashtra,Bhandara,2020-03-01,2020,3,8985.5,8718.5,-267.0,97.03,10,10,1.0,44.8,0,12,12,0.0,0,180,5,239.2,8.0,38.97,14421.8,15.0,30.5,0.175,2.1,0.9,3.2,0.3,405,8906.0,8780.4,8985.5,0,267.0,2.97,0,4.97,92.8,0,9329.6,120.46,732.5,Active,0,1,0,80.3,9
MOIL-04,Munsar,Maharashtra,Bhandara,2020-04-01,2020,4,8577.1,8450.4,-126.7,98.52,10,10,4.7,40.5,1,14,14,0.0,0,180,5,239.2,8.0,38.09,17621.2,9.4,34.1,0.179,2.0,0.7,4.3,0.2,412,8718.5,8691.6,8577.1,0,126.7,1.48,0,4.3,89.5,0,8683.2,117.99,181.9,Active,0,1,0,85.5,9
MOIL-04,Munsar,Maharashtra,Bhandara,2020-05-01,2020,5,8168.6,8335.9,167.3,102.05,10,9,7.0,39.5,1,16,16,0.0,0,180,5,239.2,8.0,38.95,13209.8,16.2,38.0,0.181,2.2,0.9,4.2,0.7,413,8450.4,8501.6,8168.6,1,0.0,0.0,0,4.43,96.0,0,8917.6,119.04,545.7,Active,0,1,0,82.3,10
MOIL-04,Munsar,Maharashtra,Bhandara,2020-06-01,2020,6,6943.3,6529.2,-414.1,94.04,10,8,16.2,46.1,1,12,12,0.0,0,180,4,230.4,8.0,41.39,11756.6,177.9,34.0,0.55,4.2,1.3,5.5,7.0,428,8335.9,7771.8,6943.3,0,414.1,5.96,1,6.94,78.1,0,7185.6,123.06,422.3,Active,0,1,1,56.3,9
MOIL-04,Munsar,Maharashtra,Bhandara,2020-07-01,2020,7,6126.5,5150.9,-975.6,84.08,10,9,60.8,50.1,7,16,13,9.0,3,180,4,228.8,8.0,36.03,11066.7,213.4,28.1,0.55,3.3,1.5,7.6,9.5,407,6529.2,6672.0,6126.5,0,975.6,15.92,1,8.74,61.8,0,5112.3,125.72,0.0,Active,0,1,1,52.8,7
MOIL-04,Munsar,Maharashtra,Bhandara,2020-08-01,2020,8,6371.5,5580.8,-790.7,87.59,10,8,39.5,49.1,3,15,14,4.5,1,180,4,226.4,8.0,39.9,12103.9,249.4,26.1,0.55,4.7,3.2,9.6,5.8,403,5150.9,5753.6,6371.5,0,790.7,12.41,1,9.16,62.2,0,5082.0,128.07,0.0,Active,0,1,1,47.9,8
MOIL-04,Munsar,Maharashtra,Bhandara,2020-09-01,2020,9,7188.4,6588.5,-599.9,91.65,10,8,15.6,48.7,1,15,14,3.1,1,180,4,230.4,8.0,39.48,11797.8,176.1,27.7,0.55,4.6,2.7,6.4,6.3,403,5580.8,5773.4,7188.4,0,599.9,8.35,1,6.79,88.5,0,6734.3,117.34,159.0,Active,0,1,1,60.9,7
MOIL-04,Munsar,Maharashtra,Bhandara,2020-10-01,2020,10,8332.0,7557.7,-774.3,90.71,10,9,34.8,48.0,4,13,12,2.7,1,180,5,237.6,8.0,36.59,13405.1,49.4,25.8,0.273,2.5,0.8,3.8,2.1,427,6588.5,6575.7,8332.0,0,774.3,9.29,1,5.34,88.7,0,7765.6,119.07,153.9,Active,0,1,0,80.2,9
MOIL-04,Munsar,Maharashtra,Bhandara,2020-11-01,2020,11,8985.5,8709.9,-275.6,96.93,10,10,9.4,42.8,1,15,15,0.0,0,180,5,239.2,8.0,38.29,16409.2,14.5,24.2,0.179,2.1,0.9,4.7,0.4,413,7557.7,7618.7,8985.5,0,275.6,3.07,0,4.81,104.4,0,8720.0,122.67,7.2,Active,0,1,0,84.2,11
MOIL-04,Munsar,Maharashtra,Bhandara,2020-12-01,2020,12,8903.8,8813.5,-90.3,98.99,10,10,0.4,51.4,0,14,14,0.0,0,180,5,240.0,8.0,37.12,18499.0,5.5,19.6,0.161,2.1,0.8,4.5,0.1,416,8709.9,8360.4,8903.8,0,90.3,1.01,0,2.95,93.2,0,9625.7,120.88,590.7,Active,0,1,0,81.9,9
MOIL-04,Munsar,Maharashtra,Bhandara,2021-01-01,2021,1,9700.2,9185.8,-514.4,94.7,10,10,16.5,44.2,3,14,13,5.1,1,180,5,239.2,8.0,39.68,18061.8,13.7,21.2,0.172,2.1,1.3,1.9,0.4,409,8813.5,8903.1,9700.2,0,514.4,5.3,1,4.25,102.6,0,8898.6,137.63,0.0,Active,0,1,0,81.4,10
MOIL-04,Munsar,Maharashtra,Bhandara,2021-02-01,2021,2,9879.9,9239.8,-640.1,93.52,10,10,21.1,41.7,3,14,14,0.0,0,180,5,239.2,8.0,39.13,21429.7,15.4,24.6,0.186,2.3,0.8,2.1,0.7,415,9185.8,9079.7,9879.9,0,640.1,6.48,1,3.35,96.6,0,9022.8,138.47,0.0,Active,0,1,0,81.9,10
MOIL-04,Munsar,Maharashtra,Bhandara,2021-03-01,2021,3,9879.9,9909.0,29.1,100.29,10,10,0.9,45.8,0,13,13,0.0,0,180,5,239.2,8.0,38.81,19115.0,12.9,28.9,0.18,2.1,1.0,3.0,0.4,415,9239.8,9444.9,9879.9,1,0.0,0.0,0,1.5,98.2,0,10143.8,139.2,124.0,Active,0,1,0,81.6,9
MOIL-04,Munsar,Maharashtra,Bhandara,2021-04-01,2021,4,9430.8,9109.6,-321.2,96.59,10,9,0.5,46.0,0,15,15,0.0,0,180,5,240.0,8.0,39.81,17653.1,6.9,34.8,0.169,2.1,0.7,3.8,0.3,402,9909.0,9419.5,9430.8,0,321.2,3.41,0,5.38,112.6,0,8302.2,135.91,0.0,Active,0,1,0,85.6,9
MOIL-04,Munsar,Maharashtra,Bhandara,2021-05-01,2021,5,8981.7,8723.9,-257.8,97.13,10,9,0.9,45.2,0,14,14,0.0,0,180,5,239.2,8.0,37.42,16277.1,13.9,37.9,0.165,2.1,1.1,5.1,0.4,400,9109.6,9247.5,8981.7,0,257.8,2.87,0,4.36,101.0,0,8738.1,135.12,8.0,Active,0,1,0,79.7,10
MOIL-04,Munsar,Maharashtra,Bhandara,2021-06-01,2021,6,7634.4,7166.3,-468.1,93.87,10,9,18.5,45.8,1,16,16,0.0,0,180,4,230.4,8.0,37.83,13175.1,175.5,32.6,0.55,2.8,1.7,4.5,3.8,408,8723.9,8333.3,7634.4,0,468.1,6.13,1,6.19,78.6,0,7539.8,140.74,333.5,Active,0,1,1,61.9,7
MOIL-04,Munsar,Maharashtra,Bhandara,2021-07-01,2021,7,6736.3,5535.3,-1201.0,82.17,10,8,40.4,43.3,3,16,15,4.9,1,180,3,224.0,8.0,37.9,14082.7,373.4,27.6,0.55,3.7,1.4,8.8,12.5,411,7166.3,7141.8,6736.3,0,1201.0,17.83,1,9.85,64.1,0,5959.8,130.02,217.2,Active,0,1,1,43.5,7
MOIL-04,Munsar,Maharashtra,Bhandara,2021-08-01,2021,8,7005.7,6097.8,-907.9,87.04,10,7,40.2,50.4,3,12,11,5.1,1,180,4,225.6,8.0,37.44,14452.2,271.5,27.3,0.55,6.2,2.1,9.3,6.1,404,5535.3,6266.5,7005.7,0,907.9,12.96,1,7.58,55.3,0,6458.7,135.22,405.7,Active,0,1,1,48.1,7
MOIL-04,Munsar,Maharashtra,Bhandara,2021-09-01,2021,9,7903.9,7469.4,-434.5,94.5,10,8,8.7,49.3,0,14,12,5.0,2,180,4,232.8,8.0,40.54,16363.9,130.9,28.3,0.46,3.2,1.4,6.1,4.1,428,6097.8,6367.5,7903.9,0,434.5,5.5,1,6.2,62.5,0,7729.8,138.15,270.5,Active,0,1,1,71.6,9
MOIL-04,Munsar,Maharashtra,Bhandara,2021-10-01,2021,10,9161.3,8810.6,-350.7,96.17,10,10,3.5,42.5,0,12,12,0.0,0,180,5,237.6,8.0,40.32,15305.5,51.8,27.2,0.271,2.3,1.1,4.1,0.7,413,7469.4,7459.3,9161.3,0,350.7,3.83,0,5.94,81.9,0,9493.9,130.87,673.8,Active,0,1,0,79.8,10
MOIL-04,Munsar,Maharashtra,Bhandara,2021-11-01,2021,11,9879.9,9948.6,68.7,100.7,10,10,1.0,45.1,0,15,15,0.0,0,180,5,239.2,8.0,41.41,17690.4,14.4,23.0,0.181,2.3,0.9,4.0,0.3,413,8810.6,8742.9,9879.9,1,0.0,0.0,0,3.31,103.9,0,9228.1,145.03,0.0,Active,0,1,0,89.0,9
MOIL-04,Munsar,Maharashtra,Bhandara,2021-12-01,2021,12,9790.0,9403.4,-386.6,96.05,10,9,0.3,47.5,0,15,15,0.0,0,180,5,240.0,8.0,39.24,16995.0,4.4,20.2,0.156,2.0,1.4,2.3,0.1,399,9948.6,9387.5,9790.0,0,386.6,3.95,0,4.54,97.7,0,9636.7,135.43,162.1,Active,0,1,0,83.0,10
MOIL-04,Munsar,Maharashtra,Bhandara,2022-01-01,2022,1,10839.0,10518.8,-320.2,97.05,10,9,0.7,39.2,0,14,14,0.0,0,180,5,239.2,8.0,39.54,21789.9,11.2,21.1,0.183,2.2,1.5,3.1,0.3,401,9403.4,9956.9,10839.0,0,320.2,2.95,0,3.5,91.9,0,10018.0,139.71,0.0,Active,0,1,0,81.5,11
MOIL-04,Munsar,Maharashtra,Bhandara,2022-02-01,2022,2,11039.7,10533.1,-506.6,95.41,10,9,8.3,48.3,2,13,12,4.7,1,180,5,239.2,8.0,37.92,17829.2,17.3,24.5,0.194,2.2,0.9,2.5,0.3,413,10518.8,10151.8,11039.7,0,506.6,4.59,0,5.0,93.4,0,10437.0,138.27,0.0,Active,0,1,0,81.6,11
MOIL-04,Munsar,Maharashtra,Bhandara,2022-03-01,2022,3,11039.7,10660.1,-379.6,96.56,10,9,0.9,39.0,0,14,14,0.0,0,180,5,239.2,8.0,40.23,23532.4,13.5,29.2,0.189,2.1,1.1,3.5,0.2,409,10533.1,10570.7,11039.7,0,379.6,3.44,0,3.8,111.8,0,10363.7,139.46,0.0,Active,0,1,0,82.7,10
MOIL-04,Munsar,Maharashtra,Bhandara,2022-04-01,2022,4,10537.9,10344.1,-193.8,98.16,10,9,0.5,48.7,0,14,14,0.0,0,180,5,240.0,8.0,39.03,22293.0,6.9,34.1,0.174,2.0,1.2,3.0,0.2,420,10660.1,10512.4,10537.9,0,193.8,1.84,0,4.0,84.9,0,9808.7,142.79,0.0,Active,0,1,0,84.4,9
MOIL-04,Munsar,Maharashtra,Bhandara,2022-05-01,2022,5,10036.1,9872.5,-163.6,98.37,10,9,0.9,43.1,0,15,15,0.0,0,180,5,239.2,8.0,37.49,21561.3,14.1,38.9,0.185,2.2,0.7,5.0,0.2,406,10344.1,10292.2,10036.1,0,163.6,1.63,0,2.95,85.3,0,9039.0,144.88,0.0,Active,0,1,0,80.6,9
MOIL-04,Munsar,Maharashtra,Bhandara,2022-06-01,2022,6,8530.7,7656.7,-874.0,89.76,10,9,16.8,48.5,2,12,11,5.7,1,180,4,232.0,8.0,39.61,14916.2,150.2,31.8,0.538,4.0,2.7,5.2,3.7,414,9872.5,9291.1,8530.7,0,874.0,10.25,1,5.34,86.0,0,7490.5,140.82,0.0,Active,0,1,1,61.4,9
MOIL-04,Munsar,Maharashtra,Bhandara,2022-07-01,2022,7,7527.1,6808.5,-718.6,90.45,10,7,32.6,39.0,2,13,12,4.2,1,180,4,226.4,8.0,37.35,16500.2,260.5,27.6,0.55,6.6,3.1,8.9,8.5,410,7656.7,8112.6,7527.1,0,718.6,9.55,1,8.96,65.5,0,7376.4,143.09,361.0,Active,0,1,1,52.8,7
MOIL-04,Munsar,Maharashtra,Bhandara,2022-08-01,2022,8,7828.1,6733.3,-1094.8,86.01,10,8,41.7,41.0,7,13,11,7.8,2,180,4,224.8,8.0,36.79,15153.2,280.2,25.9,0.55,6.7,2.1,8.2,9.1,411,6808.5,7066.2,7828.1,0,1094.8,13.99,1,8.88,65.2,0,7100.3,143.12,319.1,Active,0,1,1,48.0,6
MOIL-04,Munsar,Maharashtra,Bhandara,2022-09-01,2022,9,8831.7,8540.2,-291.5,96.7,10,8,31.5,45.4,3,12,11,3.6,1,180,4,232.0,8.0,37.94,16108.1,153.5,28.2,0.528,3.3,1.2,8.0,2.1,403,6733.3,7360.7,8831.7,0,291.5,3.3,0,6.36,76.0,0,8377.1,140.26,0.0,Active,0,1,1,61.8,9
MOIL-04,Munsar,Maharashtra,Bhandara,2022-10-01,2022,10,10236.8,9937.7,-299.1,97.08,10,10,13.4,45.5,3,14,14,0.0,0,180,5,237.6,8.0,38.66,20188.5,40.2,26.8,0.261,2.8,1.9,2.6,0.6,417,8540.2,8403.7,10236.8,0,299.1,2.92,0,4.95,80.5,0,10332.5,142.24,215.4,Active,0,1,0,76.3,9
MOIL-04,Munsar,Maharashtra,Bhandara,2022-11-01,2022,11,11039.7,11375.4,335.7,103.04,10,10,0.8,43.1,0,15,15,0.0,0,180,5,239.2,8.0,37.98,22946.9,11.5,24.4,0.173,2.2,0.7,4.0,0.3,405,9937.7,9951.1,11039.7,1,0.0,0.0,0,3.01,94.9,0,10935.3,140.85,0.0,Active,0,1,0,85.1,11
MOIL-04,Munsar,Maharashtra,Bhandara,2022-12-01,2022,12,10939.3,10646.6,-292.7,97.32,10,10,0.3,39.9,0,15,15,0.0,0,180,5,240.0,8.0,40.55,17705.2,4.9,20.6,0.172,2.0,1.2,4.7,0.2,421,11375.4,10653.2,10939.3,0,292.7,2.68,0,4.38,99.1,0,11256.6,143.74,531.8,Active,0,1,0,84.8,11
MOIL-04,Munsar,Maharashtra,Bhandara,2023-01-01,2023,1,11391.2,11369.2,-22.0,99.81,10,10,8.3,45.9,1,16,16,0.0,0,180,5,239.2,8.0,39.16,23096.8,11.9,21.7,0.179,2.1,1.3,2.6,0.3,426,10646.6,11130.4,11391.2,0,22.0,0.19,0,4.72,103.6,0,10480.8,148.56,0.0,Active,0,1,0,82.3,11
MOIL-04,Munsar,Maharashtra,Bhandara,2023-02-01,2023,2,11602.1,10818.3,-783.8,93.24,10,10,9.4,45.8,2,16,16,0.0,0,180,5,239.2,8.0,40.94,20772.5,19.5,24.0,0.204,2.2,1.0,5.2,0.6,422,11369.2,10944.7,11602.1,0,783.8,6.76,1,3.62,81.3,0,10849.9,143.6,26.6,Active,0,1,0,84.3,11
MOIL-04,Munsar,Maharashtra,Bhandara,2023-03-01,2023,3,11602.1,11322.3,-279.8,97.59,10,10,8.0,44.9,1,15,15,0.0,0,180,5,239.2,8.0,39.74,24833.4,16.0,29.3,0.212,2.1,1.0,1.3,0.5,419,10818.3,11169.9,11602.1,0,279.8,2.41,0,3.51,92.6,0,11284.4,149.09,0.0,Active,0,1,0,82.4,10
MOIL-04,Munsar,Maharashtra,Bhandara,2023-04-01,2023,4,11074.8,10922.0,-152.8,98.62,10,10,0.6,47.7,0,12,12,0.0,0,180,5,239.2,8.0,39.16,17818.9,8.9,33.7,0.17,2.2,1.2,4.2,0.2,426,11322.3,11020.9,11074.8,0,152.8,1.38,0,2.9,91.8,0,11226.2,142.56,228.9,Active,0,1,0,84.9,11
MOIL-04,Munsar,Maharashtra,Bhandara,2023-05-01,2023,5,10547.4,9785.8,-761.6,92.78,10,9,40.6,41.3,5,12,12,0.0,0,180,5,239.2,8.0,40.54,17426.8,19.0,38.8,0.193,2.2,1.4,4.1,0.8,417,10922.0,10676.7,10547.4,0,761.6,7.22,1,4.54,87.9,0,10550.3,150.4,415.3,Active,0,1,0,83.8,11
MOIL-04,Munsar,Maharashtra,Bhandara,2023-06-01,2023,6,8965.3,8741.4,-223.9,97.5,10,9,13.5,39.4,1,12,11,3.5,1,180,4,232.0,8.0,38.29,19302.6,154.5,31.8,0.527,2.6,1.0,7.1,4.3,419,9785.8,9816.4,8965.3,0,223.9,2.5,0,7.56,83.7,0,8596.0,145.79,0.0,Active,0,1,1,62.1,8
MOIL-04,Munsar,Maharashtra,Bhandara,2023-07-01,2023,7,7910.5,6916.5,-994.0,87.43,10,8,29.6,50.8,3,15,13,4.9,2,180,4,225.6,8.0,38.65,17135.0,274.6,26.8,0.55,6.6,3.4,6.7,6.7,411,8741.4,8481.2,7910.5,0,994.0,12.57,1,8.43,55.8,0,6444.9,141.93,0.0,Active,0,1,1,46.8,5
MOIL-04,Munsar,Maharashtra,Bhandara,2023-08-01,2023,8,8227.0,7233.0,-994.0,87.92,10,8,17.2,41.3,0,12,9,10.0,3,180,4,226.4,8.0,37.7,14951.9,258.6,26.5,0.55,5.2,1.7,7.5,4.1,424,6916.5,7630.3,8227.0,0,994.0,12.08,1,8.37,67.5,0,7802.1,143.58,336.4,Active,0,1,1,49.5,6
MOIL-04,Munsar,Maharashtra,Bhandara,2023-09-01,2023,9,9281.7,8682.9,-598.8,93.55,10,8,28.3,42.4,2,12,12,0.0,0,180,4,230.4,8.0,37.92,18971.2,182.1,27.5,0.55,3.4,2.3,6.9,5.7,415,7233.0,7610.8,9281.7,0,598.8,6.45,1,5.63,75.7,0,8710.0,149.79,25.7,Active,0,1,1,56.1,9
MOIL-04,Munsar,Maharashtra,Bhandara,2023-10-01,2023,10,10758.3,10103.7,-654.6,93.92,10,9,8.1,47.3,1,14,13,4.1,1,180,5,237.6,8.0,38.1,17771.7,40.5,26.8,0.258,2.5,1.2,4.9,1.0,400,8682.9,8673.2,10758.3,0,654.6,6.08,1,4.58,95.5,0,11451.4,141.42,1186.5,Active,0,1,0,80.3,9
MOIL-04,Munsar,Maharashtra,Bhandara,2023-11-01,2023,11,11602.1,11503.5,-98.6,99.15,10,9,0.9,42.2,0,14,14,0.0,0,180,5,239.2,8.0,37.83,24517.2,13.9,23.9,0.197,2.2,1.5,2.1,0.3,416,10103.7,10096.7,11602.1,0,98.6,0.85,0,4.49,97.1,0,12061.1,145.73,619.2,Active,0,1,0,80.2,9
MOIL-04,Munsar,Maharashtra,Bhandara,2023-12-01,2023,12,11496.7,11350.4,-146.3,98.73,10,9,0.3,44.3,0,16,16,0.0,0,180,5,240.0,8.0,39.7,23566.2,5.2,20.7,0.164,2.1,0.8,4.8,0.2,418,11503.5,10985.9,11496.7,0,146.3,1.27,0,5.09,93.7,0,11023.3,145.74,0.0,Active,0,1,0,81.2,9
MOIL-04,Munsar,Maharashtra,Bhandara,2024-01-01,2024,1,12118.0,11832.0,-286.0,97.64,10,9,0.8,41.5,0,16,16,0.0,0,180,5,239.2,8.0,39.14,23811.0,11.3,20.8,0.186,2.1,1.4,4.6,0.2,417,11350.4,11562.0,12118.0,0,286.0,2.36,0,2.71,96.2,0,11667.7,149.4,0.0,Active,0,1,0,86.8,10
MOIL-04,Munsar,Maharashtra,Bhandara,2024-02-01,2024,2,12342.4,11679.8,-662.6,94.63,10,10,24.2,39.9,4,15,15,0.0,0,180,5,239.2,8.0,37.28,23614.8,20.5,24.6,0.199,2.2,1.0,2.6,0.7,404,11832.0,11620.7,12342.4,0,662.6,5.37,1,4.26,108.1,0,12082.9,152.76,428.7,Active,0,1,0,82.2,11
MOIL-04,Munsar,Maharashtra,Bhandara,2024-03-01,2024,3,12342.4,12202.4,-140.0,98.87,10,10,0.8,43.8,0,16,16,0.0,0,180,5,239.2,8.0,39.33,20677.9,11.5,29.8,0.179,2.2,1.0,5.0,0.2,411,11679.8,11904.7,12342.4,0,140.0,1.13,0,3.8,92.9,0,13803.8,153.97,1650.8,Active,0,1,0,86.3,10
MOIL-04,Munsar,Maharashtra,Bhandara,2024-04-01,2024,4,11781.4,11508.1,-273.3,97.68,10,10,0.5,51.1,0,14,14,0.0,0,180,5,239.2,8.0,40.53,20349.8,7.7,34.6,0.182,2.1,1.5,4.0,0.1,416,12202.4,11796.8,11781.4,0,273.3,2.32,0,5.62,100.7,0,12094.7,151.89,585.6,Active,0,1,0,87.6,10
MOIL-04,Munsar,Maharashtra,Bhandara,2024-05-01,2024,5,11220.4,10976.6,-243.8,97.83,10,9,9.3,39.3,1,13,13,0.0,0,180,5,239.2,8.0,38.26,20531.6,16.8,39.0,0.199,2.2,1.2,2.5,0.6,426,11508.1,11562.4,11220.4,0,243.8,2.17,0,2.61,90.9,0,11335.1,149.52,254.1,Active,0,1,0,81.6,9
MOIL-04,Munsar,Maharashtra,Bhandara,2024-06-01,2024,6,9537.3,9024.2,-513.1,94.62,10,9,15.0,48.9,1,15,14,4.8,1,180,4,230.4,8.0,38.93,17371.2,174.4,32.2,0.55,5.1,1.7,6.7,4.0,411,10976.6,10503.0,9537.3,0,513.1,5.38,1,6.34,75.9,0,9750.9,155.52,416.5,Active,0,1,1,62.3,9
MOIL-04,Munsar,Maharashtra,Bhandara,2024-07-01,2024,7,8415.3,7310.9,-1104.4,86.88,10,7,26.8,44.1,1,12,10,9.7,2,180,3,224.0,8.0,38.82,15187.8,367.5,27.1,0.55,4.1,2.0,10.3,4.1,428,9024.2,9103.9,8415.3,0,1104.4,13.12,1,10.32,68.6,0,6823.1,156.08,0.0,Active,0,1,1,41.8,6
MOIL-04,Munsar,Maharashtra,Bhandara,2024-08-01,2024,8,8751.9,7686.2,-1065.7,87.82,10,7,62.6,50.8,6,13,11,7.5,2,180,4,225.6,8.0,39.1,17478.1,265.8,25.9,0.55,3.2,1.6,10.3,4.9,425,7310.9,8007.1,8751.9,0,1065.7,12.18,1,8.89,52.8,0,8195.8,150.28,590.8,Active,0,1,1,44.1,5
MOIL-04,Munsar,Maharashtra,Bhandara,2024-09-01,2024,9,9874.0,9012.8,-861.2,91.28,10,9,17.6,48.9,1,16,16,0.0,0,180,4,231.2,8.0,40.11,17419.2,166.5,27.3,0.55,2.7,1.2,8.3,4.2,408,7686.2,8003.3,9874.0,0,861.2,8.72,1,5.25,85.5,0,9677.1,151.31,567.5,Active,0,1,1,66.0,9
MOIL-04,Munsar,Maharashtra,Bhandara,2024-10-01,2024,10,11444.8,11073.7,-371.1,96.76,10,10,9.6,48.0,1,12,12,0.0,0,180,5,237.6,8.0,39.09,22140.6,47.9,25.8,0.27,2.2,1.2,2.1,1.9,404,9012.8,9257.6,11444.8,0,371.1,3.24,0,3.89,100.8,0,10554.8,149.35,0.0,Active,0,1,0,77.4,8
MOIL-04,Munsar,Maharashtra,Bhandara,2024-11-01,2024,11,12342.4,12555.2,212.8,101.72,10,9,0.7,47.3,0,13,13,0.0,0,180,5,239.2,8.0,37.03,23003.5,10.5,23.7,0.173,2.2,1.1,3.2,0.2,405,11073.7,10880.6,12342.4,1,0.0,0.0,0,3.54,98.1,0,11921.7,144.95,0.0,Active,0,1,0,81.5,11
MOIL-04,Munsar,Maharashtra,Bhandara,2024-12-01,2024,12,12230.2,12115.9,-114.3,99.07,10,9,0.4,41.1,0,16,16,0.0,0,180,5,240.0,8.0,40.48,26292.5,5.5,19.4,0.156,2.1,0.9,1.7,0.1,406,12555.2,11914.9,12230.2,0,114.3,0.93,0,4.04,94.6,0,12410.7,155.75,219.8,Active,0,1,0,82.0,9
MOIL-04,Munsar,Maharashtra,Bhandara,2025-01-01,2025,1,12678.8,12685.8,7.0,100.05,10,10,0.8,42.8,0,16,16,0.0,0,180,5,239.2,8.0,39.3,22802.3,11.8,21.8,0.167,2.1,1.3,4.9,0.5,403,12115.9,12452.3,12678.8,1,0.0,0.0,0,6.15,92.0,0,13471.9,155.95,874.4,Active,0,1,0,87.2,10
MOIL-04,Munsar,Maharashtra,Bhandara,2025-02-01,2025,2,12913.6,12053.0,-860.6,93.34,10,10,17.6,45.8,2,16,16,0.0,0,180,5,239.2,8.0,37.81,22522.8,16.6,25.2,0.203,2.1,0.8,1.7,0.8,426,12685.8,12284.9,12913.6,0,860.6,6.66,1,4.52,97.0,0,11926.9,152.4,0.0,Active,0,1,0,83.4,10
MOIL-04,Munsar,Maharashtra,Bhandara,2025-03-01,2025,3,12913.6,12239.1,-674.5,94.78,10,10,6.1,44.3,1,15,15,0.0,0,180,5,239.2,8.0,39.94,23748.2,12.1,30.0,0.17,2.1,1.2,1.9,0.5,424,12053.0,12326.0,12913.6,0,674.5,5.22,1,5.0,108.5,0,12439.7,152.24,189.0,Active,0,1,0,84.3,11
MOIL-04,Munsar,Maharashtra,Bhandara,2025-04-01,2025,4,12326.6,12284.1,-42.5,99.65,10,9,3.7,41.7,1,14,14,0.0,0,180,5,239.2,8.0,40.45,26695.9,8.2,34.2,0.181,2.1,0.7,3.5,0.3,399,12239.1,12192.1,12326.6,0,42.5,0.34,0,4.3,95.5,0,12997.9,153.4,598.2,Active,0,1,0,85.8,10
MOIL-04,Munsar,Maharashtra,Bhandara,2025-05-01,2025,5,11739.7,11456.3,-283.4,97.59,10,9,18.6,43.4,4,12,12,0.0,0,180,5,239.2,8.0,39.41,21771.9,15.2,39.0,0.187,2.1,0.8,4.2,0.5,419,12284.1,11993.2,11739.7,0,283.4,2.41,0,3.52,94.0,0,13025.2,156.03,1335.0,Active,0,1,0,79.8,9
MOIL-04,Munsar,Maharashtra,Bhandara,2025-06-01,2025,6,9978.7,9268.3,-710.4,92.88,10,8,28.8,49.6,3,15,15,0.0,0,180,4,230.4,8.0,39.37,19412.7,183.8,32.3,0.55,3.7,2.1,8.3,8.0,423,11456.3,11002.9,9978.7,0,710.4,7.12,1,7.67,88.4,0,10181.3,154.26,709.5,Active,0,1,1,62.6,8
MOIL-04,Munsar,Maharashtra,Bhandara,2025-07-01,2025,7,8804.7,7852.0,-952.7,89.18,10,8,30.3,49.7,2,13,12,4.7,1,180,4,226.4,8.0,41.94,16241.2,248.5,27.2,0.55,6.7,2.4,7.1,5.8,402,9268.3,9525.5,8804.7,0,952.7,10.82,1,8.89,69.9,0,8892.0,155.51,769.6,Active,0,1,1,44.2,6
MOIL-04,Munsar,Maharashtra,Bhandara,2025-08-01,2025,8,9156.9,8174.6,-982.3,89.27,10,7,22.1,42.6,2,12,11,3.6,1,180,4,227.2,8.0,38.62,15384.8,237.6,25.5,0.55,4.8,2.4,6.5,9.5,423,7852.0,8431.6,9156.9,0,982.3,10.73,1,7.82,71.0,0,9239.2,154.92,938.5,Active,0,1,1,54.0,6
MOIL-04,Munsar,Maharashtra,Bhandara,2025-09-01,2025,9,10330.9,9718.0,-612.9,94.07,10,9,16.4,46.7,1,16,16,0.0,0,180,4,232.0,8.0,39.15,19339.0,144.4,27.2,0.517,3.1,1.3,5.0,3.0,401,8174.6,8581.5,10330.9,0,612.9,5.93,1,5.84,86.2,0,9436.8,156.58,0.0,Active,0,1,1,62.4,9
MOIL-04,Munsar,Maharashtra,Bhandara,2025-10-01,2025,10,11974.5,11300.8,-673.7,94.37,10,9,11.3,51.0,1,15,15,0.0,0,180,5,237.6,8.0,39.52,24124.8,43.1,27.0,0.246,2.5,1.2,1.9,1.7,407,9718.0,9731.1,11974.5,0,673.7,5.63,1,4.04,90.3,0,11067.2,156.61,0.0,Active,0,1,0,83.7,9
MOIL-04,Munsar,Maharashtra,Bhandara,2025-11-01,2025,11,12913.6,12789.6,-124.0,99.04,10,10,0.9,43.1,0,12,12,0.0,0,180,5,239.2,8.0,38.44,26841.5,13.3,24.6,0.185,2.1,1.5,2.9,0.4,420,11300.8,11269.5,12913.6,0,124.0,0.96,0,5.2,99.8,0,13276.6,158.81,524.1,Active,0,1,0,77.8,9
MOIL-04,Munsar,Maharashtra,Bhandara,2025-12-01,2025,12,12796.2,12117.4,-678.8,94.7,10,9,11.4,42.3,2,15,15,0.0,0,180,5,240.0,8.0,39.93,22750.0,4.2,21.4,0.159,2.0,1.0,3.6,0.2,406,12789.6,12069.3,12796.2,0,678.8,5.3,1,3.94,106.1,0,11531.2,159.94,0.0,Active,0,1,0,84.7,10
MOIL-05,Chikla,Maharashtra,Bhandara,2015-01-01,2015,1,7688.1,7630.7,-57.4,99.25,9,9,0.9,41.0,0,13,13,0.0,0,160,5,239.2,8.0,37.64,14025.2,12.8,21.4,0.18,2.1,0.9,5.2,0.5,389,7630.7,7630.7,7688.1,0,57.4,0.75,0,4.52,98.7,0,7017.9,101.85,0.0,Active,0,1,0,83.3,10
MOIL-05,Chikla,Maharashtra,Bhandara,2015-02-01,2015,2,7830.5,7493.4,-337.1,95.69,9,9,1.3,41.9,0,12,12,0.0,0,160,5,239.2,8.0,37.95,14732.7,18.9,24.6,0.196,2.2,1.4,1.9,0.4,381,7630.7,7562.0,7830.5,0,337.1,4.3,0,4.66,96.5,0,7382.1,96.58,0.0,Active,0,1,0,85.2,9
MOIL-05,Chikla,Maharashtra,Bhandara,2015-03-01,2015,3,7830.5,7589.2,-241.3,96.92,9,9,0.9,45.4,0,13,13,0.0,0,160,5,239.2,8.0,41.79,15155.2,13.0,30.3,0.189,2.0,1.1,3.7,0.4,386,7493.4,7571.1,7830.5,0,241.3,3.08,0,4.88,102.5,0,6674.6,102.17,0.0,Active,0,1,0,85.5,10
MOIL-05,Chikla,Maharashtra,Bhandara,2015-04-01,2015,4,7474.6,7420.6,-54.0,99.28,9,9,0.6,45.8,0,14,14,0.0,0,160,5,239.2,8.0,38.93,14968.5,8.8,34.2,0.181,2.1,1.2,1.7,0.3,389,7589.2,7501.1,7474.6,0,54.0,0.72,0,3.42,91.4,0,6332.8,103.17,0.0,Active,0,1,0,89.4,11
MOIL-05,Chikla,Maharashtra,Bhandara,2015-05-01,2015,5,7118.6,6680.7,-437.9,93.85,9,8,15.0,47.1,3,13,13,0.0,0,160,5,239.2,8.0,38.59,11550.9,15.8,37.2,0.191,2.3,1.5,3.2,0.5,398,7420.6,7230.2,7118.6,0,437.9,6.15,1,5.33,97.1,0,5806.4,102.31,0.0,Active,0,1,0,81.1,10
MOIL-05,Chikla,Maharashtra,Bhandara,2015-06-01,2015,6,6050.8,5665.5,-385.3,93.63,9,7,15.7,39.1,1,11,11,0.0,0,160,4,231.2,8.0,39.81,11461.5,158.3,32.2,0.55,3.5,2.1,6.3,3.2,387,6680.7,6588.9,6050.8,0,385.3,6.37,1,6.22,77.6,0,5155.2,103.19,0.0,Active,0,1,1,62.8,9
MOIL-05,Chikla,Maharashtra,Bhandara,2015-07-01,2015,7,5339.0,4835.1,-503.9,90.56,9,6,34.9,44.0,4,14,14,0.0,0,160,4,225.6,8.0,39.68,10947.7,267.2,27.5,0.55,7.1,4.4,10.3,7.5,375,5665.5,5727.1,5339.0,0,503.9,9.44,1,9.0,56.4,0,4400.0,104.21,0.0,Active,0,1,1,45.8,7
MOIL-05,Chikla,Maharashtra,Bhandara,2015-08-01,2015,8,5552.5,5086.4,-466.1,91.6,9,7,36.1,39.1,4,13,11,4.4,2,160,4,225.6,8.0,37.99,11727.3,267.9,26.1,0.55,3.7,1.9,7.7,6.1,402,4835.1,5195.7,5552.5,0,466.1,8.39,1,8.72,63.0,0,4971.8,102.8,0.0,Active,0,1,1,47.5,7
MOIL-05,Chikla,Maharashtra,Bhandara,2015-09-01,2015,9,6264.4,5820.1,-444.3,92.91,9,8,23.4,43.3,2,14,14,0.0,0,160,4,232.8,8.0,36.46,12803.6,140.2,27.5,0.505,3.0,1.0,7.4,3.4,396,5086.4,5247.2,6264.4,0,444.3,7.09,1,8.17,77.0,0,5971.5,103.46,172.8,Active,0,1,1,65.4,9
MOIL-05,Chikla,Maharashtra,Bhandara,2015-10-01,2015,10,7261.0,7231.4,-29.6,99.59,9,9,3.3,41.2,0,14,14,0.0,0,160,5,237.6,8.0,38.18,14490.7,49.1,25.9,0.283,2.4,1.1,3.0,1.1,374,5820.1,6046.0,7261.0,0,29.6,0.41,0,4.43,102.7,0,6268.1,100.63,0.0,Active,0,1,0,79.0,9
MOIL-05,Chikla,Maharashtra,Bhandara,2015-11-01,2015,11,7830.5,7476.2,-354.3,95.48,9,9,38.5,46.1,5,14,14,0.0,0,160,5,239.2,8.0,37.92,14315.8,12.6,23.5,0.176,2.2,0.7,1.6,0.3,387,7231.4,6842.6,7830.5,0,354.3,4.52,0,5.6,86.2,0,7596.7,94.55,84.5,Active,0,1,0,83.8,11
MOIL-05,Chikla,Maharashtra,Bhandara,2015-12-01,2015,12,7759.3,7635.5,-123.8,98.4,9,8,0.3,43.1,0,12,12,0.0,0,160,5,240.0,8.0,36.83,15353.7,4.8,20.9,0.159,2.0,0.6,5.0,0.1,382,7476.2,7447.7,7759.3,0,123.8,1.6,0,4.06,93.0,0,6681.2,103.11,0.0,Active,0,1,0,85.5,10
MOIL-05,Chikla,Maharashtra,Bhandara,2016-01-01,2016,1,7939.4,7722.0,-217.4,97.26,9,8,9.0,40.3,1,13,13,0.0,0,160,5,239.2,8.0,41.03,16213.2,11.9,21.4,0.187,2.1,0.7,2.3,0.3,373,7635.5,7611.2,7939.4,0,217.4,2.74,0,4.92,113.9,0,7968.6,107.13,194.0,Active,0,1,0,83.9,9
MOIL-05,Chikla,Maharashtra,Bhandara,2016-02-01,2016,2,8086.5,7912.0,-174.5,97.84,9,9,1.2,46.4,0,11,11,0.0,0,160,5,239.2,8.0,37.55,13162.0,17.6,24.8,0.188,2.2,1.0,1.6,0.7,376,7722.0,7756.5,8086.5,0,174.5,2.16,0,3.57,106.0,0,8304.0,99.18,382.1,Active,0,1,0,76.8,10
MOIL-05,Chikla,Maharashtra,Bhandara,2016-03-01,2016,3,8086.5,8255.6,169.1,102.09,9,8,1.0,49.2,0,13,13,0.0,0,160,5,239.2,8.0,39.43,13259.3,14.3,29.3,0.188,2.2,1.0,3.2,0.5,401,7912.0,7963.2,8086.5,1,0.0,0.0,0,3.39,79.8,0,8024.1,106.49,0.0,Active,0,1,0,80.7,10
MOIL-05,Chikla,Maharashtra,Bhandara,2016-04-01,2016,4,7718.9,7511.1,-207.8,97.31,9,9,7.3,44.1,2,15,15,0.0,0,160,5,239.2,8.0,39.83,16813.2,8.4,34.3,0.167,2.0,1.0,2.6,0.2,398,8255.6,7892.9,7718.9,0,207.8,2.69,0,5.03,93.6,0,7376.7,106.01,0.0,Active,0,1,0,83.8,11
MOIL-05,Chikla,Maharashtra,Bhandara,2016-05-01,2016,5,7351.3,6962.7,-388.6,94.71,9,8,20.8,48.1,5,15,15,0.0,0,160,5,239.2,8.0,41.01,12615.7,14.4,37.7,0.184,2.1,1.1,3.1,0.2,385,7511.1,7576.5,7351.3,0,388.6,5.29,1,4.41,101.5,0,6507.2,106.22,0.0,Active,0,1,0,77.8,11
MOIL-05,Chikla,Maharashtra,Bhandara,2016-06-01,2016,6,6248.6,5900.3,-348.3,94.43,9,7,22.4,47.4,2,12,12,0.0,0,160,4,231.2,8.0,39.38,12494.8,161.7,32.4,0.55,5.1,1.8,8.0,6.2,400,6962.7,6791.4,6248.6,0,348.3,5.57,1,7.35,73.8,0,5160.5,103.82,0.0,Active,0,1,1,64.9,7
MOIL-05,Chikla,Maharashtra,Bhandara,2016-07-01,2016,7,5513.5,4914.2,-599.3,89.13,9,6,30.4,47.4,4,11,10,4.7,1,160,4,228.0,8.0,39.02,8951.4,227.2,26.9,0.55,3.9,2.2,9.0,8.8,378,5900.3,5925.7,5513.5,0,599.3,10.87,1,7.7,85.3,0,4518.5,105.11,0.0,Active,0,1,1,57.7,8
MOIL-05,Chikla,Maharashtra,Bhandara,2016-08-01,2016,8,5734.0,4983.4,-750.6,86.91,9,7,37.8,47.0,5,12,9,14.0,3,160,4,224.8,8.0,38.8,9812.4,286.1,26.0,0.55,5.2,2.6,7.1,7.8,391,4914.2,5266.0,5734.0,0,750.6,13.09,1,7.77,49.9,0,4301.0,104.13,0.0,Active,0,1,1,51.5,7
MOIL-05,Chikla,Maharashtra,Bhandara,2016-09-01,2016,9,6469.2,5741.4,-727.8,88.75,9,7,26.7,47.6,5,14,13,5.6,1,160,4,230.4,8.0,39.75,10876.9,174.4,27.6,0.55,5.0,3.0,6.5,2.9,373,4983.4,5213.0,6469.2,0,727.8,11.25,1,7.2,80.1,0,6077.8,103.42,397.5,Active,0,1,1,60.5,9
MOIL-05,Chikla,Maharashtra,Bhandara,2016-10-01,2016,10,7498.3,6699.6,-798.7,89.35,9,9,9.7,41.2,1,12,12,0.0,0,160,5,236.8,8.0,41.57,14529.2,58.7,27.2,0.298,2.5,1.0,4.5,0.9,387,5741.4,5808.1,7498.3,0,798.7,10.65,1,5.05,90.6,0,6877.8,105.58,116.3,Active,0,1,0,76.9,8
MOIL-05,Chikla,Maharashtra,Bhandara,2016-11-01,2016,11,8086.5,7866.0,-220.5,97.27,9,8,6.0,41.2,1,11,11,0.0,0,160,5,239.2,8.0,37.41,16646.6,16.2,24.3,0.213,2.2,1.0,4.7,0.3,382,6699.6,6769.0,8086.5,0,220.5,2.73,0,4.4,98.4,0,7460.9,105.23,0.0,Active,0,1,0,85.0,10
MOIL-05,Chikla,Maharashtra,Bhandara,2016-12-01,2016,12,8012.9,7690.9,-322.0,95.98,9,8,7.2,44.2,2,13,13,0.0,0,160,5,240.0,8.0,37.42,16331.0,5.3,20.7,0.168,2.0,0.6,2.8,0.2,389,7866.0,7418.8,8012.9,0,322.0,4.02,0,4.55,95.7,0,6801.1,99.45,0.0,Active,0,1,0,87.4,10
MOIL-05,Chikla,Maharashtra,Bhandara,2017-01-01,2017,1,8266.3,8174.0,-92.3,98.88,9,9,3.9,38.8,1,14,14,0.0,0,160,5,239.2,8.0,37.22,15024.0,13.6,22.1,0.183,2.3,1.1,2.8,0.5,373,7690.9,7910.3,8266.3,0,92.3,1.12,0,4.15,103.4,0,8707.0,108.73,517.2,Active,0,1,0,80.4,10
MOIL-05,Chikla,Maharashtra,Bhandara,2017-02-01,2017,2,8419.4,8201.2,-218.2,97.41,9,9,10.0,39.4,1,13,13,0.0,0,160,5,239.2,8.0,39.34,17701.2,18.2,23.7,0.211,2.3,1.3,3.0,0.7,374,8174.0,8022.0,8419.4,0,218.2,2.59,0,4.89,105.2,0,8519.4,112.24,163.1,Active,0,1,0,84.7,11
MOIL-05,Chikla,Maharashtra,Bhandara,2017-03-01,2017,3,8419.4,8227.8,-191.6,97.72,9,9,9.7,41.9,1,15,15,0.0,0,160,5,239.2,8.0,38.75,15604.3,12.9,28.9,0.182,2.1,0.8,5.1,0.3,389,8201.2,8201.0,8419.4,0,191.6,2.28,0,4.21,95.7,0,8688.3,107.41,509.3,Active,0,1,0,87.9,11
MOIL-05,Chikla,Maharashtra,Bhandara,2017-04-01,2017,4,8036.7,7826.8,-209.9,97.39,9,9,0.7,47.6,0,11,11,0.0,0,160,5,239.2,8.0,37.54,15026.1,10.4,33.8,0.172,2.2,1.4,3.4,0.2,402,8227.8,8085.3,8036.7,0,209.9,2.61,0,5.03,110.3,0,7266.0,111.51,0.0,Active,0,1,0,84.9,11
MOIL-05,Chikla,Maharashtra,Bhandara,2017-05-01,2017,5,7654.0,7184.6,-469.4,93.87,9,9,26.5,47.6,3,11,11,0.0,0,160,5,239.2,8.0,40.26,14207.2,13.2,37.7,0.205,2.2,0.8,3.9,0.2,388,7826.8,7746.4,7654.0,0,469.4,6.13,1,4.08,96.0,0,7164.0,106.42,0.0,Active,0,1,0,82.8,9
MOIL-05,Chikla,Maharashtra,Bhandara,2017-06-01,2017,6,6505.9,5342.6,-1163.3,82.12,9,7,37.8,48.3,3,15,12,15.3,3,160,4,229.6,8.0,39.8,11217.3,192.4,32.2,0.55,2.9,2.0,7.0,4.0,379,7184.6,6784.7,6505.9,0,1163.3,17.88,1,7.36,71.4,0,5384.9,110.1,29.3,Active,0,1,1,59.2,8
MOIL-05,Chikla,Maharashtra,Bhandara,2017-07-01,2017,7,5740.5,5149.7,-590.8,89.71,9,7,28.7,48.8,2,13,12,3.4,1,160,4,225.6,8.0,37.4,12546.9,276.9,26.9,0.55,5.8,3.9,8.4,8.5,384,5342.6,5892.3,5740.5,0,590.8,10.29,1,8.73,51.9,0,4632.6,111.89,0.0,Active,0,1,1,50.7,5
MOIL-05,Chikla,Maharashtra,Bhandara,2017-08-01,2017,8,5970.1,5021.2,-948.9,84.11,9,7,55.6,37.4,7,11,10,2.5,1,160,4,225.6,8.0,40.64,12467.5,269.2,27.3,0.55,5.1,2.1,8.9,11.4,397,5149.7,5171.2,5970.1,0,948.9,15.89,1,6.77,76.2,0,4611.3,114.24,0.0,Active,0,1,1,47.1,5
MOIL-05,Chikla,Maharashtra,Bhandara,2017-09-01,2017,9,6735.5,6379.2,-356.3,94.71,9,7,18.9,46.0,1,14,14,0.0,0,160,4,231.2,8.0,38.94,14489.1,159.4,27.5,0.549,4.7,2.4,5.8,5.0,395,5021.2,5516.7,6735.5,0,356.3,5.29,1,8.08,87.2,0,6510.3,104.93,98.1,Active,0,1,1,62.9,9
MOIL-05,Chikla,Maharashtra,Bhandara,2017-10-01,2017,10,7807.0,7596.1,-210.9,97.3,9,8,16.7,45.0,2,12,12,0.0,0,160,5,238.4,8.0,35.12,16032.6,37.2,26.5,0.26,2.3,1.4,3.7,1.2,389,6379.2,6332.2,7807.0,0,210.9,2.7,0,4.34,82.9,0,7003.9,105.39,0.0,Active,0,1,0,80.0,10
MOIL-05,Chikla,Maharashtra,Bhandara,2017-11-01,2017,11,8419.4,8561.5,142.1,101.69,9,8,0.9,40.3,0,12,12,0.0,0,160,5,239.2,8.0,39.22,17714.8,13.6,21.7,0.184,2.1,0.8,4.3,0.5,398,7596.1,7512.3,8419.4,1,0.0,0.0,0,4.25,97.3,0,7927.0,108.04,0.0,Active,0,1,0,83.8,9
MOIL-05,Chikla,Maharashtra,Bhandara,2017-12-01,2017,12,8342.8,8375.7,32.9,100.39,9,9,6.4,46.9,1,12,12,0.0,0,160,5,240.0,8.0,37.55,17516.8,5.4,20.0,0.152,2.1,1.0,1.8,0.2,390,8561.5,8177.8,8342.8,1,0.0,0.0,0,4.59,102.3,0,7575.7,102.85,0.0,Active,0,1,0,88.3,11
MOIL-05,Chikla,Maharashtra,Bhandara,2018-01-01,2018,1,8743.7,8013.3,-730.4,91.65,9,9,17.1,43.8,3,15,15,0.0,0,160,5,239.2,8.0,38.08,17629.9,14.3,21.5,0.185,2.1,1.0,3.5,0.6,375,8375.7,8316.8,8743.7,0,730.4,8.35,1,5.34,87.2,0,8063.6,115.6,26.4,Active,0,1,0,84.5,10
MOIL-05,Chikla,Maharashtra,Bhandara,2018-02-01,2018,2,8905.6,8476.8,-428.8,95.19,9,9,8.4,44.7,1,14,14,0.0,0,160,5,239.2,8.0,38.18,18818.8,17.9,24.5,0.207,2.2,0.8,4.3,0.3,401,8013.3,8288.6,8905.6,0,428.8,4.81,0,4.0,108.8,0,8693.7,109.56,216.8,Active,0,1,0,78.7,9
MOIL-05,Chikla,Maharashtra,Bhandara,2018-03-01,2018,3,8905.6,8634.2,-271.4,96.95,9,8,13.5,42.7,2,11,11,0.0,0,160,5,239.2,8.0,38.52,18952.3,11.1,29.8,0.172,2.2,1.0,5.0,0.5,394,8476.8,8374.8,8905.6,0,271.4,3.05,0,4.02,97.8,0,9273.9,111.87,653.6,Active,0,1,0,84.0,11
MOIL-05,Chikla,Maharashtra,Bhandara,2018-04-01,2018,4,8500.8,8110.0,-390.8,95.4,9,8,30.1,44.9,4,14,14,0.0,0,160,5,239.2,8.0,38.57,16718.5,9.8,34.2,0.178,2.1,0.9,2.0,0.4,375,8634.2,8407.0,8500.8,0,390.8,4.6,0,3.4,106.0,0,8468.9,112.6,214.4,Active,0,1,0,80.6,9
MOIL-05,Chikla,Maharashtra,Bhandara,2018-05-01,2018,5,8096.0,7901.8,-194.2,97.6,9,9,9.2,43.6,1,11,11,0.0,0,160,5,239.2,8.0,39.95,14622.5,17.6,37.7,0.192,2.3,0.9,5.1,0.5,397,8110.0,8215.3,8096.0,0,194.2,2.4,0,4.2,92.1,0,7511.3,114.48,0.0,Active,0,1,0,84.4,11
MOIL-05,Chikla,Maharashtra,Bhandara,2018-06-01,2018,6,6881.6,6373.6,-508.0,92.62,9,7,21.0,37.9,2,14,14,0.0,0,160,4,229.6,8.0,38.6,15122.1,189.5,31.2,0.55,2.7,1.9,5.0,2.7,398,7901.8,7461.8,6881.6,0,508.0,7.38,1,6.46,61.3,0,6092.9,112.77,0.0,Active,0,1,1,60.0,7
MOIL-05,Chikla,Maharashtra,Bhandara,2018-07-01,2018,7,6072.0,5449.8,-622.2,89.75,9,7,25.9,43.3,2,14,13,2.1,1,160,4,227.2,8.0,41.07,10458.7,244.1,28.6,0.55,4.3,2.6,7.0,4.0,379,6373.6,6575.1,6072.0,0,622.2,10.25,1,9.86,77.1,0,5177.5,116.47,0.0,Active,0,1,1,54.6,7
MOIL-05,Chikla,Maharashtra,Bhandara,2018-08-01,2018,8,6314.9,5864.1,-450.8,92.86,9,7,23.2,48.8,2,12,12,0.0,0,160,4,228.8,8.0,39.11,11779.9,208.9,26.7,0.55,3.8,1.3,7.6,3.6,386,5449.8,5895.8,6314.9,0,450.8,7.14,1,6.15,73.5,0,5527.9,114.88,0.0,Active,0,1,1,56.7,8
MOIL-05,Chikla,Maharashtra,Bhandara,2018-09-01,2018,9,7124.5,6547.1,-577.4,91.9,9,8,18.6,44.3,1,11,10,4.5,1,160,4,230.4,8.0,37.92,15284.3,181.4,28.0,0.55,3.4,2.3,8.5,8.4,389,5864.1,5953.7,7124.5,0,577.4,8.1,1,7.97,88.0,0,5931.8,112.51,0.0,Active,0,1,1,67.1,7
MOIL-05,Chikla,Maharashtra,Bhandara,2018-10-01,2018,10,8257.9,7972.4,-285.5,96.54,9,8,11.5,40.5,1,14,14,0.0,0,160,5,236.8,8.0,36.28,15607.3,59.4,27.1,0.307,2.8,1.9,2.3,0.9,386,6547.1,6794.5,8257.9,0,285.5,3.46,0,5.03,95.8,0,7330.0,116.74,0.0,Active,0,1,0,81.2,8
MOIL-05,Chikla,Maharashtra,Bhandara,2018-11-01,2018,11,8905.6,8697.6,-208.0,97.66,9,8,0.9,47.0,0,15,15,0.0,0,160,5,239.2,8.0,37.91,16462.9,14.0,24.0,0.2,2.3,1.5,2.7,0.3,383,7972.4,7739.0,8905.6,0,208.0,2.34,0,4.09,96.6,0,7935.8,116.68,0.0,Active,0,1,0,80.4,11
MOIL-05,Chikla,Maharashtra,Bhandara,2018-12-01,2018,12,8824.6,8066.7,-757.9,91.41,9,9,26.5,44.8,3,13,13,0.0,0,160,5,240.0,8.0,39.38,17034.4,4.6,21.0,0.162,2.0,1.1,1.1,0.1,399,8697.6,8245.6,8824.6,0,757.9,8.59,1,3.95,107.2,0,7778.7,115.8,0.0,Active,0,1,0,87.7,11
MOIL-05,Chikla,Maharashtra,Bhandara,2019-01-01,2019,1,9075.8,8889.3,-186.5,97.95,9,9,4.0,42.7,1,15,15,0.0,0,160,5,239.2,8.0,37.96,18932.8,12.1,21.7,0.177,2.1,1.3,5.1,0.3,392,8066.7,8551.2,9075.8,0,186.5,2.05,0,5.92,99.2,0,7961.2,114.89,0.0,Active,0,1,0,81.7,9
MOIL-05,Chikla,Maharashtra,Bhandara,2019-02-01,2019,2,9243.9,8909.2,-334.7,96.38,9,8,14.5,41.0,2,15,15,0.0,0,160,5,239.2,8.0,37.58,18835.2,18.3,23.8,0.186,2.1,1.3,3.4,0.5,396,8889.3,8621.7,9243.9,0,334.7,3.62,0,4.6,102.3,0,9171.2,120.11,158.7,Active,0,1,0,82.1,9
MOIL-05,Chikla,Maharashtra,Bhandara,2019-03-01,2019,3,9243.9,8966.3,-277.6,97.0,9,9,9.3,40.5,2,11,11,0.0,0,160,5,239.2,8.0,39.2,16198.3,15.3,29.7,0.176,2.3,1.4,1.7,0.6,384,8909.2,8921.6,9243.9,0,277.6,3.0,0,4.55,109.3,0,9256.9,116.36,304.3,Active,0,1,0,81.0,10
MOIL-05,Chikla,Maharashtra,Bhandara,2019-04-01,2019,4,8823.7,8880.7,57.0,100.65,9,8,6.6,48.6,1,13,13,0.0,0,160,5,239.2,8.0,38.72,18549.4,11.8,35.0,0.168,2.2,0.9,4.9,0.2,387,8966.3,8918.7,8823.7,1,0.0,0.0,0,4.27,79.6,0,8431.4,121.11,0.0,Active,0,1,0,86.7,11
MOIL-05,Chikla,Maharashtra,Bhandara,2019-05-01,2019,5,8403.5,7873.3,-530.2,93.69,9,8,25.9,42.5,4,12,12,0.0,0,160,5,239.2,8.0,38.45,17948.2,15.5,38.4,0.184,2.2,1.3,3.1,0.6,374,8880.7,8573.4,8403.5,0,530.2,6.31,1,2.48,96.3,0,7543.8,119.22,0.0,Active,0,1,0,83.3,9
MOIL-05,Chikla,Maharashtra,Bhandara,2019-06-01,2019,6,7143.0,6781.8,-361.2,94.94,9,7,13.1,42.3,1,15,15,0.0,0,160,4,232.0,8.0,40.55,13188.6,145.4,32.2,0.505,2.6,1.6,5.3,3.2,377,7873.3,7845.3,7143.0,0,361.2,5.06,1,5.6,94.2,0,7302.1,115.24,613.6,Active,0,1,1,71.0,8
MOIL-05,Chikla,Maharashtra,Bhandara,2019-07-01,2019,7,6302.6,5486.6,-816.0,87.05,9,6,34.5,46.8,3,13,12,2.6,1,160,3,224.0,8.0,39.67,11905.6,327.4,27.4,0.55,6.4,3.4,9.8,5.0,374,6781.8,6713.9,6302.6,0,816.0,12.95,1,7.85,54.4,0,5223.1,117.79,0.0,Active,0,1,1,44.3,7
MOIL-05,Chikla,Maharashtra,Bhandara,2019-08-01,2019,8,6554.7,6026.0,-528.7,91.93,9,6,25.9,39.4,3,15,14,2.5,1,160,4,228.0,8.0,36.96,10857.6,228.4,26.6,0.55,5.0,1.6,6.0,7.5,390,5486.6,6098.1,6554.7,0,528.7,8.07,1,7.91,79.1,0,5932.0,111.96,0.0,Active,0,1,1,58.7,8
MOIL-05,Chikla,Maharashtra,Bhandara,2019-09-01,2019,9,7395.1,6533.6,-861.5,88.35,9,7,55.9,39.0,5,13,13,0.0,0,160,4,230.4,8.0,38.55,15956.0,172.7,27.7,0.55,5.2,3.5,4.8,7.5,386,6026.0,6015.4,7395.1,0,861.5,11.65,1,7.39,82.0,0,6046.4,114.21,0.0,Active,0,1,1,60.9,7
MOIL-05,Chikla,Maharashtra,Bhandara,2019-10-01,2019,10,8571.6,8025.4,-546.2,93.63,9,9,18.2,41.1,3,12,12,0.0,0,160,5,238.4,8.0,36.33,16646.6,33.9,27.1,0.248,2.2,0.9,5.0,1.4,380,6533.6,6861.7,8571.6,0,546.2,6.37,1,3.3,94.0,0,7120.4,117.35,0.0,Active,0,1,0,76.2,11
MOIL-05,Chikla,Maharashtra,Bhandara,2019-11-01,2019,11,9243.9,8937.5,-306.4,96.69,9,8,0.8,42.9,0,15,15,0.0,0,160,5,239.2,8.0,36.8,18723.4,12.4,23.2,0.165,2.1,1.2,2.7,0.3,376,8025.4,7832.2,9243.9,0,306.4,3.31,0,4.17,107.5,0,9451.0,117.65,601.6,Active,0,1,0,88.2,10
MOIL-05,Chikla,Maharashtra,Bhandara,2019-12-01,2019,12,9159.8,8688.7,-471.1,94.86,9,8,3.4,39.9,1,13,13,0.0,0,160,5,240.0,8.0,39.07,19813.4,5.6,20.8,0.16,2.1,1.2,3.2,0.2,385,8937.5,8550.5,9159.8,0,471.1,5.14,1,3.3,94.1,0,9213.7,117.66,312.1,Active,0,1,0,84.2,10
MOIL-05,Chikla,Maharashtra,Bhandara,2020-01-01,2020,1,7841.9,7739.7,-102.2,98.7,9,8,0.8,37.2,0,13,13,0.0,0,160,5,239.2,8.0,37.48,17112.5,12.5,21.1,0.194,2.1,1.4,3.3,0.6,397,8688.7,8455.3,7841.9,0,102.2,1.3,0,3.62,107.7,0,7356.5,122.7,0.0,Active,0,1,0,80.1,10
MOIL-05,Chikla,Maharashtra,Bhandara,2020-02-01,2020,2,7987.1,7943.9,-43.2,99.46,9,9,1.3,45.0,0,13,13,0.0,0,160,5,239.2,8.0,40.62,16052.0,19.3,24.7,0.19,2.3,0.8,4.8,0.4,374,7739.7,8124.1,7987.1,0,43.2,0.54,0,4.59,107.0,0,8598.0,119.72,715.8,Active,0,1,0,81.0,9
MOIL-05,Chikla,Maharashtra,Bhandara,2020-03-01,2020,3,7987.1,7547.6,-439.5,94.5,9,9,6.6,43.9,1,12,11,4.4,1,160,5,239.2,8.0,38.77,15717.7,14.6,29.3,0.193,2.3,1.3,4.8,0.3,388,7943.9,7743.7,7987.1,0,439.5,5.5,1,5.2,100.4,0,6948.9,120.71,0.0,Active,0,1,0,80.5,10
MOIL-05,Chikla,Maharashtra,Bhandara,2020-04-01,2020,4,7624.1,7386.1,-238.0,96.88,9,8,7.5,39.2,2,15,15,0.0,0,160,5,239.2,8.0,39.13,15078.6,9.2,33.9,0.17,2.1,0.7,1.5,0.2,402,7547.6,7625.9,7624.1,0,238.0,3.12,0,4.33,85.9,0,7187.2,120.27,0.0,Active,0,1,0,83.1,10
MOIL-05,Chikla,Maharashtra,Bhandara,2020-05-01,2020,5,7261.0,7010.9,-250.1,96.56,9,8,6.4,41.3,1,11,10,4.2,1,160,5,239.2,8.0,39.9,13439.1,17.0,38.0,0.176,2.1,0.8,5.3,0.4,373,7386.1,7314.9,7261.0,0,250.1,3.44,0,5.2,86.8,0,6782.9,117.61,0.0,Active,0,1,0,75.6,11
MOIL-05,Chikla,Maharashtra,Bhandara,2020-06-01,2020,6,6171.9,5878.8,-293.1,95.25,9,8,11.0,40.8,0,12,11,4.2,1,160,4,231.2,8.0,40.51,13028.8,165.5,31.3,0.549,3.0,1.8,7.3,6.6,384,7010.9,6758.6,6171.9,0,293.1,4.75,0,5.99,72.4,0,6058.5,122.7,99.0,Active,0,1,1,63.0,8
MOIL-05,Chikla,Maharashtra,Bhandara,2020-07-01,2020,7,5445.8,4717.4,-728.4,86.63,9,7,28.6,41.1,2,13,11,6.5,2,160,4,226.4,8.0,39.79,8850.3,251.6,28.1,0.55,3.6,1.8,9.9,10.3,393,5878.8,5869.0,5445.8,0,728.4,13.38,1,7.76,76.3,0,5047.6,125.67,224.2,Active,0,1,1,55.5,8
MOIL-05,Chikla,Maharashtra,Bhandara,2020-08-01,2020,8,5663.6,5073.1,-590.5,89.57,9,6,37.1,47.8,4,14,12,5.2,2,160,4,226.4,8.0,39.45,11425.0,253.6,25.8,0.55,6.1,3.5,9.4,8.8,377,4717.4,5223.1,5663.6,0,590.5,10.43,1,10.06,75.4,0,5064.1,122.34,0.0,Active,0,1,1,45.2,8
MOIL-05,Chikla,Maharashtra,Bhandara,2020-09-01,2020,9,6389.7,5829.0,-560.7,91.23,9,7,19.8,39.3,1,12,12,0.0,0,160,4,231.2,8.0,37.59,12846.0,165.7,28.4,0.55,3.0,1.5,6.3,6.7,388,5073.1,5206.5,6389.7,0,560.7,8.78,1,6.49,84.4,0,5555.0,121.5,0.0,Active,0,1,1,64.6,9
MOIL-05,Chikla,Maharashtra,Bhandara,2020-10-01,2020,10,7406.2,7111.7,-294.5,96.02,9,8,14.8,44.8,2,11,11,0.0,0,160,5,236.8,8.0,37.39,15445.0,56.7,26.7,0.298,2.6,1.8,2.4,1.0,391,5829.0,6004.6,7406.2,0,294.5,3.98,0,5.08,96.7,0,7268.8,121.67,182.0,Active,0,1,0,73.8,10
MOIL-05,Chikla,Maharashtra,Bhandara,2020-11-01,2020,11,7987.1,7737.2,-249.9,96.87,9,8,7.9,45.3,1,12,12,0.0,0,160,5,239.2,8.0,38.73,15129.8,13.6,23.8,0.188,2.1,0.9,4.0,0.3,392,7111.7,6892.6,7987.1,0,249.9,3.13,0,2.89,102.6,0,7853.5,125.53,123.7,Active,0,1,0,82.3,10
MOIL-05,Chikla,Maharashtra,Bhandara,2020-12-01,2020,12,7914.5,7611.2,-303.3,96.17,9,8,17.6,46.2,2,14,14,0.0,0,160,5,240.0,8.0,40.42,13308.6,5.4,20.3,0.158,2.1,1.2,1.9,0.1,373,7737.2,7486.7,7914.5,0,303.3,3.83,0,4.56,111.1,0,8288.5,119.96,536.8,Active,0,1,0,86.7,9
MOIL-05,Chikla,Maharashtra,Bhandara,2021-01-01,2021,1,8622.4,8406.3,-216.1,97.49,9,8,0.8,37.8,0,14,14,0.0,0,160,5,239.2,8.0,39.35,14119.2,12.1,21.7,0.171,2.2,0.8,1.9,0.2,388,7611.2,7918.2,8622.4,0,216.1,2.51,0,4.15,128.5,0,7726.7,131.2,0.0,Active,0,1,0,87.1,10
MOIL-05,Chikla,Maharashtra,Bhandara,2021-02-01,2021,2,8782.1,8908.3,126.2,101.44,9,8,1.0,44.7,0,13,13,0.0,0,160,5,239.2,8.0,39.6,18333.9,15.1,23.8,0.189,2.1,1.1,2.7,0.4,393,8406.3,8308.6,8782.1,1,0.0,0.0,0,4.57,97.1,0,9016.1,134.25,73.7,Active,0,1,0,83.1,9
MOIL-05,Chikla,Maharashtra,Bhandara,2021-03-01,2021,3,8782.1,8067.1,-715.0,91.86,9,8,34.1,43.3,4,11,11,0.0,0,160,5,239.2,8.0,37.42,18653.2,13.1,28.7,0.177,2.2,1.1,3.3,0.4,375,8908.3,8460.6,8782.1,0,715.0,8.14,1,3.67,100.5,0,8504.4,137.77,438.1,Active,0,1,0,79.9,9
MOIL-05,Chikla,Maharashtra,Bhandara,2021-04-01,2021,4,8382.9,8358.6,-24.3,99.71,9,8,0.5,48.7,0,12,12,0.0,0,160,5,240.0,8.0,37.62,15418.6,7.5,34.1,0.178,2.1,1.1,4.9,0.3,389,8067.1,8444.7,8382.9,0,24.3,0.29,0,3.93,121.3,0,9160.7,136.21,712.7,Active,0,1,0,89.5,9
MOIL-05,Chikla,Maharashtra,Bhandara,2021-05-01,2021,5,7983.7,7525.2,-458.5,94.26,9,8,17.7,47.9,2,12,12,0.0,0,160,5,239.2,8.0,40.57,16456.3,17.8,38.0,0.198,2.1,0.8,4.1,0.4,402,8358.6,7983.6,7983.7,0,458.5,5.74,1,4.52,104.1,0,7994.4,137.51,441.1,Active,0,1,0,80.7,11
MOIL-05,Chikla,Maharashtra,Bhandara,2021-06-01,2021,6,6786.2,6285.5,-500.7,92.62,9,7,22.6,49.6,2,14,14,0.0,0,160,4,232.8,8.0,39.96,13809.3,140.2,32.9,0.488,2.8,1.2,3.9,5.8,390,7525.2,7389.8,6786.2,0,500.7,7.38,1,5.63,83.4,0,5937.5,132.82,0.0,Active,0,1,1,63.6,9
MOIL-05,Chikla,Maharashtra,Bhandara,2021-07-01,2021,7,5987.8,5327.0,-660.8,88.96,9,7,36.4,48.6,3,12,10,4.8,2,160,4,226.4,8.0,39.73,12519.0,254.1,28.5,0.55,3.5,1.8,7.0,10.9,392,6285.5,6379.2,5987.8,0,660.8,11.04,1,9.14,69.9,0,5570.6,134.55,277.3,Active,0,1,1,45.2,6
MOIL-05,Chikla,Maharashtra,Bhandara,2021-08-01,2021,8,6227.3,5366.7,-860.6,86.18,9,6,30.2,49.0,2,14,12,9.6,2,160,4,227.2,8.0,40.67,13615.7,235.1,25.5,0.55,6.2,4.2,7.5,9.9,384,5327.0,5659.7,6227.3,0,860.6,13.82,1,7.82,51.2,0,5908.1,131.63,542.9,Active,0,1,1,50.8,7
MOIL-05,Chikla,Maharashtra,Bhandara,2021-09-01,2021,9,7025.7,6322.5,-703.2,89.99,9,7,24.6,44.5,2,11,10,5.0,1,160,4,232.0,8.0,39.69,12536.4,143.5,27.0,0.491,4.2,2.8,6.3,2.3,391,5366.7,5672.1,7025.7,0,703.2,10.01,1,6.98,84.3,0,5900.4,135.42,0.0,Active,0,1,1,64.8,9
MOIL-05,Chikla,Maharashtra,Bhandara,2021-10-01,2021,10,8143.4,7887.1,-256.3,96.85,9,8,13.4,42.6,2,14,14,0.0,0,160,5,238.4,8.0,39.97,13429.0,35.8,27.9,0.243,2.5,1.1,2.6,0.9,384,6322.5,6525.4,8143.4,0,256.3,3.15,0,5.96,107.5,0,7745.8,137.96,0.0,Active,0,1,0,81.5,9
MOIL-05,Chikla,Maharashtra,Bhandara,2021-11-01,2021,11,8782.1,8630.8,-151.3,98.28,9,9,6.0,46.3,1,11,11,0.0,0,160,5,239.2,8.0,41.05,17468.8,15.0,22.0,0.185,2.2,1.4,4.6,0.5,387,7887.1,7613.5,8782.1,0,151.3,1.72,0,3.52,89.2,0,9293.6,138.24,507.6,Active,0,1,0,86.2,11
MOIL-05,Chikla,Maharashtra,Bhandara,2021-12-01,2021,12,8702.3,8756.0,53.7,100.62,9,8,4.9,39.2,1,12,12,0.0,0,160,5,240.0,8.0,39.13,18095.7,4.6,19.8,0.148,2.1,0.8,3.3,0.2,378,8630.8,8424.6,8702.3,1,0.0,0.0,0,4.4,95.2,0,9452.2,133.29,633.8,Active,0,1,0,79.4,10
MOIL-05,Chikla,Maharashtra,Bhandara,2022-01-01,2022,1,9634.6,9585.1,-49.5,99.49,9,9,11.2,37.3,2,11,11,0.0,0,160,5,239.2,8.0,39.62,19164.2,12.6,20.7,0.183,2.2,1.4,4.4,0.4,399,8756.0,8990.6,9634.6,0,49.5,0.51,0,4.67,88.6,0,9256.9,141.2,0.0,Active,0,1,0,83.1,10
MOIL-05,Chikla,Maharashtra,Bhandara,2022-02-01,2022,2,9813.0,9877.0,64.0,100.65,9,8,1.3,40.2,0,12,12,0.0,0,160,5,239.2,8.0,40.46,18721.5,19.7,24.7,0.221,2.2,1.5,5.2,0.3,382,9585.1,9406.0,9813.0,1,0.0,0.0,0,4.16,109.2,0,10402.9,139.73,569.5,Active,0,1,0,82.4,10
MOIL-05,Chikla,Maharashtra,Bhandara,2022-03-01,2022,3,9813.0,9379.9,-433.1,95.59,9,8,0.9,37.9,0,11,10,4.6,1,160,5,239.2,8.0,39.82,19666.9,13.1,28.9,0.187,2.1,1.3,4.7,0.2,394,9877.0,9614.0,9813.0,0,433.1,4.41,0,3.93,89.6,0,8782.7,137.42,0.0,Active,0,1,0,87.4,11
MOIL-05,Chikla,Maharashtra,Bhandara,2022-04-01,2022,4,9367.0,9175.2,-191.8,97.95,9,9,5.5,37.3,1,13,13,0.0,0,160,5,239.2,8.0,38.96,18291.1,10.3,36.2,0.17,2.1,1.0,1.4,0.2,373,9379.9,9477.4,9367.0,0,191.8,2.05,0,3.9,115.9,0,9513.5,145.01,252.5,Active,0,1,0,83.0,10
MOIL-05,Chikla,Maharashtra,Bhandara,2022-05-01,2022,5,8920.9,8775.3,-145.6,98.37,9,8,10.4,38.0,2,11,11,0.0,0,160,5,239.2,8.0,37.73,15032.7,13.8,38.1,0.174,2.2,1.1,3.9,0.3,392,9175.2,9110.1,8920.9,0,145.6,1.63,0,4.55,92.1,0,9637.2,144.99,819.6,Active,0,1,0,84.3,9
MOIL-05,Chikla,Maharashtra,Bhandara,2022-06-01,2022,6,7582.8,6793.0,-789.8,89.58,9,7,18.9,39.8,1,12,11,4.5,1,160,4,231.2,8.0,38.85,15343.8,171.6,31.7,0.55,4.8,3.1,5.7,4.5,398,8775.3,8247.8,7582.8,0,789.8,10.42,1,7.43,75.2,0,7281.9,141.76,573.7,Active,0,1,1,70.1,7
MOIL-05,Chikla,Maharashtra,Bhandara,2022-07-01,2022,7,6690.7,5705.6,-985.1,85.28,9,6,45.6,42.3,3,15,13,9.6,2,160,3,224.0,8.0,39.21,14544.0,301.7,26.9,0.55,7.7,4.1,8.3,11.1,382,6793.0,7091.3,6690.7,0,985.1,14.72,1,9.99,66.5,0,5512.3,137.64,0.0,Active,0,1,1,40.8,7
MOIL-05,Chikla,Maharashtra,Bhandara,2022-08-01,2022,8,6958.3,6403.0,-555.3,92.02,9,7,31.3,43.2,2,12,11,4.6,1,160,4,228.0,8.0,36.49,14141.6,224.2,27.0,0.55,4.8,3.1,8.3,8.6,387,5705.6,6300.5,6958.3,0,555.3,7.98,1,6.59,74.7,0,6347.5,141.35,0.0,Active,0,1,1,55.2,6
MOIL-05,Chikla,Maharashtra,Bhandara,2022-09-01,2022,9,7850.4,7217.3,-633.1,91.94,9,7,24.1,44.2,2,11,10,3.1,1,160,4,230.4,8.0,40.79,15007.3,179.8,28.8,0.55,3.5,1.1,6.8,7.9,385,6403.0,6442.0,7850.4,0,633.1,8.06,1,6.95,73.8,0,7443.6,139.48,131.0,Active,0,1,1,63.1,7
MOIL-05,Chikla,Maharashtra,Bhandara,2022-10-01,2022,10,9099.4,8912.5,-186.9,97.95,9,8,11.3,37.8,1,12,12,0.0,0,160,5,237.6,8.0,35.28,18803.5,39.5,25.6,0.249,2.6,1.4,2.4,1.2,375,7217.3,7510.9,9099.4,0,186.9,2.05,0,5.77,110.6,0,9152.1,138.57,146.1,Active,0,1,0,76.1,8
MOIL-05,Chikla,Maharashtra,Bhandara,2022-11-01,2022,11,9813.0,9138.9,-674.1,93.13,9,9,18.8,42.0,2,12,12,0.0,0,160,5,239.2,8.0,41.7,15705.2,13.3,23.2,0.178,2.1,1.4,1.3,0.3,375,8912.5,8422.9,9813.0,0,674.1,6.87,1,3.98,97.4,0,9911.4,141.95,501.0,Active,0,1,0,84.8,11
MOIL-05,Chikla,Maharashtra,Bhandara,2022-12-01,2022,12,9723.8,9577.4,-146.4,98.49,9,9,0.3,49.4,0,15,15,0.0,0,160,5,240.0,8.0,40.14,20753.7,5.1,22.4,0.161,2.0,0.9,2.1,0.2,388,9138.9,9209.6,9723.8,0,146.4,1.51,0,4.63,85.9,0,9616.4,143.76,26.8,Active,0,1,0,84.4,9
MOIL-05,Chikla,Maharashtra,Bhandara,2023-01-01,2023,1,10125.5,9885.8,-239.7,97.63,9,8,22.0,43.2,3,14,14,0.0,0,160,5,239.2,8.0,39.62,19326.2,14.7,21.7,0.178,2.1,0.6,2.1,0.3,391,9577.4,9534.0,10125.5,0,239.7,2.37,0,4.04,97.5,0,10167.4,144.26,273.7,Active,0,1,0,83.0,10
MOIL-05,Chikla,Maharashtra,Bhandara,2023-02-01,2023,2,10313.0,10024.9,-288.1,97.21,9,9,1.2,43.5,0,13,13,0.0,0,160,5,239.2,8.0,39.52,20092.2,18.3,25.0,0.207,2.2,1.5,4.6,0.3,396,9885.8,9829.4,10313.0,0,288.1,2.79,0,4.7,85.5,0,9467.0,144.27,0.0,Active,0,1,0,83.6,9
MOIL-05,Chikla,Maharashtra,Bhandara,2023-03-01,2023,3,10313.0,10012.9,-300.1,97.09,9,8,8.1,45.0,2,12,12,0.0,0,160,5,239.2,8.0,37.15,19334.2,15.4,29.0,0.186,2.2,0.7,2.4,0.6,389,10024.9,9974.5,10313.0,0,300.1,2.91,0,4.25,92.6,0,10581.6,151.24,361.0,Active,0,1,0,87.3,11
MOIL-05,Chikla,Maharashtra,Bhandara,2023-04-01,2023,4,9844.2,9476.5,-367.7,96.26,9,9,12.2,46.4,2,15,15,0.0,0,160,5,239.2,8.0,38.57,18959.5,7.5,34.7,0.164,2.1,1.1,4.3,0.3,377,10012.9,9838.1,9844.2,0,367.7,3.74,0,4.09,87.6,0,9116.9,142.33,0.0,Active,0,1,0,84.0,10
MOIL-05,Chikla,Maharashtra,Bhandara,2023-05-01,2023,5,9375.5,8807.2,-568.3,93.94,9,8,8.3,46.7,1,11,11,0.0,0,160,5,239.2,8.0,39.83,16971.7,20.5,37.0,0.205,2.4,1.4,3.4,0.6,376,9476.5,9432.2,9375.5,0,568.3,6.06,1,4.03,85.3,0,9854.8,151.79,1040.3,Active,0,1,0,78.3,11
MOIL-05,Chikla,Maharashtra,Bhandara,2023-06-01,2023,6,7969.1,7055.0,-914.1,88.53,9,8,27.6,47.2,2,11,11,0.0,0,160,4,230.4,8.0,38.44,13933.0,178.6,31.2,0.55,3.8,1.6,6.3,6.5,398,8807.2,8446.2,7969.1,0,914.1,11.47,1,6.52,90.0,0,7224.5,145.15,151.0,Active,0,1,1,53.9,8
MOIL-05,Chikla,Maharashtra,Bhandara,2023-07-01,2023,7,7031.6,6156.8,-874.8,87.56,9,6,40.0,48.8,5,14,12,6.3,2,160,4,224.8,8.0,37.91,14664.8,286.5,28.3,0.55,3.1,1.4,10.7,10.4,396,7055.0,7339.7,7031.6,0,874.8,12.44,1,9.13,55.3,0,6480.4,146.34,227.8,Active,0,1,1,46.1,5
MOIL-05,Chikla,Maharashtra,Bhandara,2023-08-01,2023,8,7312.9,6167.9,-1145.0,84.34,9,7,43.1,41.9,3,14,13,2.4,1,160,3,224.0,8.0,38.73,13674.1,305.7,26.4,0.55,7.1,2.7,8.6,10.0,375,6156.8,6459.9,7312.9,0,1145.0,15.66,1,9.82,57.9,0,6629.5,149.67,239.7,Active,0,1,1,50.3,7
MOIL-05,Chikla,Maharashtra,Bhandara,2023-09-01,2023,9,8250.4,7566.3,-684.1,91.71,9,7,22.7,44.3,3,14,14,0.0,0,160,4,231.2,8.0,41.2,14210.3,162.7,27.7,0.541,4.5,3.1,6.5,3.6,397,6167.9,6630.3,8250.4,0,684.1,8.29,1,8.18,92.3,0,8397.2,147.62,985.2,Active,0,1,1,59.9,7
MOIL-05,Chikla,Maharashtra,Bhandara,2023-10-01,2023,10,9563.0,9170.9,-392.1,95.9,9,9,12.4,48.4,2,13,13,0.0,0,160,5,237.6,8.0,40.5,15865.0,50.9,26.6,0.271,2.5,1.0,5.7,2.1,391,7566.3,7635.0,9563.0,0,392.1,4.1,0,5.84,100.1,0,9777.9,144.1,377.7,Active,0,1,0,79.9,8
MOIL-05,Chikla,Maharashtra,Bhandara,2023-11-01,2023,11,10313.0,9872.2,-440.8,95.73,9,9,17.4,44.0,2,13,13,0.0,0,160,5,239.2,8.0,38.24,21670.1,15.1,23.5,0.185,2.1,1.2,1.6,0.2,387,9170.9,8869.8,10313.0,0,440.8,4.27,0,3.24,92.6,0,10191.2,153.59,181.3,Active,0,1,0,75.9,9
MOIL-05,Chikla,Maharashtra,Bhandara,2023-12-01,2023,12,10219.2,10073.3,-145.9,98.57,9,8,0.3,45.6,0,12,12,0.0,0,160,5,240.0,8.0,38.85,20498.2,5.2,20.0,0.153,2.0,0.6,1.1,0.1,379,9872.2,9705.5,10219.2,0,145.9,1.43,0,3.29,101.6,0,11069.2,148.1,1022.0,Active,0,1,0,81.2,10
MOIL-05,Chikla,Maharashtra,Bhandara,2024-01-01,2024,1,10771.6,10534.3,-237.3,97.8,9,8,0.7,46.4,0,15,15,0.0,0,160,5,239.2,8.0,40.11,22982.0,11.0,21.0,0.182,2.2,1.2,2.4,0.3,376,10073.3,10159.9,10771.6,0,237.3,2.2,0,4.28,98.5,0,10457.5,152.35,0.0,Active,0,1,0,79.7,11
MOIL-05,Chikla,Maharashtra,Bhandara,2024-02-01,2024,2,10971.1,10597.9,-373.2,96.6,9,9,15.9,38.5,3,13,13,0.0,0,160,5,239.2,8.0,37.11,20892.7,19.8,24.3,0.203,2.3,1.0,1.5,0.3,402,10534.3,10401.8,10971.1,0,373.2,3.4,0,4.75,93.8,0,11570.0,149.32,619.6,Active,0,1,0,83.6,10
MOIL-05,Chikla,Maharashtra,Bhandara,2024-03-01,2024,3,10971.1,10596.8,-374.3,96.59,9,9,1.0,39.8,0,14,14,0.0,0,160,5,239.2,8.0,39.44,18643.6,15.0,29.0,0.184,2.3,1.3,1.5,0.5,396,10597.9,10576.3,10971.1,0,374.3,3.41,0,5.23,98.2,0,10814.4,151.97,254.3,Active,0,1,0,84.1,11
MOIL-05,Chikla,Maharashtra,Bhandara,2024-04-01,2024,4,10472.4,10474.6,2.2,100.02,9,9,5.2,41.1,1,11,11,0.0,0,160,5,239.2,8.0,40.4,17897.7,11.0,35.0,0.182,2.1,1.3,1.9,0.4,399,10596.8,10556.4,10472.4,1,0.0,0.0,0,4.19,91.4,0,10497.5,150.5,17.2,Active,0,1,0,80.3,10
MOIL-05,Chikla,Maharashtra,Bhandara,2024-05-01,2024,5,9973.7,9477.6,-496.1,95.03,9,8,12.6,48.3,2,15,15,0.0,0,160,5,239.2,8.0,37.89,21138.9,14.4,37.9,0.192,2.2,0.7,4.7,0.4,398,10474.6,10183.0,9973.7,0,496.1,4.97,0,4.56,93.5,0,9066.0,148.28,0.0,Active,0,1,0,78.6,11
MOIL-05,Chikla,Maharashtra,Bhandara,2024-06-01,2024,6,8477.6,7815.2,-662.4,92.19,9,7,22.1,44.9,2,15,15,0.0,0,160,4,228.8,8.0,39.84,16260.3,217.4,31.3,0.55,4.8,1.8,9.1,6.8,380,9477.6,9255.8,8477.6,0,662.4,7.81,1,6.49,66.4,0,7538.5,152.08,0.0,Active,0,1,1,56.8,8
MOIL-05,Chikla,Maharashtra,Bhandara,2024-07-01,2024,7,7480.3,5899.1,-1581.2,78.86,9,6,33.5,44.8,2,11,6,29.7,5,160,4,224.0,8.0,35.72,12212.9,296.2,26.9,0.55,6.2,2.9,7.9,7.2,398,7815.2,7730.6,7480.3,0,1581.2,21.14,1,8.06,54.5,0,5938.3,148.39,43.7,Active,0,1,1,46.0,5
MOIL-05,Chikla,Maharashtra,Bhandara,2024-08-01,2024,8,7779.5,6728.6,-1050.9,86.49,9,7,26.7,47.6,2,11,9,11.0,2,160,4,227.2,8.0,39.44,16728.2,242.9,26.6,0.55,6.5,4.4,8.5,10.1,381,5899.1,6814.3,7779.5,0,1050.9,13.51,1,8.02,71.7,0,6944.5,152.96,142.5,Active,0,1,1,54.9,8
MOIL-05,Chikla,Maharashtra,Bhandara,2024-09-01,2024,9,8776.9,8238.6,-538.3,93.87,9,7,35.4,41.1,3,11,11,0.0,0,160,4,230.4,8.0,41.97,17394.8,173.4,27.0,0.55,4.1,1.2,7.2,3.0,393,6728.6,6955.4,8776.9,0,538.3,6.13,1,8.02,87.2,0,8547.2,148.72,356.6,Active,0,1,1,61.6,7
MOIL-05,Chikla,Maharashtra,Bhandara,2024-10-01,2024,10,10173.2,10045.6,-127.6,98.75,9,8,9.3,46.4,1,15,15,0.0,0,160,5,237.6,8.0,40.62,18821.2,46.3,27.3,0.261,2.3,1.1,3.8,1.0,375,8238.6,8337.6,10173.2,0,127.6,1.25,0,4.1,94.6,0,11458.1,146.87,1118.9,Active,0,1,0,74.5,8
MOIL-05,Chikla,Maharashtra,Bhandara,2024-11-01,2024,11,10971.1,10265.8,-705.3,93.57,9,8,14.1,38.1,2,14,14,0.0,0,160,5,239.2,8.0,38.95,19554.1,13.2,24.0,0.198,2.2,1.0,1.3,0.5,384,10045.6,9516.7,10971.1,0,705.3,6.43,1,3.74,100.2,0,11580.4,152.63,1252.2,Active,0,1,0,83.5,10
MOIL-05,Chikla,Maharashtra,Bhandara,2024-12-01,2024,12,10871.3,10792.3,-79.0,99.27,9,9,0.3,45.9,0,14,14,0.0,0,160,5,240.0,8.0,38.54,18770.9,4.5,20.0,0.173,2.0,0.7,2.1,0.1,384,10265.8,10367.9,10871.3,0,79.0,0.73,0,3.67,117.0,0,11733.3,153.56,582.4,Active,0,1,0,80.9,11
MOIL-05,Chikla,Maharashtra,Bhandara,2025-01-01,2025,1,11270.1,10880.7,-389.4,96.55,9,8,0.7,41.5,0,12,12,0.0,0,160,5,239.2,8.0,38.17,18664.1,10.9,21.4,0.169,2.1,0.8,1.7,0.4,393,10792.3,10646.3,11270.1,0,389.4,3.46,0,4.05,91.3,0,10963.8,157.32,68.0,Active,0,1,0,87.6,10
MOIL-05,Chikla,Maharashtra,Bhandara,2025-02-01,2025,2,11478.8,11355.9,-122.9,98.93,9,8,1.2,47.9,0,11,11,0.0,0,160,5,239.2,8.0,38.35,23255.9,17.9,23.5,0.189,2.2,1.1,4.8,0.8,400,10880.7,11009.6,11478.8,0,122.9,1.07,0,2.28,105.8,0,12947.9,158.44,1422.4,Active,0,1,0,86.9,10
MOIL-05,Chikla,Maharashtra,Bhandara,2025-03-01,2025,3,11478.8,11254.9,-223.9,98.05,9,9,0.8,44.5,0,12,12,0.0,0,160,5,239.2,8.0,40.19,19293.6,11.8,30.1,0.181,2.1,1.0,3.8,0.5,380,11355.9,11163.8,11478.8,0,223.9,1.95,0,3.32,98.9,0,11637.4,158.11,229.8,Active,0,1,0,81.6,11
MOIL-05,Chikla,Maharashtra,Bhandara,2025-04-01,2025,4,10957.0,10557.2,-399.8,96.35,9,9,23.5,49.2,3,11,11,0.0,0,160,5,239.2,8.0,38.36,23780.8,8.6,33.6,0.157,2.0,0.7,4.7,0.2,381,11254.9,11056.0,10957.0,0,399.8,3.65,0,3.55,102.1,0,10924.6,152.6,395.1,Active,0,1,0,84.6,9
MOIL-05,Chikla,Maharashtra,Bhandara,2025-05-01,2025,5,10435.3,10663.5,228.2,102.19,9,9,0.9,37.6,0,11,11,0.0,0,160,5,239.2,8.0,40.11,21201.8,14.1,37.7,0.198,2.2,1.0,1.4,0.5,374,10557.2,10825.2,10435.3,1,0.0,0.0,0,3.65,97.8,0,9998.9,152.34,0.0,Active,0,1,0,79.4,9
MOIL-05,Chikla,Maharashtra,Bhandara,2025-06-01,2025,6,8870.0,7998.1,-871.9,90.17,9,8,44.5,45.3,4,11,11,0.0,0,160,4,229.6,8.0,39.71,14496.2,197.9,32.2,0.55,5.0,2.0,8.8,8.2,376,10663.5,9739.6,8870.0,0,871.9,9.83,1,6.57,71.5,0,8291.5,157.16,343.1,Active,0,1,1,58.9,6
MOIL-05,Chikla,Maharashtra,Bhandara,2025-07-01,2025,7,7826.4,7142.2,-684.2,91.26,9,7,35.6,48.8,2,13,13,0.0,0,160,4,225.6,8.0,38.45,17033.8,269.2,29.0,0.55,7.1,3.5,7.7,10.4,389,7998.1,8601.3,7826.4,0,684.2,8.74,1,9.49,72.7,0,6750.5,151.74,0.0,Active,0,1,1,44.9,7
MOIL-05,Chikla,Maharashtra,Bhandara,2025-08-01,2025,8,8139.5,7238.9,-900.6,88.94,9,6,23.6,49.4,1,14,14,0.0,0,160,4,224.8,8.0,38.66,13095.3,284.9,26.8,0.55,4.7,1.8,9.3,10.1,378,7142.2,7459.7,8139.5,0,900.6,11.06,1,8.04,57.1,0,8116.3,154.69,671.6,Active,0,1,1,51.0,5
MOIL-05,Chikla,Maharashtra,Bhandara,2025-09-01,2025,9,9183.0,7878.5,-1304.5,85.79,9,8,27.7,47.0,4,11,10,5.5,1,160,4,231.2,8.0,41.37,15600.5,166.3,27.0,0.55,3.5,1.2,5.5,7.2,376,7238.9,7419.9,9183.0,0,1304.5,14.21,1,6.57,64.9,0,7481.2,155.41,0.0,Active,0,1,1,63.8,7
MOIL-05,Chikla,Maharashtra,Bhandara,2025-10-01,2025,10,10644.0,10378.1,-265.9,97.5,9,9,14.4,48.7,2,15,14,2.6,1,160,5,237.6,8.0,37.84,17381.9,48.2,26.5,0.275,2.2,0.8,2.0,1.4,387,7878.5,8498.5,10644.0,0,265.9,2.5,0,4.0,95.0,0,11316.5,146.82,720.4,Active,0,1,0,81.0,10
MOIL-05,Chikla,Maharashtra,Bhandara,2025-11-01,2025,11,11478.8,11230.6,-248.2,97.84,9,8,10.1,40.2,2,14,14,0.0,0,160,5,239.2,8.0,37.59,22752.0,15.9,23.0,0.194,2.1,1.4,1.8,0.2,396,10378.1,9829.1,11478.8,0,248.2,2.16,0,4.31,90.0,0,12653.9,152.64,975.7,Active,0,1,0,82.5,10
MOIL-05,Chikla,Maharashtra,Bhandara,2025-12-01,2025,12,11374.4,10938.7,-435.7,96.17,9,8,4.1,47.2,1,11,11,0.0,0,160,5,240.0,8.0,38.42,24317.2,4.6,20.7,0.158,2.0,0.9,2.1,0.1,393,11230.6,10849.1,11374.4,0,435.7,3.83,0,3.12,105.8,0,10911.9,148.0,0.0,Active,0,1,0,80.0,10
MOIL-06,Dongri Buzurg,Maharashtra,Bhandara,2015-01-01,2015,1,4805.1,4650.2,-154.9,96.78,8,8,0.7,41.6,0,9,9,0.0,0,60,4,239.2,8.0,37.92,7695.4,10.3,22.7,0.171,0.1,0.0,4.5,1.7,310,4650.2,4650.2,4805.1,0,154.9,3.22,0,3.74,101.5,0,4633.6,97.31,0.0,Active,0,1,0,81.6,9
MOIL-06,Dongri Buzurg,Maharashtra,Bhandara,2015-02-01,2015,2,4894.1,4904.6,10.5,100.22,8,7,1.3,38.3,0,5,5,0.0,0,60,4,239.2,8.0,39.55,10601.6,19.6,24.6,0.196,0.1,0.0,3.3,2.0,314,4650.2,4777.4,4894.1,1,0.0,0.0,0,3.52,99.9,0,5011.2,104.34,69.2,Active,0,1,0,84.2,11
MOIL-06,Dongri Buzurg,Maharashtra,Bhandara,2015-03-01,2015,3,4894.1,4821.7,-72.4,98.52,8,8,1.0,35.2,0,9,9,0.0,0,60,4,239.2,8.0,36.9,8910.6,14.5,30.6,0.174,0.2,0.1,5.0,2.1,300,4904.6,4792.2,4894.1,0,72.4,1.48,0,4.63,94.5,0,4108.0,94.36,0.0,Active,0,1,0,80.3,9
MOIL-06,Dongri Buzurg,Maharashtra,Bhandara,2015-04-01,2015,4,4671.6,4585.7,-85.9,98.16,8,8,6.8,47.7,2,6,6,0.0,0,60,4,239.2,8.0,38.38,7498.7,9.1,34.0,0.162,0.2,0.1,2.3,1.7,322,4821.7,4770.7,4671.6,0,85.9,1.84,0,5.26,115.1,0,4014.8,98.32,0.0,Active,0,1,0,88.4,11
MOIL-06,Dongri Buzurg,Maharashtra,Bhandara,2015-05-01,2015,5,4449.2,4431.5,-17.7,99.6,8,7,1.1,42.3,0,5,5,0.0,0,60,4,239.2,8.0,36.48,7977.0,16.8,38.1,0.2,0.2,0.1,5.1,2.2,310,4585.7,4613.0,4449.2,0,17.7,0.4,0,3.04,102.4,0,3782.6,104.65,0.0,Active,0,1,0,82.3,11
MOIL-06,Dongri Buzurg,Maharashtra,Bhandara,2015-06-01,2015,6,3781.8,3349.8,-432.0,88.58,8,6,43.5,46.9,4,7,7,0.0,0,60,3,232.0,8.0,40.17,7394.0,152.2,31.3,0.532,2.0,0.7,6.2,5.2,311,4431.5,4122.3,3781.8,0,432.0,11.42,1,7.01,78.3,0,3318.0,101.14,0.0,Active,0,1,1,63.3,7
MOIL-06,Dongri Buzurg,Maharashtra,Bhandara,2015-07-01,2015,7,3336.9,2991.5,-345.4,89.65,8,5,24.5,42.2,1,8,7,5.7,1,60,2,224.0,8.0,39.56,5488.0,300.5,27.5,0.55,3.3,1.7,9.0,10.0,301,3349.8,3590.9,3336.9,0,345.4,10.35,1,9.24,69.0,0,2955.1,100.54,0.0,Active,0,1,1,46.2,7
MOIL-06,Dongri Buzurg,Maharashtra,Bhandara,2015-08-01,2015,8,3470.3,2998.9,-471.4,86.42,8,5,25.0,44.6,1,8,5,10.9,3,60,3,224.8,8.0,38.77,6868.4,278.9,25.6,0.55,5.1,3.2,8.7,7.3,305,2991.5,3113.4,3470.3,0,471.4,13.58,1,10.41,64.8,0,3037.0,97.82,41.8,Active,0,1,1,45.4,6
MOIL-06,Dongri Buzurg,Maharashtra,Bhandara,2015-09-01,2015,9,3915.3,3476.3,-439.0,88.79,8,5,36.2,41.3,4,8,6,4.8,2,60,3,230.4,8.0,39.39,7061.1,181.5,27.3,0.55,1.9,1.1,7.2,5.7,309,2998.9,3155.6,3915.3,0,439.0,11.21,1,5.73,78.4,0,3175.8,90.06,0.0,Active,0,1,1,64.7,9
MOIL-06,Dongri Buzurg,Maharashtra,Bhandara,2015-10-01,2015,10,4538.1,4074.5,-463.6,89.78,8,8,26.7,41.0,3,9,9,0.0,0,60,4,237.6,8.0,35.95,8669.9,44.4,27.6,0.256,0.7,0.3,2.7,2.7,315,3476.3,3516.6,4538.1,0,463.6,10.22,1,4.73,83.4,0,3808.3,100.67,0.0,Active,0,1,0,80.5,8
MOIL-06,Dongri Buzurg,Maharashtra,Bhandara,2015-11-01,2015,11,4894.1,4731.7,-162.4,96.68,8,8,5.5,44.4,1,7,7,0.0,0,60,4,239.2,8.0,37.16,8754.1,12.5,22.8,0.17,0.1,0.0,3.5,2.1,315,4074.5,4094.2,4894.1,0,162.4,3.32,0,4.67,94.8,0,4772.4,103.29,25.1,Active,0,1,0,85.0,9
MOIL-06,Dongri Buzurg,Maharashtra,Bhandara,2015-12-01,2015,12,4849.6,4756.6,-93.0,98.08,8,7,14.4,41.8,2,7,7,0.0,0,60,4,240.0,8.0,38.28,8698.5,4.1,19.9,0.167,0.0,0.0,2.0,1.7,305,4731.7,4520.9,4849.6,0,93.0,1.92,0,4.14,108.5,0,4967.8,100.07,210.5,Active,0,1,0,83.1,9
MOIL-06,Dongri Buzurg,Maharashtra,Bhandara,2016-01-01,2016,1,4954.2,4578.2,-376.0,92.41,8,7,13.3,36.9,2,8,6,5.2,2,60,4,239.2,8.0,37.86,10010.0,13.5,21.5,0.194,0.1,0.1,5.2,1.7,295,4756.6,4688.8,4954.2,0,376.0,7.59,1,3.51,95.7,0,4799.7,105.2,190.1,Active,0,1,0,84.8,10
MOIL-06,Dongri Buzurg,Maharashtra,Bhandara,2016-02-01,2016,2,5046.0,4950.4,-95.6,98.11,8,7,1.2,40.1,0,8,7,3.3,1,60,4,239.2,8.0,40.76,8731.8,17.7,25.6,0.178,0.3,0.1,4.9,2.3,298,4578.2,4761.7,5046.0,0,95.6,1.89,0,4.84,91.4,0,4384.0,107.03,0.0,Active,0,1,0,84.0,11
MOIL-06,Dongri Buzurg,Maharashtra,Bhandara,2016-03-01,2016,3,5046.0,5206.0,160.0,103.17,8,8,0.9,47.0,0,7,7,0.0,0,60,4,239.2,8.0,37.42,9518.0,13.1,28.8,0.197,0.2,0.1,4.8,2.0,300,4950.4,4911.5,5046.0,1,0.0,0.0,0,5.86,98.6,0,4638.7,111.43,0.0,Active,0,1,0,86.3,10
MOIL-06,Dongri Buzurg,Maharashtra,Bhandara,2016-04-01,2016,4,4816.6,4534.3,-282.3,94.14,8,8,7.3,44.0,2,6,6,0.0,0,60,4,239.2,8.0,39.36,9871.1,9.1,34.3,0.168,0.1,0.1,4.5,1.7,324,5206.0,4896.9,4816.6,0,282.3,5.86,1,3.3,88.9,0,4413.1,102.23,0.0,Active,0,1,0,86.1,9
MOIL-06,Dongri Buzurg,Maharashtra,Bhandara,2016-05-01,2016,5,4587.3,4476.2,-111.1,97.58,8,7,4.7,46.2,1,9,9,0.0,0,60,4,239.2,8.0,37.31,7801.6,17.5,36.9,0.217,0.2,0.1,1.8,2.3,296,4534.3,4738.8,4587.3,0,111.1,2.42,0,5.4,102.4,0,4516.3,103.99,40.4,Active,0,1,0,80.2,10
MOIL-06,Dongri Buzurg,Maharashtra,Bhandara,2016-06-01,2016,6,3899.2,3628.2,-271.0,93.05,8,6,21.2,35.9,2,8,6,11.2,2,60,3,230.4,8.0,41.21,7379.7,181.2,32.3,0.55,1.9,1.1,4.8,5.9,297,4476.2,4212.9,3899.2,0,271.0,6.95,1,8.83,71.6,0,3379.1,104.33,0.0,Active,0,1,1,59.7,9
MOIL-06,Dongri Buzurg,Maharashtra,Bhandara,2016-07-01,2016,7,3440.4,2979.9,-460.5,86.61,8,5,28.0,45.7,1,6,3,12.4,3,60,2,224.0,8.0,37.79,7182.1,317.4,27.3,0.55,2.0,1.2,7.5,6.3,301,3628.2,3694.8,3440.4,0,460.5,13.39,1,8.28,58.4,0,2744.8,111.32,0.0,Active,0,1,1,42.0,5
MOIL-06,Dongri Buzurg,Maharashtra,Bhandara,2016-08-01,2016,8,3578.1,3111.9,-466.2,86.97,8,4,30.4,43.9,3,7,7,0.0,0,60,3,224.0,8.0,38.59,7711.4,296.1,26.6,0.55,3.3,1.1,7.1,12.3,297,2979.9,3240.0,3578.1,0,466.2,13.03,1,9.48,57.3,0,2743.3,105.63,0.0,Active,0,1,1,46.3,6
MOIL-06,Dongri Buzurg,Maharashtra,Bhandara,2016-09-01,2016,9,4036.8,3852.6,-184.2,95.44,8,6,10.7,40.6,0,7,6,5.8,1,60,3,231.2,8.0,38.31,7503.9,161.2,27.1,0.55,0.9,0.3,7.2,4.6,295,3111.9,3314.8,4036.8,0,184.2,4.56,0,6.65,70.0,0,3904.3,105.65,27.5,Active,0,1,1,63.9,7
MOIL-06,Dongri Buzurg,Maharashtra,Bhandara,2016-10-01,2016,10,4679.0,4415.5,-263.5,94.37,8,8,26.8,46.9,3,7,7,0.0,0,60,4,237.6,8.0,39.13,7549.4,46.3,27.0,0.269,0.5,0.3,5.8,2.5,310,3852.6,3793.3,4679.0,0,263.5,5.63,1,5.29,104.4,0,4270.6,108.61,0.0,Active,0,1,0,78.0,10
MOIL-06,Dongri Buzurg,Maharashtra,Bhandara,2016-11-01,2016,11,5046.0,4956.6,-89.4,98.23,8,8,11.9,42.6,2,6,6,0.0,0,60,4,239.2,8.0,38.22,9208.2,14.0,23.6,0.171,0.1,0.1,2.6,2.1,308,4415.5,4408.2,5046.0,0,89.4,1.77,0,3.8,94.0,0,4703.9,106.74,0.0,Active,1,1,0,83.0,10
MOIL-06,Dongri Buzurg,Maharashtra,Bhandara,2016-12-01,2016,12,5000.1,4982.3,-17.8,99.64,8,8,7.1,39.6,2,6,6,0.0,0,60,4,240.0,8.0,39.28,10744.7,5.4,20.1,0.184,0.0,0.0,1.8,1.7,309,4956.6,4784.8,5000.1,0,17.8,0.36,0,4.52,111.8,0,4716.7,101.81,0.0,Active,0,1,0,84.4,9
MOIL-06,Dongri Buzurg,Maharashtra,Bhandara,2017-01-01,2017,1,5150.0,5035.5,-114.5,97.78,8,8,0.7,35.2,0,5,5,0.0,0,60,4,239.2,8.0,39.47,8816.8,10.8,20.8,0.176,0.1,0.1,4.7,1.9,297,4982.3,4991.5,5150.0,0,114.5,2.22,0,4.64,105.9,0,4792.7,106.52,0.0,Active,0,1,0,82.1,9
MOIL-06,Dongri Buzurg,Maharashtra,Bhandara,2017-02-01,2017,2,5245.4,5198.2,-47.2,99.1,8,8,1.3,37.1,0,9,9,0.0,0,60,4,239.2,8.0,41.09,11145.3,20.1,24.8,0.204,0.2,0.1,2.7,2.0,299,5035.5,5072.0,5245.4,0,47.2,0.9,0,4.88,77.9,0,4519.3,104.98,0.0,Active,0,1,0,84.2,10
MOIL-06,Dongri Buzurg,Maharashtra,Bhandara,2017-03-01,2017,3,5245.4,5163.4,-82.0,98.44,8,7,0.8,46.2,0,6,6,0.0,0,60,4,239.2,8.0,38.83,11477.2,12.3,29.5,0.181,0.1,0.0,2.8,1.7,305,5198.2,5132.4,5245.4,0,82.0,1.56,0,4.08,99.7,0,5231.4,110.15,81.5,Active,0,1,0,83.7,9
MOIL-06,Dongri Buzurg,Maharashtra,Bhandara,2017-04-01,2017,4,5007.0,4828.4,-178.6,96.43,8,7,16.2,40.8,3,9,9,0.0,0,60,4,239.2,8.0,40.59,9583.3,11.2,33.6,0.185,0.2,0.1,3.5,2.0,324,5163.4,5063.3,5007.0,0,178.6,3.57,0,5.48,99.7,0,4646.4,111.99,0.0,Active,0,1,0,83.1,10
MOIL-06,Dongri Buzurg,Maharashtra,Bhandara,2017-05-01,2017,5,4768.5,4712.2,-56.3,98.82,8,8,11.2,35.3,2,7,7,0.0,0,60,4,239.2,8.0,37.18,9528.0,14.1,38.6,0.175,0.3,0.2,2.9,2.0,302,4828.4,4901.3,4768.5,0,56.3,1.18,0,3.31,106.7,0,4872.4,114.45,116.3,Active,0,1,0,84.2,10
MOIL-06,Dongri Buzurg,Maharashtra,Bhandara,2017-06-01,2017,6,4053.3,3823.7,-229.6,94.34,8,5,11.6,37.9,0,9,9,0.0,0,60,3,230.4,8.0,38.7,7738.3,174.5,32.1,0.55,3.4,1.6,6.9,9.6,308,4712.2,4454.8,4053.3,0,229.6,5.66,1,6.37,68.4,0,3619.5,101.85,0.0,Active,0,1,1,59.0,8
MOIL-06,Dongri Buzurg,Maharashtra,Bhandara,2017-07-01,2017,7,3576.4,3065.3,-511.1,85.71,8,4,27.7,44.7,3,9,8,2.9,1,60,3,225.6,8.0,38.87,7516.1,263.0,27.2,0.55,5.1,3.0,9.5,12.9,324,3823.7,3867.1,3576.4,0,511.1,14.29,1,7.67,64.0,0,2759.5,104.65,0.0,Active,0,1,1,47.4,5
MOIL-06,Dongri Buzurg,Maharashtra,Bhandara,2017-08-01,2017,8,3719.5,3172.6,-546.9,85.3,8,5,27.5,40.3,2,7,5,4.2,2,60,2,224.0,8.0,39.69,8150.5,302.6,26.8,0.55,3.0,1.3,10.6,12.8,306,3065.3,3353.9,3719.5,0,546.9,14.7,1,9.49,60.7,0,3054.1,107.86,0.0,Active,0,1,1,42.6,6
MOIL-06,Dongri Buzurg,Maharashtra,Bhandara,2017-09-01,2017,9,4196.3,3874.6,-321.7,92.33,8,6,27.0,41.8,2,8,6,7.7,2,60,3,230.4,8.0,36.81,6895.8,181.5,27.7,0.55,0.9,0.5,5.3,5.2,301,3172.6,3370.8,4196.3,0,321.7,7.67,1,8.23,72.5,0,3537.1,106.57,0.0,Active,0,1,1,64.0,7
MOIL-06,Dongri Buzurg,Maharashtra,Bhandara,2017-10-01,2017,10,4863.9,4621.0,-242.9,95.01,8,8,14.9,38.0,2,5,5,0.0,0,60,4,237.6,8.0,38.06,9010.5,43.2,27.7,0.257,0.6,0.3,2.4,2.3,309,3874.6,3889.4,4863.9,0,242.9,4.99,0,3.83,79.0,0,4058.4,110.58,0.0,Active,0,1,0,78.0,9
MOIL-06,Dongri Buzurg,Maharashtra,Bhandara,2017-11-01,2017,11,5245.4,5292.8,47.4,100.9,8,7,8.5,42.6,1,9,9,0.0,0,60,4,239.2,8.0,39.76,9703.0,13.2,23.4,0.199,0.1,0.0,1.4,2.0,303,4621.0,4596.1,5245.4,1,0.0,0.0,0,3.94,99.0,0,4625.1,106.53,0.0,Active,0,1,0,81.8,11
MOIL-06,Dongri Buzurg,Maharashtra,Bhandara,2017-12-01,2017,12,5197.7,5393.8,196.1,103.77,8,8,0.3,35.4,0,6,6,0.0,0,60,4,240.0,8.0,37.32,10431.7,4.5,20.2,0.165,0.0,0.0,1.6,1.6,310,5292.8,5102.5,5197.7,1,0.0,0.0,0,4.18,98.1,0,4843.0,109.3,0.0,Active,0,1,0,85.2,9
MOIL-06,Dongri Buzurg,Maharashtra,Bhandara,2018-01-01,2018,1,5438.9,5378.3,-60.6,98.89,8,8,8.5,35.6,1,6,6,0.0,0,60,4,239.2,8.0,38.13,11024.2,12.9,21.5,0.165,0.2,0.1,2.0,2.0,315,5393.8,5355.0,5438.9,0,60.6,1.11,0,4.13,92.7,0,5726.7,118.18,341.6,Active,0,1,0,79.4,10
MOIL-06,Dongri Buzurg,Maharashtra,Bhandara,2018-02-01,2018,2,5539.6,5266.3,-273.3,95.07,8,7,9.3,44.4,1,6,6,0.0,0,60,4,239.2,8.0,38.08,11981.1,16.6,24.3,0.193,0.3,0.1,3.0,2.1,321,5378.3,5346.1,5539.6,0,273.3,4.93,0,4.35,93.1,0,4760.8,117.06,0.0,Active,0,1,0,81.3,11
MOIL-06,Dongri Buzurg,Maharashtra,Bhandara,2018-03-01,2018,3,5539.6,5304.1,-235.5,95.75,8,8,13.4,43.9,2,8,8,0.0,0,60,4,239.2,8.0,36.2,10069.0,12.1,29.4,0.164,0.1,0.1,5.0,1.7,296,5266.3,5316.2,5539.6,0,235.5,4.25,0,3.13,105.6,0,4804.3,115.12,0.0,Active,0,1,0,88.3,11
MOIL-06,Dongri Buzurg,Maharashtra,Bhandara,2018-04-01,2018,4,5287.8,5092.3,-195.5,96.3,8,8,5.6,37.8,1,8,8,0.0,0,60,4,239.2,8.0,39.81,10123.2,9.2,32.5,0.175,0.1,0.1,3.8,1.8,310,5304.1,5220.9,5287.8,0,195.5,3.7,0,4.43,87.6,0,5366.4,113.67,290.8,Active,0,1,0,82.0,9
MOIL-06,Dongri Buzurg,Maharashtra,Bhandara,2018-05-01,2018,5,5036.0,4908.9,-127.1,97.48,8,8,7.5,46.9,2,8,8,0.0,0,60,4,239.2,8.0,36.84,9169.8,14.0,38.1,0.187,0.2,0.1,4.1,1.8,303,5092.3,5101.8,5036.0,0,127.1,2.52,0,3.91,101.1,0,4907.9,122.0,0.0,Active,0,1,0,80.3,11
MOIL-06,Dongri Buzurg,Maharashtra,Bhandara,2018-06-01,2018,6,4280.6,4013.2,-267.4,93.75,8,6,22.1,36.6,2,9,9,0.0,0,60,3,230.4,8.0,39.5,8610.5,184.5,32.2,0.55,3.2,1.0,7.3,4.7,313,4908.9,4671.5,4280.6,0,267.4,6.25,1,6.46,74.1,0,3828.1,112.04,0.0,Active,0,1,1,60.4,7
MOIL-06,Dongri Buzurg,Maharashtra,Bhandara,2018-07-01,2018,7,3777.0,3285.4,-491.6,86.98,8,5,35.0,47.0,2,5,5,0.0,0,60,3,224.0,8.0,37.62,6710.9,295.8,28.2,0.55,1.0,0.3,7.0,9.9,310,4013.2,4069.2,3777.0,0,491.6,13.02,1,9.16,67.2,0,3270.1,114.84,0.0,Active,0,1,1,44.3,7
MOIL-06,Dongri Buzurg,Maharashtra,Bhandara,2018-08-01,2018,8,3928.1,3486.0,-442.1,88.75,8,5,23.4,35.6,1,8,5,8.0,3,60,3,224.8,8.0,37.67,7662.7,280.9,25.8,0.55,2.3,1.1,7.2,9.4,323,3285.4,3594.9,3928.1,0,442.1,11.25,1,9.81,53.0,0,3497.1,119.31,12.4,Active,0,1,1,47.7,6
MOIL-06,Dongri Buzurg,Maharashtra,Bhandara,2018-09-01,2018,9,4431.7,4361.3,-70.4,98.41,8,7,21.2,38.1,4,7,6,2.4,1,60,3,232.8,8.0,36.25,7795.5,135.0,27.1,0.488,2.0,1.4,6.6,6.6,297,3486.0,3710.9,4431.7,0,70.4,1.59,0,6.56,84.4,0,4284.6,112.98,0.0,Active,0,1,1,70.1,8
MOIL-06,Dongri Buzurg,Maharashtra,Bhandara,2018-10-01,2018,10,5136.7,4893.1,-243.6,95.26,8,6,10.4,45.0,2,9,9,0.0,0,60,4,236.8,8.0,40.2,8593.6,54.0,27.8,0.295,0.3,0.1,3.3,3.6,322,4361.3,4246.8,5136.7,0,243.6,4.74,0,5.73,94.0,0,4493.0,116.55,0.0,Active,0,1,0,79.8,10
MOIL-06,Dongri Buzurg,Maharashtra,Bhandara,2018-11-01,2018,11,5539.6,5410.3,-129.3,97.67,8,7,1.1,40.7,0,7,7,0.0,0,60,4,239.2,8.0,39.47,9613.1,15.9,24.2,0.196,0.1,0.0,2.6,1.8,324,4893.1,4888.2,5539.6,0,129.3,2.33,0,3.89,98.7,0,4782.7,115.15,0.0,Active,0,1,0,79.1,9
MOIL-06,Dongri Buzurg,Maharashtra,Bhandara,2018-12-01,2018,12,5489.2,5533.8,44.6,100.81,8,7,10.3,36.1,2,6,6,0.0,0,60,4,240.0,8.0,35.76,10252.5,5.0,20.4,0.164,0.0,0.0,5.0,1.6,323,5410.3,5279.1,5489.2,1,0.0,0.0,0,3.57,108.1,0,4950.8,113.23,0.0,Active,0,1,0,82.7,10
MOIL-06,Dongri Buzurg,Maharashtra,Bhandara,2019-01-01,2019,1,5636.6,5515.4,-121.2,97.85,8,8,7.2,36.4,1,5,5,0.0,0,60,4,239.2,8.0,39.81,10507.8,11.1,21.2,0.162,0.1,0.1,2.5,1.9,303,5533.8,5486.5,5636.6,0,121.2,2.15,0,3.57,97.5,0,5096.0,118.63,0.0,Active,0,1,0,82.7,11
MOIL-06,Dongri Buzurg,Maharashtra,Bhandara,2019-02-01,2019,2,5741.0,5437.9,-303.1,94.72,8,7,5.9,47.0,1,9,9,0.0,0,60,4,239.2,8.0,38.67,9938.0,17.5,23.9,0.195,0.1,0.0,3.0,1.8,311,5515.4,5495.7,5741.0,0,303.1,5.28,1,4.31,86.9,0,5900.8,116.18,297.8,Active,0,1,0,79.9,9
MOIL-06,Dongri Buzurg,Maharashtra,Bhandara,2019-03-01,2019,3,5741.0,5525.7,-215.3,96.25,8,8,9.5,45.2,2,7,7,0.0,0,60,4,239.2,8.0,38.86,12408.7,16.2,30.0,0.202,0.3,0.1,3.5,2.1,299,5437.9,5493.0,5741.0,0,215.3,3.75,0,4.24,93.3,0,5876.8,119.23,281.2,Active,0,1,0,83.3,10
MOIL-06,Dongri Buzurg,Maharashtra,Bhandara,2019-04-01,2019,4,5480.1,5463.3,-16.8,99.69,8,8,9.2,45.6,2,8,8,0.0,0,60,4,239.2,8.0,36.18,10372.2,7.9,34.2,0.176,0.1,0.0,1.9,1.7,307,5525.7,5475.6,5480.1,0,16.8,0.31,0,4.33,86.9,0,5240.5,120.37,0.0,Active,0,1,0,87.8,9
MOIL-06,Dongri Buzurg,Maharashtra,Bhandara,2019-05-01,2019,5,5219.1,5105.6,-113.5,97.82,8,8,8.1,42.7,1,8,8,0.0,0,60,4,239.2,8.0,38.98,9012.1,18.9,37.7,0.191,0.3,0.1,2.0,1.9,307,5463.3,5364.9,5219.1,0,113.5,2.17,0,4.92,101.1,0,4538.5,118.68,0.0,Active,0,1,0,83.0,9
MOIL-06,Dongri Buzurg,Maharashtra,Bhandara,2019-06-01,2019,6,4436.3,3808.9,-627.4,85.86,8,6,22.3,38.9,2,9,6,12.3,3,60,3,228.8,8.0,39.13,7424.1,208.3,31.1,0.55,2.4,1.6,5.8,7.5,314,5105.6,4792.6,4436.3,0,627.4,14.14,1,7.29,81.8,0,4094.1,114.88,204.6,Active,0,1,1,62.2,8
MOIL-06,Dongri Buzurg,Maharashtra,Bhandara,2019-07-01,2019,7,3914.3,3568.5,-345.8,91.16,8,5,37.4,35.7,4,8,7,2.6,1,60,3,224.8,8.0,36.2,8522.2,286.7,27.4,0.55,1.7,0.7,9.9,6.1,296,3808.9,4161.0,3914.3,0,345.8,8.83,1,10.07,73.2,0,3582.0,121.65,7.7,Active,0,1,1,46.0,7
MOIL-06,Dongri Buzurg,Maharashtra,Bhandara,2019-08-01,2019,8,4070.9,3342.2,-728.7,82.1,8,4,33.3,37.2,3,7,3,14.4,4,60,3,225.6,8.0,38.63,6832.3,263.4,25.9,0.55,5.1,2.5,8.3,10.6,308,3568.5,3573.2,4070.9,0,728.7,17.9,1,9.17,62.4,0,3470.7,119.77,119.4,Active,0,1,1,50.4,5
MOIL-06,Dongri Buzurg,Maharashtra,Bhandara,2019-09-01,2019,9,4592.8,4287.8,-305.0,93.36,8,7,25.6,36.2,3,8,8,0.0,0,60,3,232.0,8.0,40.15,10068.9,145.9,27.0,0.512,2.8,1.3,5.0,5.7,318,3342.2,3732.8,4592.8,0,305.0,6.64,1,7.07,68.0,0,3840.0,122.28,0.0,Active,0,1,1,65.6,7
MOIL-06,Dongri Buzurg,Maharashtra,Bhandara,2019-10-01,2019,10,5323.5,5280.9,-42.6,99.2,8,8,9.6,38.9,1,9,9,0.0,0,60,4,237.6,8.0,39.48,8618.4,50.0,27.4,0.271,0.6,0.4,4.2,2.5,318,4287.8,4303.6,5323.5,0,42.6,0.8,0,3.49,95.6,0,4797.3,117.76,0.0,Active,0,1,0,73.5,8
MOIL-06,Dongri Buzurg,Maharashtra,Bhandara,2019-11-01,2019,11,5741.0,5632.3,-108.7,98.11,8,7,1.0,42.0,0,8,8,0.0,0,60,4,239.2,8.0,39.57,9274.6,14.9,23.4,0.197,0.2,0.1,1.7,2.1,317,5280.9,5067.0,5741.0,0,108.7,1.89,0,4.44,87.4,0,5320.3,113.09,0.0,Active,0,1,0,85.9,9
MOIL-06,Dongri Buzurg,Maharashtra,Bhandara,2019-12-01,2019,12,5688.8,5567.4,-121.4,97.87,8,8,0.4,44.0,0,6,6,0.0,0,60,4,240.0,8.0,38.41,11362.5,5.4,19.6,0.157,0.1,0.0,1.8,1.7,312,5632.3,5493.5,5688.8,0,121.4,2.13,0,3.93,99.8,0,5720.6,120.43,173.7,Active,0,1,0,91.5,11
MOIL-06,Dongri Buzurg,Maharashtra,Bhandara,2020-01-01,2020,1,4862.7,4775.9,-86.8,98.21,8,8,0.7,40.4,0,6,5,2.5,1,60,4,239.2,8.0,37.42,9225.9,10.1,21.7,0.179,0.2,0.1,5.1,1.8,305,5567.4,5325.2,4862.7,0,86.8,1.79,0,4.08,99.6,0,4778.4,116.8,1.6,Active,0,1,0,86.2,10
MOIL-06,Dongri Buzurg,Maharashtra,Bhandara,2020-02-01,2020,2,4952.8,4876.2,-76.6,98.45,8,7,1.2,43.3,0,7,7,0.0,0,60,4,239.2,8.0,39.53,9741.7,18.4,24.6,0.214,0.3,0.2,1.6,2.2,296,4775.9,5073.2,4952.8,0,76.6,1.55,0,6.47,92.5,0,5042.4,117.93,145.3,Active,0,1,0,82.8,11
MOIL-06,Dongri Buzurg,Maharashtra,Bhandara,2020-03-01,2020,3,4952.8,4670.8,-282.0,94.31,8,7,18.8,38.8,2,7,7,0.0,0,60,4,239.2,8.0,39.31,9485.7,12.3,28.9,0.175,0.1,0.1,3.3,1.7,311,4876.2,4774.3,4952.8,0,282.0,5.69,1,4.53,91.9,0,4976.6,122.05,296.4,Active,0,1,0,83.3,10
MOIL-06,Dongri Buzurg,Maharashtra,Bhandara,2020-04-01,2020,4,4727.7,4576.0,-151.7,96.79,8,7,10.8,36.5,2,7,7,0.0,0,60,4,239.2,8.0,39.35,9870.8,9.9,35.2,0.163,0.1,0.0,3.3,1.8,301,4670.8,4707.7,4727.7,0,151.7,3.21,0,4.17,86.3,0,4105.6,119.25,0.0,Active,0,1,0,77.3,10
MOIL-06,Dongri Buzurg,Maharashtra,Bhandara,2020-05-01,2020,5,4502.5,4499.5,-3.0,99.93,8,7,9.8,47.4,1,8,8,0.0,0,60,4,239.2,8.0,35.34,8914.4,16.7,38.3,0.197,0.1,0.0,3.7,2.0,313,4576.0,4582.1,4502.5,0,3.0,0.07,0,4.93,100.8,0,4414.2,122.98,0.0,Active,0,1,0,92.5,10
MOIL-06,Dongri Buzurg,Maharashtra,Bhandara,2020-06-01,2020,6,3827.2,3648.7,-178.5,95.34,8,5,17.0,39.9,1,7,7,0.0,0,60,3,232.0,8.0,37.1,8031.9,151.9,32.1,0.514,2.1,0.8,6.5,7.3,316,4499.5,4241.4,3827.2,0,178.5,4.66,0,5.13,73.6,0,3853.9,125.41,122.6,Active,0,1,1,68.0,8
MOIL-06,Dongri Buzurg,Maharashtra,Bhandara,2020-07-01,2020,7,3376.9,2809.3,-567.6,83.19,8,5,36.9,40.2,4,5,4,5.7,1,60,2,224.0,8.0,37.78,6661.5,327.4,28.4,0.55,1.8,1.1,8.9,13.9,301,3648.7,3652.5,3376.9,0,567.6,16.81,1,9.93,83.7,0,3024.3,122.65,177.7,Active,0,1,1,42.6,6
MOIL-06,Dongri Buzurg,Maharashtra,Bhandara,2020-08-01,2020,8,3512.0,3091.2,-420.8,88.02,8,5,24.9,38.0,1,7,5,6.1,2,60,3,224.8,8.0,40.9,7194.8,283.9,27.5,0.55,2.1,1.1,8.8,10.9,301,2809.3,3183.1,3512.0,0,420.8,11.98,1,8.83,63.6,0,2920.8,116.86,0.0,Active,0,1,1,47.7,5
MOIL-06,Dongri Buzurg,Maharashtra,Bhandara,2020-09-01,2020,9,3962.2,3756.6,-205.6,94.81,8,5,18.4,36.0,1,9,9,0.0,0,60,3,230.4,8.0,37.85,7112.1,174.7,27.1,0.55,1.7,0.6,6.4,4.2,305,3091.2,3219.0,3962.2,0,205.6,5.19,1,8.74,82.7,0,3961.4,119.8,134.0,Active,0,1,1,60.9,8
MOIL-06,Dongri Buzurg,Maharashtra,Bhandara,2020-10-01,2020,10,4592.6,4371.6,-221.0,95.19,8,8,8.7,47.5,1,9,9,0.0,0,60,4,237.6,8.0,37.87,9147.9,41.7,27.4,0.262,0.2,0.1,5.4,2.6,323,3756.6,3739.8,4592.6,0,221.0,4.81,0,3.69,88.5,0,4383.5,120.87,13.9,Active,0,1,0,79.0,8
MOIL-06,Dongri Buzurg,Maharashtra,Bhandara,2020-11-01,2020,11,4952.8,4857.3,-95.5,98.07,8,7,5.9,46.3,1,6,6,0.0,0,60,4,239.2,8.0,37.66,9948.5,12.8,22.4,0.163,0.2,0.1,1.6,1.7,305,4371.6,4328.5,4952.8,0,95.5,1.93,0,3.83,94.5,0,5173.7,122.8,177.8,Active,0,1,0,80.1,9
MOIL-06,Dongri Buzurg,Maharashtra,Bhandara,2020-12-01,2020,12,4907.8,4819.3,-88.5,98.2,8,7,0.3,47.3,0,9,9,0.0,0,60,4,240.0,8.0,37.83,10534.2,4.4,20.1,0.161,0.0,0.0,3.6,1.6,309,4857.3,4682.7,4907.8,0,88.5,1.8,0,2.64,111.4,0,5272.5,120.26,397.5,Active,0,1,0,86.6,10
MOIL-06,Dongri Buzurg,Maharashtra,Bhandara,2021-01-01,2021,1,5338.5,5140.9,-197.6,96.3,8,8,38.2,38.3,5,6,6,0.0,0,60,4,239.2,8.0,38.91,11365.8,11.5,22.2,0.186,0.2,0.1,2.8,1.9,297,4819.3,4939.2,5338.5,0,197.6,3.7,0,4.9,99.3,0,5193.1,135.92,36.2,Active,0,1,0,83.5,9
MOIL-06,Dongri Buzurg,Maharashtra,Bhandara,2021-02-01,2021,2,5437.4,5511.2,73.8,101.36,8,8,1.1,38.5,0,7,7,0.0,0,60,4,239.2,8.0,39.34,8744.9,16.9,24.0,0.193,0.2,0.1,4.5,2.0,298,5140.9,5157.1,5437.4,1,0.0,0.0,0,4.25,87.9,0,5822.8,136.85,303.7,Active,0,1,0,83.5,11
MOIL-06,Dongri Buzurg,Maharashtra,Bhandara,2021-03-01,2021,3,5437.4,5367.3,-70.1,98.71,8,8,0.8,45.9,0,7,7,0.0,0,60,4,239.2,8.0,39.14,11181.5,12.4,29.4,0.173,0.2,0.1,4.9,1.8,295,5511.2,5339.8,5437.4,0,70.1,1.29,0,4.69,96.6,0,5841.1,139.58,296.2,Active,0,1,0,82.7,11
MOIL-06,Dongri Buzurg,Maharashtra,Bhandara,2021-04-01,2021,4,5190.2,4984.4,-205.8,96.03,8,8,7.1,41.3,1,5,5,0.0,0,60,4,239.2,8.0,38.41,10970.9,7.8,34.7,0.18,0.0,0.0,2.0,1.8,316,5367.3,5287.6,5190.2,0,205.8,3.97,0,3.37,87.5,0,4823.3,138.58,0.0,Active,0,1,0,81.3,10
MOIL-06,Dongri Buzurg,Maharashtra,Bhandara,2021-05-01,2021,5,4943.1,4926.5,-16.6,99.67,8,8,1.1,44.2,0,6,6,0.0,0,60,4,239.2,8.0,38.98,9412.1,15.9,37.9,0.173,0.1,0.1,2.8,1.8,300,4984.4,5092.7,4943.1,0,16.6,0.34,0,3.85,92.9,0,4909.7,138.55,0.0,Active,0,1,0,83.9,10
MOIL-06,Dongri Buzurg,Maharashtra,Bhandara,2021-06-01,2021,6,4201.6,3697.7,-503.9,88.01,8,5,18.0,41.7,2,5,3,11.0,2,60,3,231.2,8.0,37.92,8870.4,171.9,32.4,0.55,1.2,0.6,5.7,8.7,306,4926.5,4536.2,4201.6,0,503.9,11.99,1,7.44,78.6,0,3824.0,133.3,78.3,Active,0,1,1,66.2,7
MOIL-06,Dongri Buzurg,Maharashtra,Bhandara,2021-07-01,2021,7,3707.3,3165.5,-541.8,85.39,8,5,43.8,45.4,6,9,8,3.2,1,60,3,224.8,8.0,37.25,7611.9,292.0,27.0,0.55,2.4,0.8,10.0,7.3,317,3697.7,3929.9,3707.3,0,541.8,14.61,1,7.69,65.7,0,3422.1,136.57,212.5,Active,0,1,1,46.7,5
MOIL-06,Dongri Buzurg,Maharashtra,Bhandara,2021-08-01,2021,8,3855.6,3491.3,-364.3,90.55,8,6,19.5,37.6,2,5,4,5.4,1,60,3,229.6,8.0,37.97,7173.3,190.7,25.8,0.55,2.9,1.5,5.4,6.4,298,3165.5,3451.5,3855.6,0,364.3,9.45,1,6.79,66.8,0,3247.3,134.95,0.0,Active,0,1,1,62.1,6
MOIL-06,Dongri Buzurg,Maharashtra,Bhandara,2021-09-01,2021,9,4349.9,3997.2,-352.7,91.89,8,6,36.2,36.2,4,6,5,2.4,1,60,3,231.2,8.0,38.15,7437.7,165.8,27.5,0.55,3.1,1.4,6.4,3.9,300,3491.3,3551.3,4349.9,0,352.7,8.11,1,7.32,83.6,0,3769.8,138.9,0.0,Active,0,1,1,60.0,7
MOIL-06,Dongri Buzurg,Maharashtra,Bhandara,2021-10-01,2021,10,5041.9,4714.1,-327.8,93.5,8,7,3.6,44.3,0,6,5,5.7,1,60,4,236.8,8.0,39.12,8995.5,53.4,26.9,0.267,0.5,0.2,3.7,3.5,304,3997.2,4067.5,5041.9,0,327.8,6.5,1,6.03,105.8,0,4843.5,134.86,77.0,Active,0,1,0,77.6,8
MOIL-06,Dongri Buzurg,Maharashtra,Bhandara,2021-11-01,2021,11,5437.4,5315.8,-121.6,97.76,8,8,6.6,41.2,1,8,8,0.0,0,60,4,239.2,8.0,39.04,9307.5,16.4,23.5,0.168,0.1,0.1,2.6,2.3,313,4714.1,4675.7,5437.4,0,121.6,2.24,0,3.18,101.5,0,5652.8,135.64,239.7,Active,0,1,0,82.8,10
MOIL-06,Dongri Buzurg,Maharashtra,Bhandara,2021-12-01,2021,12,5387.9,5297.3,-90.6,98.32,8,8,14.0,45.3,3,7,7,0.0,0,60,4,240.0,8.0,40.87,9441.4,4.2,20.5,0.147,0.1,0.1,4.7,1.7,310,5315.8,5109.1,5387.9,0,90.6,1.68,0,5.02,108.3,0,5732.9,132.89,388.9,Active,0,1,0,84.4,11
MOIL-06,Dongri Buzurg,Maharashtra,Bhandara,2022-01-01,2022,1,5956.0,5723.4,-232.6,96.09,8,7,13.8,38.3,2,5,5,0.0,0,60,4,239.2,8.0,39.25,10219.1,13.3,22.3,0.167,0.1,0.1,4.9,2.1,323,5297.3,5445.5,5956.0,0,232.6,3.91,0,1.79,105.4,0,5289.0,143.75,0.0,Active,0,1,0,80.5,10
MOIL-06,Dongri Buzurg,Maharashtra,Bhandara,2022-02-01,2022,2,6066.3,5773.5,-292.8,95.17,8,8,17.2,46.1,2,8,8,0.0,0,60,4,239.2,8.0,38.39,11575.9,17.4,24.1,0.192,0.1,0.0,2.0,2.2,298,5723.4,5598.1,6066.3,0,292.8,4.83,0,2.14,92.4,0,5811.1,143.58,30.7,Active,0,1,0,84.1,11
MOIL-06,Dongri Buzurg,Maharashtra,Bhandara,2022-03-01,2022,3,6066.3,6180.1,113.8,101.88,8,7,1.0,40.5,0,9,9,0.0,0,60,4,239.2,8.0,39.59,10223.5,14.7,28.8,0.184,0.1,0.0,2.2,1.9,315,5773.5,5892.3,6066.3,1,0.0,0.0,0,3.87,95.0,0,5728.4,141.39,0.0,Active,0,1,0,80.5,9
MOIL-06,Dongri Buzurg,Maharashtra,Bhandara,2022-04-01,2022,4,5790.6,5963.1,172.5,102.98,8,8,0.6,39.0,0,7,7,0.0,0,60,4,239.2,8.0,38.3,10597.6,9.2,34.6,0.187,0.1,0.1,4.4,1.8,321,6180.1,5972.2,5790.6,1,0.0,0.0,0,4.02,111.9,0,6167.0,144.15,185.5,Active,0,1,0,83.7,11
MOIL-06,Dongri Buzurg,Maharashtra,Bhandara,2022-05-01,2022,5,5514.8,5516.6,1.8,100.03,8,7,0.9,43.1,0,9,9,0.0,0,60,4,239.2,8.0,40.48,11878.1,13.2,38.6,0.183,0.1,0.1,2.0,2.1,306,5963.1,5886.6,5514.8,1,0.0,0.0,0,3.49,84.5,0,6003.9,140.34,487.2,Active,0,1,0,78.2,10
MOIL-06,Dongri Buzurg,Maharashtra,Bhandara,2022-06-01,2022,6,4687.6,4372.1,-315.5,93.27,8,5,15.9,46.0,1,9,9,0.0,0,60,3,232.0,8.0,37.19,9829.5,153.1,33.0,0.537,1.3,0.5,7.4,4.2,321,5516.6,5283.9,4687.6,0,315.5,6.73,1,7.14,67.0,0,4406.5,139.02,26.6,Active,0,1,1,65.3,9
MOIL-06,Dongri Buzurg,Maharashtra,Bhandara,2022-07-01,2022,7,4136.1,3650.2,-485.9,88.25,8,5,27.8,41.4,2,7,6,2.5,1,60,2,224.0,8.0,37.46,8403.2,317.5,27.6,0.55,5.4,1.8,10.8,9.9,309,4372.1,4513.0,4136.1,0,485.9,11.75,1,10.15,60.7,0,3872.8,140.36,176.6,Active,0,1,1,42.3,7
MOIL-06,Dongri Buzurg,Maharashtra,Bhandara,2022-08-01,2022,8,4301.6,3851.7,-449.9,89.54,8,5,23.0,41.9,1,6,5,3.6,1,60,3,227.2,8.0,36.76,8931.0,243.0,26.2,0.55,4.6,1.8,8.5,6.9,296,3650.2,3958.0,4301.6,0,449.9,10.46,1,8.05,58.4,0,4294.3,140.01,331.0,Active,0,1,1,49.3,7
MOIL-06,Dongri Buzurg,Maharashtra,Bhandara,2022-09-01,2022,9,4853.1,4383.9,-469.2,90.33,8,6,27.5,45.1,2,8,6,10.0,2,60,3,232.0,8.0,39.15,9095.4,152.4,27.6,0.534,1.9,1.3,5.4,7.5,305,3851.7,3961.9,4853.1,0,469.2,9.67,1,7.82,75.2,0,4919.9,147.24,463.5,Active,0,1,1,58.8,9
MOIL-06,Dongri Buzurg,Maharashtra,Bhandara,2022-10-01,2022,10,5625.1,5220.0,-405.1,92.8,8,8,13.0,41.3,2,6,6,0.0,0,60,4,237.6,8.0,37.88,9576.6,48.7,27.9,0.278,1.0,0.7,5.1,3.0,300,4383.9,4485.2,5625.1,0,405.1,7.2,1,4.49,86.0,0,5403.7,142.88,133.1,Active,0,1,0,80.8,10
MOIL-06,Dongri Buzurg,Maharashtra,Bhandara,2022-11-01,2022,11,6066.3,5974.6,-91.7,98.49,8,8,8.1,47.4,1,7,7,0.0,0,60,4,239.2,8.0,39.15,10270.7,17.1,23.5,0.19,0.1,0.1,1.4,2.2,318,5220.0,5192.8,6066.3,0,91.7,1.51,0,2.98,101.5,0,6137.8,139.83,170.1,Active,0,1,0,79.0,11
MOIL-06,Dongri Buzurg,Maharashtra,Bhandara,2022-12-01,2022,12,6011.2,5763.2,-248.0,95.87,8,7,17.1,41.3,2,6,6,0.0,0,60,4,240.0,8.0,37.13,10336.5,5.3,21.0,0.167,0.1,0.0,4.2,1.6,324,5974.6,5652.6,6011.2,0,248.0,4.13,0,3.36,106.6,0,6106.1,145.69,336.3,Active,0,1,0,82.6,10
MOIL-06,Dongri Buzurg,Maharashtra,Bhandara,2023-01-01,2023,1,6249.9,5943.3,-306.6,95.09,8,8,17.7,44.3,4,8,8,0.0,0,60,4,239.2,8.0,37.51,10733.2,10.6,22.8,0.184,0.1,0.1,3.9,1.8,298,5763.2,5893.7,6249.9,0,306.6,4.91,0,4.95,84.7,0,6194.3,150.32,284.9,Active,0,1,0,81.3,10
MOIL-06,Dongri Buzurg,Maharashtra,Bhandara,2023-02-01,2023,2,6365.7,5842.0,-523.7,91.77,8,7,44.7,43.0,5,7,7,0.0,0,60,4,239.2,8.0,41.56,13023.0,21.3,25.1,0.206,0.1,0.0,2.5,2.4,317,5943.3,5849.5,6365.7,0,523.7,8.23,1,6.37,98.2,0,5420.5,142.82,0.0,Active,0,1,0,73.2,9
MOIL-06,Dongri Buzurg,Maharashtra,Bhandara,2023-03-01,2023,3,6365.7,6026.1,-339.6,94.67,8,8,10.8,44.4,2,6,6,0.0,0,60,4,239.2,8.0,37.74,11667.7,15.7,29.0,0.208,0.3,0.2,4.7,2.1,322,5842.0,5937.1,6365.7,0,339.6,5.33,1,3.5,99.7,0,6786.3,143.6,634.7,Active,0,1,0,81.2,11
MOIL-06,Dongri Buzurg,Maharashtra,Bhandara,2023-04-01,2023,4,6076.3,5761.1,-315.2,94.81,8,8,15.7,39.5,2,5,5,0.0,0,60,4,239.2,8.0,38.82,13242.6,11.7,34.5,0.165,0.1,0.1,4.2,2.0,314,6026.1,5876.4,6076.3,0,315.2,5.19,1,3.09,99.4,0,6221.4,150.62,440.7,Active,0,1,0,79.2,10
MOIL-06,Dongri Buzurg,Maharashtra,Bhandara,2023-05-01,2023,5,5787.0,5342.3,-444.7,92.32,8,7,6.1,45.7,1,7,6,5.1,1,60,4,239.2,8.0,38.83,11004.3,16.6,37.6,0.211,0.3,0.1,2.7,2.2,301,5761.1,5709.8,5787.0,0,444.7,7.68,1,2.85,99.8,0,4913.1,145.46,0.0,Active,0,1,0,80.7,11
MOIL-06,Dongri Buzurg,Maharashtra,Bhandara,2023-06-01,2023,6,4918.9,4460.8,-458.1,90.69,8,6,54.8,39.7,5,7,7,0.0,0,60,3,229.6,8.0,38.59,10564.6,200.7,31.7,0.55,0.9,0.6,7.3,8.8,316,5342.3,5188.1,4918.9,0,458.1,9.31,1,8.29,68.6,0,4623.7,145.52,186.8,Active,0,1,1,55.4,7
MOIL-06,Dongri Buzurg,Maharashtra,Bhandara,2023-07-01,2023,7,4340.2,3194.4,-1145.8,73.6,8,4,52.8,35.8,5,5,2,16.5,3,60,3,224.0,8.0,36.96,7247.8,297.4,27.8,0.55,3.7,1.2,8.1,7.9,296,4460.8,4332.5,4340.2,0,1145.8,26.4,1,7.86,52.7,0,3385.9,146.75,146.4,Active,0,1,1,40.5,7
MOIL-06,Dongri Buzurg,Maharashtra,Bhandara,2023-08-01,2023,8,4513.8,3916.1,-597.7,86.76,8,6,31.6,36.2,2,7,6,5.2,1,60,3,227.2,8.0,36.77,7528.4,237.2,26.6,0.55,2.8,1.6,7.2,9.5,312,3194.4,3857.1,4513.8,0,597.7,13.24,1,8.04,60.7,0,4279.9,146.43,435.5,Active,0,1,1,50.2,6
MOIL-06,Dongri Buzurg,Maharashtra,Bhandara,2023-09-01,2023,9,5092.5,4504.7,-587.8,88.46,8,5,28.5,37.3,2,6,4,11.6,2,60,3,230.4,8.0,39.31,8999.8,175.4,28.0,0.55,1.1,0.4,6.9,9.5,313,3916.1,3871.7,5092.5,0,587.8,11.54,1,6.49,59.9,0,4670.7,143.59,137.9,Active,0,1,1,60.4,8
MOIL-06,Dongri Buzurg,Maharashtra,Bhandara,2023-10-01,2023,10,5902.7,5850.5,-52.2,99.12,8,7,3.6,42.0,0,9,9,0.0,0,60,4,236.8,8.0,38.75,9976.8,53.4,26.5,0.287,0.9,0.4,5.6,2.6,298,4504.7,4757.1,5902.7,0,52.2,0.88,0,4.55,99.0,0,6167.9,150.87,338.4,Active,0,1,0,78.9,8
MOIL-06,Dongri Buzurg,Maharashtra,Bhandara,2023-11-01,2023,11,6365.7,6392.7,27.0,100.42,8,8,1.2,40.1,0,8,8,0.0,0,60,4,239.2,8.0,38.38,13728.8,18.4,23.0,0.203,0.2,0.1,4.9,2.0,308,5850.5,5582.6,6365.7,1,0.0,0.0,0,4.81,85.8,0,7185.6,149.15,508.9,Active,0,1,0,83.0,9
MOIL-06,Dongri Buzurg,Maharashtra,Bhandara,2023-12-01,2023,12,6307.8,6011.1,-296.7,95.3,8,7,0.3,40.2,0,6,6,0.0,0,60,4,240.0,8.0,36.38,13697.2,5.1,19.7,0.145,0.0,0.0,3.5,1.7,312,6392.7,6084.8,6307.8,0,296.7,4.7,0,3.79,116.2,0,6346.3,155.83,363.8,Active,0,1,0,81.2,10
MOIL-06,Dongri Buzurg,Maharashtra,Bhandara,2024-01-01,2024,1,6638.7,6632.3,-6.4,99.9,8,8,6.6,45.4,1,7,7,0.0,0,60,4,239.2,8.0,36.9,13360.0,13.8,19.8,0.198,0.1,0.1,4.4,1.9,299,6011.1,6345.4,6638.7,0,6.4,0.1,0,4.03,106.8,0,6897.0,156.49,282.9,Active,0,1,0,88.9,9
MOIL-06,Dongri Buzurg,Maharashtra,Bhandara,2024-02-01,2024,2,6761.6,6606.5,-155.1,97.71,8,8,1.3,41.6,0,7,7,0.0,0,60,4,239.2,8.0,38.06,12524.8,19.8,25.2,0.204,0.3,0.1,4.4,2.0,307,6632.3,6416.6,6761.6,0,155.1,2.29,0,4.72,91.7,0,7353.6,149.48,814.3,Active,0,1,0,85.0,10
MOIL-06,Dongri Buzurg,Maharashtra,Bhandara,2024-03-01,2024,3,6761.6,6644.1,-117.5,98.26,8,8,0.8,44.2,0,5,5,0.0,0,60,4,239.2,8.0,37.2,11112.7,12.0,29.3,0.173,0.2,0.1,2.8,1.7,299,6606.5,6627.6,6761.6,0,117.5,1.74,0,2.5,96.5,0,6565.8,153.76,0.0,Active,0,1,0,84.3,10
MOIL-06,Dongri Buzurg,Maharashtra,Bhandara,2024-04-01,2024,4,6454.3,6292.3,-162.0,97.49,8,8,22.4,44.3,3,7,7,0.0,0,60,4,239.2,8.0,38.05,12651.2,11.1,33.8,0.167,0.1,0.1,2.6,1.8,313,6644.1,6514.3,6454.3,0,162.0,2.51,0,4.0,100.4,0,5925.3,148.56,0.0,Active,0,1,0,83.1,10
MOIL-06,Dongri Buzurg,Maharashtra,Bhandara,2024-05-01,2024,5,6146.9,5855.4,-291.5,95.26,8,7,18.2,38.5,2,7,7,0.0,0,60,4,239.2,8.0,38.07,11145.3,16.6,38.0,0.191,0.1,0.0,2.4,1.8,316,6292.3,6263.9,6146.9,0,291.5,4.74,0,5.41,93.6,0,6585.2,157.02,518.1,Active,0,1,0,86.5,9
MOIL-06,Dongri Buzurg,Maharashtra,Bhandara,2024-06-01,2024,6,5224.9,4740.0,-484.9,90.72,8,5,32.1,43.3,3,6,4,6.1,2,60,3,230.4,8.0,36.44,9605.9,176.9,31.3,0.55,0.6,0.3,6.0,8.6,321,5855.4,5629.2,5224.9,0,484.9,9.28,1,7.84,81.9,0,5290.7,150.07,314.3,Active,0,1,1,61.2,8
MOIL-06,Dongri Buzurg,Maharashtra,Bhandara,2024-07-01,2024,7,4610.2,3966.7,-643.5,86.04,8,6,41.1,41.7,3,9,9,0.0,0,60,3,226.4,8.0,40.08,7958.0,249.0,27.7,0.55,4.7,1.4,9.7,12.2,306,4740.0,4854.0,4610.2,0,643.5,13.96,1,9.28,56.7,0,4424.5,147.52,236.5,Active,0,1,1,58.2,7
MOIL-06,Dongri Buzurg,Maharashtra,Bhandara,2024-08-01,2024,8,4794.6,4163.7,-630.9,86.84,8,5,42.8,39.9,5,7,7,0.0,0,60,3,228.0,8.0,37.62,10268.8,223.4,26.1,0.55,3.9,1.3,8.9,6.9,322,3966.7,4290.1,4794.6,0,630.9,13.16,1,7.02,68.7,0,4620.6,153.83,447.5,Active,0,1,1,56.8,8
MOIL-06,Dongri Buzurg,Maharashtra,Bhandara,2024-09-01,2024,9,5409.3,5151.0,-258.3,95.23,8,6,31.2,37.7,3,6,6,0.0,0,60,3,232.0,8.0,38.88,8994.2,146.7,27.7,0.511,2.0,0.7,6.6,4.2,303,4163.7,4427.1,5409.3,0,258.3,4.78,0,6.01,90.6,0,4823.0,147.58,0.0,Active,0,1,1,62.0,8
MOIL-06,Dongri Buzurg,Maharashtra,Bhandara,2024-10-01,2024,10,6269.9,6101.1,-168.8,97.31,8,7,14.0,38.9,3,5,5,0.0,0,60,4,237.6,8.0,38.42,12228.9,46.1,27.2,0.249,0.3,0.1,5.2,3.3,322,5151.0,5138.6,6269.9,0,168.8,2.69,0,6.05,93.7,0,6104.6,151.24,3.7,Active,0,1,0,79.2,9
MOIL-06,Dongri Buzurg,Maharashtra,Bhandara,2024-11-01,2024,11,6761.6,6279.4,-482.2,92.87,8,7,18.7,37.3,2,6,6,0.0,0,60,4,239.2,8.0,38.53,11984.0,15.2,23.3,0.179,0.2,0.1,1.4,2.2,319,6101.1,5843.8,6761.6,0,482.2,7.13,1,4.04,97.7,0,6340.9,148.6,51.6,Active,0,1,0,77.5,10
MOIL-06,Dongri Buzurg,Maharashtra,Bhandara,2024-12-01,2024,12,6700.1,6719.6,19.5,100.29,8,7,0.3,39.9,0,5,5,0.0,0,60,4,240.0,8.0,37.25,14131.3,4.7,20.9,0.162,0.0,0.0,1.7,1.7,297,6279.4,6366.7,6700.1,1,0.0,0.0,0,2.98,103.3,0,7413.3,148.89,726.1,Active,0,1,0,84.5,11
MOIL-06,Dongri Buzurg,Maharashtra,Bhandara,2025-01-01,2025,1,6935.4,6642.1,-293.3,95.77,8,8,5.4,42.5,1,8,8,0.0,0,60,4,239.2,8.0,38.58,12809.2,12.0,22.1,0.154,0.1,0.1,2.6,1.7,320,6719.6,6547.0,6935.4,0,293.3,4.23,0,4.1,96.2,0,6295.1,162.45,0.0,Active,0,1,0,82.5,9
MOIL-06,Dongri Buzurg,Maharashtra,Bhandara,2025-02-01,2025,2,7063.9,6931.6,-132.3,98.13,8,8,12.7,45.0,2,9,9,0.0,0,60,4,239.2,8.0,41.27,13655.5,22.2,24.5,0.188,0.4,0.3,4.8,1.9,303,6642.1,6764.4,7063.9,0,132.3,1.87,0,3.29,96.3,0,6993.9,151.18,49.7,Active,0,1,0,81.6,9
MOIL-06,Dongri Buzurg,Maharashtra,Bhandara,2025-03-01,2025,3,7063.9,7142.9,79.0,101.12,8,8,13.1,38.8,2,9,9,0.0,0,60,4,239.2,8.0,37.28,13036.8,16.5,29.8,0.21,0.1,0.0,1.6,1.8,302,6931.6,6905.5,7063.9,1,0.0,0.0,0,3.44,91.2,0,7904.9,150.81,407.0,Active,0,1,0,79.5,9
MOIL-06,Dongri Buzurg,Maharashtra,Bhandara,2025-04-01,2025,4,6742.8,6739.4,-3.4,99.95,8,8,6.3,38.2,1,8,8,0.0,0,60,4,239.2,8.0,39.85,11678.3,9.8,34.8,0.178,0.1,0.0,2.7,1.6,295,7142.9,6938.0,6742.8,0,3.4,0.05,0,4.52,103.1,0,6496.1,155.81,0.0,Active,0,1,0,85.9,11
MOIL-06,Dongri Buzurg,Maharashtra,Bhandara,2025-05-01,2025,5,6421.7,6362.3,-59.4,99.08,8,7,1.1,47.6,0,5,5,0.0,0,60,4,239.2,8.0,38.83,12910.4,16.3,39.3,0.181,0.2,0.1,3.7,2.2,306,6739.4,6748.2,6421.7,0,59.4,0.92,0,4.79,91.2,0,7343.0,154.93,964.3,Active,0,1,0,85.7,11
MOIL-06,Dongri Buzurg,Maharashtra,Bhandara,2025-06-01,2025,6,5458.4,4700.7,-757.7,86.12,8,6,27.2,46.6,2,5,0,13.7,5,60,3,231.2,8.0,39.62,9567.7,160.9,32.9,0.55,2.6,1.6,4.3,5.0,300,6362.3,5934.1,5458.4,0,757.7,13.88,1,5.62,84.5,0,4402.7,152.54,0.0,Active,0,1,1,64.7,7
MOIL-06,Dongri Buzurg,Maharashtra,Bhandara,2025-07-01,2025,7,4816.3,3776.7,-1039.6,78.42,8,6,59.5,37.4,5,8,4,16.0,4,60,3,226.4,8.0,38.02,9914.2,247.9,28.2,0.55,4.6,2.0,8.7,8.0,306,4700.7,4946.6,4816.3,0,1039.6,21.59,1,7.0,52.9,0,4066.8,153.79,165.6,Active,0,1,1,48.5,7
MOIL-06,Dongri Buzurg,Maharashtra,Bhandara,2025-08-01,2025,8,5008.9,4614.5,-394.4,92.13,8,4,28.9,47.3,2,9,7,4.5,2,60,3,226.4,8.0,36.85,8376.0,259.6,25.7,0.55,1.3,0.9,7.6,8.4,319,3776.7,4364.0,5008.9,0,394.4,7.87,1,9.19,81.3,0,4404.4,157.24,0.0,Active,0,1,1,50.1,6
MOIL-06,Dongri Buzurg,Maharashtra,Bhandara,2025-09-01,2025,9,5651.1,5065.4,-585.7,89.64,8,6,23.3,40.9,2,7,5,10.3,2,60,3,231.2,8.0,40.18,10425.8,172.1,26.3,0.55,2.1,1.1,6.5,6.9,297,4614.5,4485.5,5651.1,0,585.7,10.36,1,6.62,56.1,0,5415.8,153.94,353.9,Active,0,1,1,60.8,7
MOIL-06,Dongri Buzurg,Maharashtra,Bhandara,2025-10-01,2025,10,6550.1,6302.4,-247.7,96.22,8,7,2.9,41.1,0,5,5,0.0,0,60,4,237.6,8.0,37.08,11842.9,43.7,26.4,0.258,0.8,0.5,5.4,3.2,301,5065.4,5327.4,6550.1,0,247.7,3.78,0,4.77,91.9,0,6442.9,156.03,104.6,Active,0,1,0,79.4,8
MOIL-06,Dongri Buzurg,Maharashtra,Bhandara,2025-11-01,2025,11,7063.9,6944.8,-119.1,98.31,8,7,7.5,46.8,1,8,8,0.0,0,60,4,239.2,8.0,38.53,13334.6,14.4,23.3,0.177,0.2,0.1,4.6,2.0,295,6302.4,6104.2,7063.9,0,119.1,1.69,0,3.9,101.5,0,7344.2,159.41,301.7,Active,0,1,0,83.3,9
MOIL-06,Dongri Buzurg,Maharashtra,Bhandara,2025-12-01,2025,12,6999.6,7045.7,46.1,100.66,8,8,0.3,44.0,0,7,7,0.0,0,60,4,240.0,8.0,37.93,14182.1,4.7,20.4,0.167,0.0,0.0,3.8,1.6,315,6944.8,6764.3,6999.6,1,0.0,0.0,0,4.2,98.0,0,7724.8,152.51,643.5,Active,0,1,0,82.7,11
MOIL-07,Balaghat,Madhya Pradesh,Balaghat,2015-01-01,2015,1,21142.4,20883.7,-258.7,98.78,15,15,0.8,49.9,0,17,17,0.0,0,383,7,239.2,8.0,38.97,44644.3,12.7,22.6,0.158,2.1,1.4,2.5,0.3,740,20883.7,20883.7,21142.4,0,258.7,1.22,0,3.56,104.4,0,18104.5,96.98,0.0,Active,0,1,0,86.7,11
MOIL-07,Balaghat,Madhya Pradesh,Balaghat,2015-02-01,2015,2,21533.9,21217.9,-316.0,98.53,15,15,6.8,54.4,1,17,17,0.0,0,383,7,239.2,8.0,41.59,40632.6,16.6,24.6,0.201,2.2,1.0,2.6,0.3,763,20883.7,21050.8,21533.9,0,316.0,1.47,0,4.79,107.6,0,19507.0,108.52,0.0,Active,0,1,0,82.3,10
MOIL-07,Balaghat,Madhya Pradesh,Balaghat,2015-03-01,2015,3,21533.9,20397.5,-1136.4,94.72,15,14,8.7,51.4,1,20,20,0.0,0,383,7,239.2,8.0,42.08,35130.1,13.7,29.2,0.185,2.3,1.3,1.5,0.6,747,21217.9,20833.0,21533.9,0,1136.4,5.28,1,3.93,104.6,0,19331.2,102.45,0.0,Active,0,1,0,84.2,10
MOIL-07,Balaghat,Madhya Pradesh,Balaghat,2015-04-01,2015,4,20555.1,20209.9,-345.2,98.32,15,14,27.2,59.6,3,18,18,0.0,0,383,7,239.2,8.0,39.89,33990.6,8.3,34.2,0.181,2.1,0.8,1.7,0.3,746,20397.5,20608.4,20555.1,0,345.2,1.68,0,3.84,97.3,0,17698.9,97.14,0.0,Active,0,1,0,78.3,9
MOIL-07,Balaghat,Madhya Pradesh,Balaghat,2015-05-01,2015,5,19576.3,18965.2,-611.1,96.88,15,14,9.8,58.2,1,21,21,0.0,0,383,7,239.2,8.0,41.71,41115.0,17.2,37.4,0.199,2.3,1.3,5.2,0.7,758,20209.9,19857.5,19576.3,0,611.1,3.12,0,4.64,94.3,0,16859.2,103.84,0.0,Active,0,1,0,87.1,9
MOIL-07,Balaghat,Madhya Pradesh,Balaghat,2015-06-01,2015,6,16639.8,15283.3,-1356.5,91.85,15,14,41.1,60.9,4,21,21,0.0,0,383,6,229.6,8.0,39.76,29461.9,191.6,32.1,0.55,2.9,1.1,7.2,4.4,744,18965.2,18152.8,16639.8,0,1356.5,8.15,1,6.03,87.3,0,13947.9,92.3,0.0,Active,0,1,1,62.0,7
MOIL-07,Balaghat,Madhya Pradesh,Balaghat,2015-07-01,2015,7,14682.2,12551.6,-2130.6,85.49,15,13,52.5,51.9,4,19,17,8.0,2,383,6,226.4,8.0,39.71,30862.3,254.5,26.9,0.55,4.6,1.7,7.7,11.1,740,15283.3,15600.0,14682.2,0,2130.6,14.51,1,8.98,69.4,0,11872.9,101.08,0.0,Active,0,1,1,50.2,6
MOIL-07,Balaghat,Madhya Pradesh,Balaghat,2015-08-01,2015,8,15269.5,13746.2,-1523.3,90.02,15,12,30.8,49.6,3,20,19,4.8,1,383,6,226.4,8.0,40.27,26431.3,253.1,25.9,0.55,6.6,4.0,7.4,7.6,758,12551.6,13860.4,15269.5,0,1523.3,9.98,1,7.65,49.0,0,14221.9,94.45,418.3,Active,0,1,1,51.0,6
MOIL-07,Balaghat,Madhya Pradesh,Balaghat,2015-09-01,2015,9,17227.1,15802.4,-1424.7,91.73,15,14,18.0,56.7,1,19,19,0.0,0,383,6,230.4,8.0,41.3,30336.4,180.5,26.7,0.55,4.9,1.5,5.1,7.5,746,13746.2,14033.4,17227.1,0,1424.7,8.27,1,7.1,69.6,0,14464.3,103.65,0.0,Active,0,1,1,63.3,8
MOIL-07,Balaghat,Madhya Pradesh,Balaghat,2015-10-01,2015,10,19967.8,19014.2,-953.6,95.22,15,15,11.3,58.6,1,17,16,4.3,1,383,7,236.8,8.0,41.1,38409.5,54.1,27.4,0.286,2.2,0.9,4.1,2.5,765,15802.4,16187.6,19967.8,0,953.6,4.78,0,4.1,95.5,0,19559.2,98.86,419.3,Active,0,1,0,79.2,8
MOIL-07,Balaghat,Madhya Pradesh,Balaghat,2015-11-01,2015,11,21533.9,20698.0,-835.9,96.12,15,14,1.0,58.5,0,20,20,0.0,0,383,7,239.2,8.0,38.82,44611.8,15.3,23.9,0.185,2.2,0.8,4.7,0.4,752,19014.2,18504.9,21533.9,0,835.9,3.88,0,5.6,101.5,0,20299.6,99.19,0.0,Active,0,1,0,80.1,11
MOIL-07,Balaghat,Madhya Pradesh,Balaghat,2015-12-01,2015,12,21338.1,21120.4,-217.7,98.98,15,15,3.9,56.1,1,18,18,0.0,0,383,7,240.0,8.0,40.27,44712.1,6.6,20.2,0.158,2.1,0.7,4.3,0.3,761,20698.0,20277.5,21338.1,0,217.7,1.02,0,4.74,94.3,0,20349.1,98.33,0.0,Active,0,1,0,88.4,11
MOIL-07,Balaghat,Madhya Pradesh,Balaghat,2016-01-01,2016,1,21833.4,21343.6,-489.8,97.76,15,15,5.6,53.2,1,19,19,0.0,0,383,7,239.2,8.0,40.39,37640.9,12.2,21.2,0.176,2.2,1.4,2.5,0.5,744,21120.4,21054.0,21833.4,0,489.8,2.24,0,4.51,95.2,0,18840.1,106.68,0.0,Active,0,1,0,78.4,10
MOIL-07,Balaghat,Madhya Pradesh,Balaghat,2016-02-01,2016,2,22237.7,21226.9,-1010.8,95.45,15,14,1.2,57.6,0,19,19,0.0,0,383,7,239.2,8.0,40.8,43721.8,17.4,24.6,0.196,2.2,1.1,3.0,0.8,750,21343.6,21230.3,22237.7,0,1010.8,4.55,0,4.23,97.0,0,21859.6,102.39,580.9,Active,0,1,0,82.3,10
MOIL-07,Balaghat,Madhya Pradesh,Balaghat,2016-03-01,2016,3,22237.7,21985.6,-252.1,98.87,15,15,0.9,54.4,0,19,19,0.0,0,383,7,239.2,8.0,40.69,45982.9,13.0,29.3,0.169,2.1,1.5,3.4,0.3,759,21226.9,21518.7,22237.7,0,252.1,1.13,0,5.23,112.2,0,20897.2,106.42,0.0,Active,0,1,0,91.4,11
MOIL-07,Balaghat,Madhya Pradesh,Balaghat,2016-04-01,2016,4,21226.9,20512.9,-714.0,96.64,15,14,0.6,53.9,0,17,17,0.0,0,383,7,239.2,8.0,41.36,41049.9,9.7,34.0,0.157,2.1,1.5,2.8,0.5,744,21985.6,21241.8,21226.9,0,714.0,3.36,0,4.26,109.7,0,19007.6,104.09,0.0,Active,0,1,0,86.1,10
MOIL-07,Balaghat,Madhya Pradesh,Balaghat,2016-05-01,2016,5,20216.1,19551.2,-664.9,96.71,15,14,1.1,53.6,0,18,18,0.0,0,383,7,239.2,8.0,42.91,32408.9,16.3,38.9,0.178,2.2,1.0,1.7,0.5,750,20512.9,20683.2,20216.1,0,664.9,3.29,0,4.33,95.1,0,20632.4,104.91,1164.7,Active,0,1,0,78.4,9
MOIL-07,Balaghat,Madhya Pradesh,Balaghat,2016-06-01,2016,6,17183.7,16350.2,-833.5,95.15,15,14,19.9,56.8,1,19,19,0.0,0,383,6,229.6,8.0,39.32,36576.1,196.5,32.1,0.55,4.8,2.4,8.8,8.6,764,19551.2,18804.8,17183.7,0,833.5,4.85,0,7.05,64.5,0,14497.4,106.19,0.0,Active,0,1,1,57.4,7
MOIL-07,Balaghat,Madhya Pradesh,Balaghat,2016-07-01,2016,7,15162.1,13834.8,-1327.3,91.25,15,12,47.0,53.7,4,18,17,3.2,1,383,6,226.4,8.0,41.86,29934.9,254.8,27.5,0.55,3.3,2.2,6.5,4.1,748,16350.2,16578.7,15162.1,0,1327.3,8.75,1,7.84,70.0,0,13223.4,104.59,0.0,Active,0,1,1,48.1,7
MOIL-07,Balaghat,Madhya Pradesh,Balaghat,2016-08-01,2016,8,15768.6,13732.2,-2036.4,87.09,15,13,48.4,54.9,8,17,16,4.6,1,383,6,225.6,8.0,39.53,28961.3,274.7,26.5,0.55,6.8,2.9,8.4,4.1,751,13834.8,14639.1,15768.6,0,2036.4,12.91,1,8.26,60.5,0,12180.8,110.27,0.0,Active,0,1,1,45.3,6
MOIL-07,Balaghat,Madhya Pradesh,Balaghat,2016-09-01,2016,9,17790.2,16743.6,-1046.6,94.12,15,14,12.8,49.9,1,17,16,2.8,1,383,6,232.8,8.0,41.22,37238.9,139.1,27.4,0.481,2.6,1.0,4.7,5.0,751,13732.2,14770.2,17790.2,0,1046.6,5.88,1,5.54,82.0,0,15095.3,103.21,0.0,Active,0,1,1,59.7,8
MOIL-07,Balaghat,Madhya Pradesh,Balaghat,2016-10-01,2016,10,20620.5,19518.6,-1101.9,94.66,15,15,9.6,52.7,1,19,19,0.0,0,383,7,238.4,8.0,38.98,35676.8,34.1,26.6,0.229,2.5,1.1,5.5,0.6,762,16743.6,16664.8,20620.5,0,1101.9,5.34,1,7.01,99.0,0,18699.4,101.8,0.0,Active,0,1,0,83.5,11
MOIL-07,Balaghat,Madhya Pradesh,Balaghat,2016-11-01,2016,11,22237.7,21783.7,-454.0,97.96,15,14,8.0,56.8,1,19,17,9.5,2,383,7,239.2,8.0,41.17,43865.6,15.7,22.7,0.177,2.2,1.1,4.3,0.6,746,19518.6,19348.6,22237.7,0,454.0,2.04,0,4.01,96.1,0,20288.0,102.72,0.0,Active,0,1,0,83.3,11
MOIL-07,Balaghat,Madhya Pradesh,Balaghat,2016-12-01,2016,12,22035.6,21572.5,-463.1,97.9,15,14,7.1,52.4,1,21,21,0.0,0,383,7,240.0,8.0,39.77,41161.5,4.9,20.4,0.16,2.1,1.4,2.6,0.1,737,21783.7,20958.3,22035.6,0,463.1,2.1,0,4.45,93.2,0,18570.9,106.46,0.0,Active,0,1,0,85.7,10
MOIL-07,Balaghat,Madhya Pradesh,Balaghat,2017-01-01,2017,1,22732.3,21958.3,-774.0,96.6,15,14,7.5,54.1,1,18,18,0.0,0,383,7,239.2,8.0,41.54,48841.7,13.2,20.2,0.16,2.2,0.9,2.1,0.6,741,21572.5,21771.5,22732.3,0,774.0,3.4,0,4.24,105.0,0,21482.8,106.57,0.0,Active,0,1,0,79.5,11
MOIL-07,Balaghat,Madhya Pradesh,Balaghat,2017-02-01,2017,2,23153.2,22732.4,-420.8,98.18,15,15,9.9,57.9,2,21,21,0.0,0,383,7,239.2,8.0,41.57,38941.9,16.0,24.1,0.198,2.1,0.9,4.3,0.7,748,21958.3,22087.7,23153.2,0,420.8,1.82,0,3.98,88.4,0,22867.0,106.17,75.4,Active,0,1,0,84.2,11
MOIL-07,Balaghat,Madhya Pradesh,Balaghat,2017-03-01,2017,3,23153.2,23041.2,-112.0,99.52,15,14,15.8,49.4,3,21,21,0.0,0,383,7,239.2,8.0,40.45,48078.6,16.7,29.8,0.191,2.3,0.9,5.1,0.3,766,22732.4,22577.3,23153.2,0,112.0,0.48,0,4.51,98.9,0,24577.1,105.92,1808.0,Active,0,1,0,81.6,11
MOIL-07,Balaghat,Madhya Pradesh,Balaghat,2017-04-01,2017,4,22100.8,21692.2,-408.6,98.15,15,15,0.5,60.2,0,18,18,0.0,0,383,7,239.2,8.0,40.02,38596.2,8.0,33.8,0.159,2.0,0.7,4.2,0.2,748,23041.2,22488.6,22100.8,0,408.6,1.85,0,2.87,103.4,0,22675.0,115.49,813.4,Active,0,1,0,83.2,11
MOIL-07,Balaghat,Madhya Pradesh,Balaghat,2017-05-01,2017,5,21048.4,20556.4,-492.0,97.66,15,15,8.1,57.3,1,18,18,0.0,0,383,7,239.2,8.0,37.86,35684.2,16.4,37.7,0.213,2.1,1.0,2.3,0.5,751,21692.2,21763.3,21048.4,0,492.0,2.34,0,4.41,98.0,0,18700.9,106.25,0.0,Active,0,1,0,81.8,10
MOIL-07,Balaghat,Madhya Pradesh,Balaghat,2017-06-01,2017,6,17891.1,17122.8,-768.3,95.71,15,14,17.3,55.6,2,21,21,0.0,0,383,6,232.0,8.0,37.86,34107.3,149.2,32.2,0.515,4.7,1.7,6.9,3.3,748,20556.4,19790.5,17891.1,0,768.3,4.29,0,6.78,84.7,0,18234.1,113.17,936.3,Active,0,1,1,61.8,9
MOIL-07,Balaghat,Madhya Pradesh,Balaghat,2017-07-01,2017,7,15786.3,14749.4,-1036.9,93.43,15,13,23.1,61.6,1,19,19,0.0,0,383,6,225.6,8.0,39.53,27729.1,271.5,28.4,0.55,5.9,4.0,8.6,5.9,741,17122.8,17476.2,15786.3,0,1036.9,6.57,1,8.76,74.0,0,15710.4,106.59,541.9,Active,0,1,1,52.3,7
MOIL-07,Balaghat,Madhya Pradesh,Balaghat,2017-08-01,2017,8,16417.8,15464.2,-953.6,94.19,15,13,23.2,50.1,1,19,19,0.0,0,383,6,227.2,8.0,37.45,35858.0,240.3,25.7,0.55,6.5,3.1,6.1,7.3,742,14749.4,15778.8,16417.8,0,953.6,5.81,1,8.09,68.0,0,13758.4,108.38,0.0,Active,0,1,1,50.0,6
MOIL-07,Balaghat,Madhya Pradesh,Balaghat,2017-09-01,2017,9,18522.6,17424.5,-1098.1,94.07,15,13,16.8,55.2,1,19,18,5.0,1,383,6,231.2,8.0,38.87,36657.2,170.8,27.2,0.55,2.6,1.1,6.7,7.6,746,15464.2,15879.4,18522.6,0,1098.1,5.93,1,8.21,65.9,0,18120.0,108.42,389.8,Active,0,1,1,58.4,7
MOIL-07,Balaghat,Madhya Pradesh,Balaghat,2017-10-01,2017,10,21469.4,20494.6,-974.8,95.46,15,15,9.4,56.7,1,18,18,0.0,0,383,7,237.6,8.0,38.89,37777.3,49.8,26.0,0.283,2.4,1.2,2.3,1.8,748,17424.5,17794.4,21469.4,0,974.8,4.54,0,2.74,85.1,0,21095.4,108.63,445.8,Active,0,1,0,83.4,9
MOIL-07,Balaghat,Madhya Pradesh,Balaghat,2017-11-01,2017,11,23153.2,22361.1,-792.1,96.58,15,14,7.4,60.5,2,18,18,0.0,0,383,7,239.2,8.0,39.77,42059.9,15.1,23.0,0.184,2.1,0.8,2.5,0.6,750,20494.6,20093.4,23153.2,0,792.1,3.42,0,4.64,91.4,0,20753.1,112.39,0.0,Active,0,1,0,85.5,9
MOIL-07,Balaghat,Madhya Pradesh,Balaghat,2017-12-01,2017,12,22942.8,22052.2,-890.6,96.12,15,15,8.0,53.2,1,18,18,0.0,0,383,7,240.0,8.0,39.48,37551.4,5.6,20.7,0.162,2.1,1.0,2.4,0.2,761,22361.1,21636.0,22942.8,0,890.6,3.88,0,5.16,108.4,0,19783.0,106.97,0.0,Active,0,1,0,87.8,9
MOIL-07,Balaghat,Madhya Pradesh,Balaghat,2018-01-01,2018,1,24045.1,24169.5,124.4,100.52,15,14,0.6,52.8,0,21,21,0.0,0,383,7,239.2,8.0,39.89,43453.3,8.7,20.5,0.176,2.1,1.1,1.5,0.1,744,22052.2,22860.9,24045.1,1,0.0,0.0,0,4.97,99.9,0,21814.1,110.74,0.0,Active,0,1,0,80.8,11
MOIL-07,Balaghat,Madhya Pradesh,Balaghat,2018-02-01,2018,2,24490.4,23730.0,-760.4,96.9,15,14,6.5,61.2,1,21,21,0.0,0,383,7,239.2,8.0,40.95,42016.4,16.1,25.2,0.187,2.3,0.8,4.1,0.5,747,24169.5,23317.2,24490.4,0,760.4,3.1,0,3.78,105.4,0,21319.6,109.84,0.0,Active,0,1,0,77.0,10
MOIL-07,Balaghat,Madhya Pradesh,Balaghat,2018-03-01,2018,3,24490.4,23955.9,-534.5,97.82,15,15,0.8,59.1,0,17,17,0.0,0,383,7,239.2,8.0,39.94,40834.9,12.5,30.5,0.199,2.2,1.3,3.0,0.4,749,23730.0,23951.8,24490.4,0,534.5,2.18,0,3.45,91.5,0,24264.0,114.39,237.1,Active,0,1,0,83.7,10
MOIL-07,Balaghat,Madhya Pradesh,Balaghat,2018-04-01,2018,4,23377.2,22333.3,-1043.9,95.53,15,15,7.3,55.7,1,19,19,0.0,0,383,7,239.2,8.0,39.13,42874.5,9.3,35.5,0.157,2.1,1.0,2.6,0.3,764,23955.9,23339.7,23377.2,0,1043.9,4.47,0,3.87,79.2,0,22160.5,112.26,0.0,Active,0,1,0,88.8,11
MOIL-07,Balaghat,Madhya Pradesh,Balaghat,2018-05-01,2018,5,22264.0,21192.0,-1072.0,95.19,15,15,7.2,53.6,1,21,20,5.3,1,383,7,239.2,8.0,40.58,48127.2,15.8,37.9,0.203,2.1,1.3,5.2,0.3,753,22333.3,22493.7,22264.0,0,1072.0,4.81,0,4.91,106.8,0,21341.2,111.3,114.5,Active,0,1,0,81.1,9
MOIL-07,Balaghat,Madhya Pradesh,Balaghat,2018-06-01,2018,6,18924.4,17793.1,-1131.3,94.02,15,13,11.7,57.1,0,19,16,16.7,3,383,6,230.4,8.0,38.05,35509.8,175.5,32.2,0.55,4.9,2.3,8.3,7.7,740,21192.0,20439.5,18924.4,0,1131.3,5.98,1,6.9,79.0,0,16657.8,112.76,0.0,Active,0,1,1,63.6,8
MOIL-07,Balaghat,Madhya Pradesh,Balaghat,2018-07-01,2018,7,16698.0,15071.1,-1626.9,90.26,15,12,25.9,54.4,2,20,19,3.2,1,383,6,225.6,8.0,41.28,28511.5,272.1,26.4,0.55,7.0,3.5,9.8,10.0,760,17793.1,18018.7,16698.0,0,1626.9,9.74,1,8.44,69.7,0,14123.9,111.51,0.0,Active,0,1,1,52.2,7
MOIL-07,Balaghat,Madhya Pradesh,Balaghat,2018-08-01,2018,8,17365.9,15074.0,-2291.9,86.8,15,13,28.3,56.9,1,21,18,7.6,3,383,5,224.0,8.0,38.74,29652.9,322.3,26.7,0.55,3.4,2.3,8.7,8.0,750,15071.1,15979.4,17365.9,0,2291.9,13.2,1,9.69,55.2,0,15723.5,113.32,385.7,Active,0,1,1,40.4,6
MOIL-07,Balaghat,Madhya Pradesh,Balaghat,2018-09-01,2018,9,19592.3,17904.6,-1687.7,91.39,15,13,29.7,52.0,4,20,19,5.2,1,383,6,231.2,8.0,38.45,40440.8,170.0,27.6,0.55,4.4,2.4,5.0,7.4,742,15074.0,16016.6,19592.3,0,1687.7,8.61,1,5.95,78.0,0,16948.3,113.79,0.0,Active,0,1,1,59.3,7
MOIL-07,Balaghat,Madhya Pradesh,Balaghat,2018-10-01,2018,10,22709.3,22142.8,-566.5,97.51,15,14,3.3,52.0,0,17,17,0.0,0,383,7,237.6,8.0,39.8,47782.8,49.9,27.1,0.268,2.5,0.8,5.2,1.0,748,17904.6,18373.8,22709.3,0,566.5,2.49,0,4.3,77.0,0,21949.7,109.53,0.0,Active,0,1,0,74.8,9
MOIL-07,Balaghat,Madhya Pradesh,Balaghat,2018-11-01,2018,11,24490.4,23842.5,-647.9,97.35,15,14,0.9,57.6,0,19,19,0.0,0,383,7,239.2,8.0,39.28,41854.7,12.8,24.4,0.175,2.2,1.2,2.4,0.5,743,22142.8,21296.6,24490.4,0,647.9,2.65,0,5.09,94.7,0,24626.6,116.38,890.6,Active,0,1,0,88.7,11
MOIL-07,Balaghat,Madhya Pradesh,Balaghat,2018-12-01,2018,12,24267.8,24708.4,440.6,101.82,15,14,0.3,56.6,0,17,17,0.0,0,383,7,240.0,8.0,40.47,44457.6,5.1,20.8,0.156,2.0,0.7,4.5,0.2,748,23842.5,23564.6,24267.8,1,0.0,0.0,0,3.41,105.4,0,23091.1,115.54,0.0,Active,0,1,0,81.0,10
MOIL-07,Balaghat,Madhya Pradesh,Balaghat,2019-01-01,2019,1,24958.5,23320.0,-1638.5,93.44,15,14,22.6,59.7,3,21,21,0.0,0,383,7,239.2,8.0,40.56,42169.4,14.1,22.4,0.182,2.1,1.1,4.3,0.4,755,24708.4,23957.0,24958.5,0,1638.5,6.56,1,4.14,85.9,0,23409.0,116.42,86.8,Active,0,1,0,83.7,10
MOIL-07,Balaghat,Madhya Pradesh,Balaghat,2019-02-01,2019,2,25420.7,24352.0,-1068.7,95.8,15,15,15.6,54.2,2,19,19,0.0,0,383,7,239.2,8.0,42.26,51924.0,20.4,24.9,0.214,2.3,1.1,4.5,0.7,756,23320.0,24126.8,25420.7,0,1068.7,4.2,0,4.82,101.8,0,23486.7,120.26,0.0,Active,0,1,0,80.3,10
MOIL-07,Balaghat,Madhya Pradesh,Balaghat,2019-03-01,2019,3,25420.7,24833.7,-587.0,97.69,15,14,6.8,51.7,1,17,17,0.0,0,383,7,239.2,8.0,38.66,47238.6,14.1,29.3,0.184,2.2,1.5,3.1,0.5,765,24352.0,24168.6,25420.7,0,587.0,2.31,0,3.94,105.2,0,24845.3,113.6,7.1,Active,0,1,0,83.7,11
MOIL-07,Balaghat,Madhya Pradesh,Balaghat,2019-04-01,2019,4,24265.2,23290.4,-974.8,95.98,15,14,0.6,53.4,0,20,20,0.0,0,383,7,239.2,8.0,39.48,50528.4,9.7,34.9,0.173,2.1,1.1,4.4,0.2,758,24833.7,24158.7,24265.2,0,974.8,4.02,0,4.1,101.6,0,22434.3,110.32,0.0,Active,0,1,0,89.5,10
MOIL-07,Balaghat,Madhya Pradesh,Balaghat,2019-05-01,2019,5,23109.7,22909.5,-200.2,99.13,15,14,6.8,55.0,1,17,17,0.0,0,383,7,239.2,8.0,41.77,50566.4,12.6,37.5,0.179,2.1,0.7,5.0,0.3,764,23290.4,23677.9,23109.7,0,200.2,0.87,0,3.73,105.8,0,22867.6,118.86,0.0,Active,0,1,0,90.7,9
MOIL-07,Balaghat,Madhya Pradesh,Balaghat,2019-06-01,2019,6,19643.2,17735.5,-1907.7,90.29,15,13,36.5,58.7,3,19,19,0.0,0,383,6,232.0,8.0,40.24,32165.4,145.9,32.2,0.519,3.6,1.3,5.0,6.1,749,22909.5,21311.8,19643.2,0,1907.7,9.71,1,7.9,86.2,0,15745.0,116.09,0.0,Active,0,1,1,65.6,7
MOIL-07,Balaghat,Madhya Pradesh,Balaghat,2019-07-01,2019,7,17332.3,15368.6,-1963.7,88.67,15,13,38.6,61.7,3,20,19,2.7,1,383,6,225.6,8.0,39.47,31285.7,264.3,27.4,0.55,4.4,2.5,7.0,9.4,750,17735.5,18671.2,17332.3,0,1963.7,11.33,1,7.38,59.2,0,14141.3,121.07,0.0,Active,0,1,1,47.6,7
MOIL-07,Balaghat,Madhya Pradesh,Balaghat,2019-08-01,2019,8,18025.6,16573.4,-1452.2,91.94,15,12,26.7,55.5,3,21,20,5.9,1,383,6,226.4,8.0,41.59,39219.3,250.6,25.0,0.55,5.9,3.8,7.2,6.7,766,15368.6,16559.2,18025.6,0,1452.2,8.06,1,9.69,55.5,0,15428.5,119.09,0.0,Active,0,1,1,47.5,6
MOIL-07,Balaghat,Madhya Pradesh,Balaghat,2019-09-01,2019,9,20336.5,18499.1,-1837.4,90.96,15,14,24.8,60.4,2,21,20,2.4,1,383,6,231.2,8.0,39.99,36828.3,160.3,27.5,0.55,4.7,1.9,6.5,4.9,759,16573.4,16813.7,20336.5,0,1837.4,9.03,1,6.27,71.6,0,18881.6,122.72,433.3,Active,0,1,1,61.7,7
MOIL-07,Balaghat,Madhya Pradesh,Balaghat,2019-10-01,2019,10,23571.9,22352.6,-1219.3,94.83,15,15,9.7,59.8,1,19,19,0.0,0,383,7,237.6,8.0,40.74,47580.5,48.9,27.5,0.283,2.4,0.8,2.0,0.8,744,18499.1,19141.7,23571.9,0,1219.3,5.17,1,3.94,80.3,0,21978.8,118.07,0.0,Active,0,1,0,80.0,10
MOIL-07,Balaghat,Madhya Pradesh,Balaghat,2019-11-01,2019,11,25420.7,24512.3,-908.4,96.43,15,14,16.2,59.6,2,19,19,0.0,0,383,7,239.2,8.0,39.79,40904.4,14.2,24.6,0.186,2.1,1.3,2.9,0.4,739,22352.6,21788.0,25420.7,0,908.4,3.57,0,4.13,99.3,0,23740.8,115.59,0.0,Active,0,1,0,88.5,10
MOIL-07,Balaghat,Madhya Pradesh,Balaghat,2019-12-01,2019,12,25189.6,24360.7,-828.9,96.71,15,15,0.4,58.1,0,21,21,0.0,0,383,7,240.0,8.0,39.46,49183.9,5.3,20.4,0.161,2.1,1.3,1.4,0.2,751,24512.3,23741.9,25189.6,0,828.9,3.29,0,3.52,100.3,0,26156.5,119.99,1860.8,Active,0,1,0,83.0,11
MOIL-07,Balaghat,Madhya Pradesh,Balaghat,2020-01-01,2020,1,21565.2,21431.9,-133.3,99.38,15,15,0.7,49.9,0,18,18,0.0,0,383,7,239.2,8.0,40.91,35135.4,11.1,21.0,0.16,2.1,1.1,2.1,0.3,747,24360.7,23435.0,21565.2,0,133.3,0.62,0,3.85,86.0,0,19801.5,119.4,0.0,Active,0,1,0,85.2,11
MOIL-07,Balaghat,Madhya Pradesh,Balaghat,2020-02-01,2020,2,21964.6,21790.9,-173.7,99.21,15,15,6.5,59.5,1,19,19,0.0,0,383,7,239.2,8.0,39.74,45795.9,19.4,24.2,0.203,2.1,0.6,3.7,0.8,756,21431.9,22527.8,21964.6,0,173.7,0.79,0,4.4,100.1,0,23069.9,120.64,866.9,Active,0,1,0,80.1,9
MOIL-07,Balaghat,Madhya Pradesh,Balaghat,2020-03-01,2020,3,21964.6,20978.3,-986.3,95.51,15,14,9.5,51.2,1,19,19,0.0,0,383,7,239.2,8.0,40.07,47485.8,15.8,29.2,0.174,2.2,1.1,2.4,0.6,755,21790.9,21400.4,21964.6,0,986.3,4.49,0,5.2,102.8,0,19492.1,117.64,0.0,Active,0,1,0,78.7,9
MOIL-07,Balaghat,Madhya Pradesh,Balaghat,2020-04-01,2020,4,20966.2,21226.2,260.0,101.24,15,15,0.6,59.3,0,21,21,0.0,0,383,7,239.2,8.0,41.07,36233.1,8.3,34.4,0.162,2.0,1.2,2.0,0.1,762,20978.3,21331.8,20966.2,1,0.0,0.0,0,4.34,100.7,0,20366.1,124.76,0.0,Active,0,1,0,87.1,9
MOIL-07,Balaghat,Madhya Pradesh,Balaghat,2020-05-01,2020,5,19967.8,19656.3,-311.5,98.44,15,14,1.0,58.2,0,21,21,0.0,0,383,7,239.2,8.0,40.67,35551.6,15.2,37.3,0.194,2.2,0.8,4.1,0.2,759,21226.2,20620.3,19967.8,0,311.5,1.56,0,4.23,87.4,0,18965.0,117.43,0.0,Active,0,1,0,78.3,9
MOIL-07,Balaghat,Madhya Pradesh,Balaghat,2020-06-01,2020,6,16972.6,15445.7,-1526.9,91.0,15,14,20.1,61.6,2,18,18,0.0,0,383,6,231.2,8.0,43.08,32942.0,159.9,31.9,0.549,4.8,3.0,6.9,3.1,738,19656.3,18776.1,16972.6,0,1526.9,9.0,1,7.77,81.4,0,16806.8,122.83,1056.2,Active,0,1,1,62.3,9
MOIL-07,Balaghat,Madhya Pradesh,Balaghat,2020-07-01,2020,7,14975.8,13208.4,-1767.4,88.2,15,13,27.7,57.0,1,17,15,8.0,2,383,6,224.8,8.0,43.28,24667.0,287.7,27.5,0.55,3.0,1.6,7.3,8.7,754,15445.7,16103.5,14975.8,0,1767.4,11.8,1,7.81,69.8,0,12520.6,119.87,0.0,Active,0,1,1,49.8,6
MOIL-07,Balaghat,Madhya Pradesh,Balaghat,2020-08-01,2020,8,15574.9,13824.5,-1750.4,88.76,15,12,30.5,50.9,2,18,18,0.0,0,383,6,227.2,8.0,38.49,28483.8,236.1,26.0,0.55,4.8,1.5,6.0,9.8,740,13208.4,14159.5,15574.9,0,1750.4,11.24,1,7.58,67.0,0,13389.1,122.99,0.0,Active,0,1,1,57.0,6
MOIL-07,Balaghat,Madhya Pradesh,Balaghat,2020-09-01,2020,9,17571.7,15631.1,-1940.6,88.96,15,14,28.7,53.2,4,17,15,10.1,2,383,6,231.2,8.0,40.58,31980.6,172.3,28.1,0.55,4.4,2.1,5.0,2.7,762,13824.5,14221.3,17571.7,0,1940.6,11.04,1,6.67,71.7,0,14599.3,121.08,0.0,Active,0,1,1,66.9,9
MOIL-07,Balaghat,Madhya Pradesh,Balaghat,2020-10-01,2020,10,20367.2,19354.5,-1012.7,95.03,15,14,20.1,53.1,2,18,18,0.0,0,383,7,237.6,8.0,39.22,41144.4,50.4,27.7,0.279,2.2,0.7,4.7,1.7,741,15631.1,16270.0,20367.2,0,1012.7,4.97,0,4.89,90.2,0,19553.0,122.22,134.5,Active,0,1,0,74.3,9
MOIL-07,Balaghat,Madhya Pradesh,Balaghat,2020-11-01,2020,11,21964.6,20114.8,-1849.8,91.58,15,15,6.6,59.7,1,17,15,9.2,2,383,7,239.2,8.0,41.99,46531.5,13.0,23.7,0.18,2.2,0.9,3.5,0.3,753,19354.5,18366.8,21964.6,0,1849.8,8.42,1,4.35,104.2,0,20499.1,130.46,384.0,Active,0,1,0,82.1,9
MOIL-07,Balaghat,Madhya Pradesh,Balaghat,2020-12-01,2020,12,21764.9,22290.9,526.0,102.42,15,15,0.3,59.5,0,17,17,0.0,0,383,7,240.0,8.0,39.92,35259.6,4.5,21.3,0.17,2.1,1.1,1.8,0.2,739,20114.8,20586.7,21764.9,1,0.0,0.0,0,5.1,112.5,0,21715.5,125.74,0.0,Active,0,1,0,82.0,11
MOIL-07,Balaghat,Madhya Pradesh,Balaghat,2021-01-01,2021,1,23711.7,22500.0,-1211.7,94.89,15,14,9.0,49.1,1,19,19,0.0,0,383,7,239.2,8.0,42.0,45712.9,13.6,20.6,0.191,2.2,1.2,2.4,0.3,743,22290.9,21635.2,23711.7,0,1211.7,5.11,1,3.78,104.8,0,20997.8,136.17,0.0,Active,0,1,0,85.1,11
MOIL-07,Balaghat,Madhya Pradesh,Balaghat,2021-02-01,2021,2,24150.8,22874.3,-1276.5,94.71,15,15,9.6,61.4,2,19,19,0.0,0,383,7,239.2,8.0,40.57,50494.7,17.6,25.1,0.217,2.1,0.9,4.0,0.3,756,22500.0,22555.1,24150.8,0,1276.5,5.29,1,4.48,89.2,0,24877.2,142.92,1112.6,Active,0,1,0,81.3,10
MOIL-07,Balaghat,Madhya Pradesh,Balaghat,2021-03-01,2021,3,24150.8,23702.1,-448.7,98.14,15,14,5.3,57.9,1,19,19,0.0,0,383,7,239.2,8.0,41.67,39426.7,11.8,29.1,0.175,2.0,1.3,3.0,0.5,737,22874.3,23025.5,24150.8,0,448.7,1.86,0,3.48,92.6,0,24870.0,143.66,853.7,Active,0,1,0,82.5,9
MOIL-07,Balaghat,Madhya Pradesh,Balaghat,2021-04-01,2021,4,23053.0,22198.6,-854.4,96.29,15,14,12.8,50.8,2,19,19,0.0,0,383,7,239.2,8.0,39.71,47092.4,8.3,33.9,0.182,2.1,1.0,3.4,0.1,763,23702.1,22925.0,23053.0,0,854.4,3.71,0,3.69,92.6,0,23164.9,136.93,1125.6,Active,0,1,0,81.2,11
MOIL-07,Balaghat,Madhya Pradesh,Balaghat,2021-05-01,2021,5,21955.3,21570.9,-384.4,98.25,15,15,1.4,61.8,0,17,17,0.0,0,383,7,239.2,8.0,41.62,47156.9,21.0,39.2,0.214,2.4,1.5,3.6,0.7,756,22198.6,22490.5,21955.3,0,384.4,1.75,0,5.07,92.9,0,23197.7,141.2,1530.4,Active,0,1,0,77.8,11
MOIL-07,Balaghat,Madhya Pradesh,Balaghat,2021-06-01,2021,6,18662.0,16906.4,-1755.6,90.59,15,14,19.9,62.0,2,19,19,0.0,0,383,6,231.2,8.0,39.55,33179.0,168.6,32.5,0.55,5.2,2.7,7.6,2.4,751,21570.9,20225.3,18662.0,0,1755.6,9.41,1,6.58,66.9,0,17143.0,133.71,273.5,Active,0,1,1,64.0,7
MOIL-07,Balaghat,Madhya Pradesh,Balaghat,2021-07-01,2021,7,16466.4,14789.2,-1677.2,89.81,15,13,25.9,61.0,1,21,21,0.0,0,383,6,225.6,8.0,39.89,32840.8,268.1,27.8,0.55,5.1,2.4,7.2,9.4,763,16906.4,17755.5,16466.4,0,1677.2,10.19,1,8.48,68.9,0,13720.9,136.48,0.0,Active,0,1,1,46.7,5
MOIL-07,Balaghat,Madhya Pradesh,Balaghat,2021-08-01,2021,8,17125.1,15176.1,-1949.0,88.62,15,13,29.2,58.9,4,20,18,8.0,2,383,6,227.2,8.0,39.44,30763.5,246.0,25.2,0.55,3.0,1.3,6.2,9.4,764,14789.2,15623.9,17125.1,0,1949.0,11.38,1,9.12,66.2,0,15254.0,136.23,43.4,Active,0,1,1,49.6,7
MOIL-07,Balaghat,Madhya Pradesh,Balaghat,2021-09-01,2021,9,19320.6,17995.4,-1325.2,93.14,15,13,19.3,56.5,3,20,20,0.0,0,383,6,232.8,8.0,40.03,40056.8,131.1,28.1,0.456,3.8,1.6,7.4,4.2,745,15176.1,15986.9,19320.6,0,1325.2,6.86,1,6.49,68.4,0,19457.7,139.41,1331.0,Active,0,1,1,67.2,8
MOIL-07,Balaghat,Madhya Pradesh,Balaghat,2021-10-01,2021,10,22394.4,21941.5,-452.9,97.98,15,14,10.8,57.1,1,19,19,0.0,0,383,7,236.8,8.0,38.62,49125.5,53.5,26.5,0.284,3.0,1.1,3.1,2.4,741,17995.4,18371.0,22394.4,0,452.9,2.02,0,3.03,89.4,0,20920.8,136.36,0.0,Active,0,1,0,73.3,9
MOIL-07,Balaghat,Madhya Pradesh,Balaghat,2021-11-01,2021,11,24150.8,23808.2,-342.6,98.58,15,15,7.2,55.0,2,20,20,0.0,0,383,7,239.2,8.0,38.08,46880.6,10.1,23.1,0.174,2.1,0.7,3.0,0.2,765,21941.5,21248.4,24150.8,0,342.6,1.42,0,3.47,100.5,0,22424.0,137.64,0.0,Active,0,1,0,84.1,10
MOIL-07,Balaghat,Madhya Pradesh,Balaghat,2021-12-01,2021,12,23931.2,23018.0,-913.2,96.18,15,14,17.6,50.2,2,18,18,0.0,0,383,7,240.0,8.0,39.76,44251.7,4.4,20.7,0.159,2.1,1.4,1.7,0.1,752,23808.2,22922.6,23931.2,0,913.2,3.82,0,3.47,103.1,0,23554.9,134.91,357.5,Active,0,1,0,84.9,10
MOIL-07,Balaghat,Madhya Pradesh,Balaghat,2022-01-01,2022,1,26495.2,25898.8,-596.4,97.75,15,14,6.2,57.6,1,18,18,0.0,0,383,7,239.2,8.0,42.0,50425.3,11.5,21.4,0.188,2.0,1.0,3.3,0.5,755,23018.0,24241.7,26495.2,0,596.4,2.25,0,3.27,101.6,0,25761.8,142.1,0.0,Active,0,1,0,85.6,10
MOIL-07,Balaghat,Madhya Pradesh,Balaghat,2022-02-01,2022,2,26985.9,26673.2,-312.7,98.84,15,15,1.4,59.3,0,17,17,0.0,0,383,7,239.2,8.0,40.84,43424.9,20.7,24.8,0.21,2.2,0.7,4.1,0.5,757,25898.8,25196.7,26985.9,0,312.7,1.16,0,4.49,90.9,0,26170.2,143.38,0.0,Active,0,1,0,79.3,10
MOIL-07,Balaghat,Madhya Pradesh,Balaghat,2022-03-01,2022,3,26985.9,26311.0,-674.9,97.5,15,15,0.9,51.8,0,21,21,0.0,0,383,7,239.2,8.0,39.9,52646.8,14.2,29.6,0.188,2.1,0.8,3.8,0.5,740,26673.2,26294.3,26985.9,0,674.9,2.5,0,5.38,108.0,0,28244.4,138.17,1223.4,Active,0,1,0,85.6,10
MOIL-07,Balaghat,Madhya Pradesh,Balaghat,2022-04-01,2022,4,25759.2,24651.0,-1108.2,95.7,15,14,18.1,55.6,2,18,18,0.0,0,383,7,239.2,8.0,39.1,41920.7,9.7,34.5,0.167,2.1,1.5,4.4,0.2,756,26311.0,25878.4,25759.2,0,1108.2,4.3,0,4.15,99.0,0,24193.3,137.11,0.0,Active,0,1,0,84.8,9
MOIL-07,Balaghat,Madhya Pradesh,Balaghat,2022-05-01,2022,5,24532.6,24625.1,92.5,100.38,15,14,1.1,56.9,0,17,17,0.0,0,383,7,239.2,8.0,40.53,51529.0,16.2,38.0,0.182,2.3,1.0,3.8,0.2,749,24651.0,25195.7,24532.6,1,0.0,0.0,0,3.64,97.0,0,22946.2,143.77,0.0,Active,0,1,0,79.4,9
MOIL-07,Balaghat,Madhya Pradesh,Balaghat,2022-06-01,2022,6,20852.7,19539.1,-1313.6,93.7,15,14,26.9,56.2,2,19,18,4.1,1,383,6,232.8,8.0,38.29,38412.6,138.7,32.5,0.491,3.7,2.1,6.4,3.6,746,24625.1,22938.4,20852.7,0,1313.6,6.3,1,7.16,81.8,0,19616.0,137.62,58.8,Active,0,1,1,61.8,8
MOIL-07,Balaghat,Madhya Pradesh,Balaghat,2022-07-01,2022,7,18399.5,14813.7,-3585.8,80.51,15,13,71.3,55.9,6,21,20,3.7,1,383,5,224.0,8.0,38.66,36569.4,329.9,27.2,0.55,7.4,5.1,7.4,7.4,745,19539.1,19659.3,18399.5,0,3585.8,19.49,1,9.36,52.7,0,13523.7,139.92,0.0,Active,0,1,1,45.9,5
MOIL-07,Balaghat,Madhya Pradesh,Balaghat,2022-08-01,2022,8,19135.4,17229.2,-1906.2,90.04,15,13,24.2,56.4,2,18,15,10.6,3,383,6,227.2,8.0,39.45,31918.8,243.9,25.5,0.55,6.2,2.1,7.5,6.9,763,14813.7,17194.0,19135.4,0,1906.2,9.96,1,8.2,76.9,0,16769.8,142.85,0.0,Active,0,1,1,51.7,8
MOIL-07,Balaghat,Madhya Pradesh,Balaghat,2022-09-01,2022,9,21588.7,20381.7,-1207.0,94.41,15,13,15.6,50.6,1,19,18,5.9,1,383,6,232.0,8.0,38.66,44552.2,151.9,27.4,0.524,3.6,2.3,5.7,3.6,744,17229.2,17474.9,21588.7,0,1207.0,5.59,1,6.32,80.4,0,19813.4,135.38,0.0,Active,0,1,1,66.0,9
MOIL-07,Balaghat,Madhya Pradesh,Balaghat,2022-10-01,2022,10,25023.3,23726.3,-1297.0,94.82,15,15,2.9,56.4,0,20,20,0.0,0,383,7,237.6,8.0,38.72,48123.6,43.8,27.6,0.25,2.5,1.4,2.6,2.0,755,20381.7,20445.7,25023.3,0,1297.0,5.18,1,5.96,94.4,0,22881.1,145.91,0.0,Active,0,1,0,78.0,9
MOIL-07,Balaghat,Madhya Pradesh,Balaghat,2022-11-01,2022,11,26985.9,27197.2,211.3,100.78,15,15,0.8,55.2,0,20,19,2.7,1,383,7,239.2,8.0,40.07,44527.7,12.1,23.5,0.192,2.1,1.4,1.7,0.4,763,23726.3,23768.4,26985.9,1,0.0,0.0,0,3.23,90.9,0,25979.4,140.05,0.0,Active,0,1,0,84.1,11
MOIL-07,Balaghat,Madhya Pradesh,Balaghat,2022-12-01,2022,12,26740.5,26506.7,-233.8,99.13,15,14,8.4,53.1,1,19,19,0.0,0,383,7,240.0,8.0,39.87,55868.1,5.1,20.5,0.151,2.1,1.5,1.6,0.2,745,27197.2,25810.1,26740.5,0,233.8,0.87,0,2.58,100.1,0,28003.3,141.94,1763.2,Active,0,1,0,91.6,10
MOIL-07,Balaghat,Madhya Pradesh,Balaghat,2023-01-01,2023,1,27845.1,26598.3,-1246.8,95.52,15,14,0.8,54.3,0,17,17,0.0,0,383,7,239.2,8.0,42.1,60398.2,11.8,21.2,0.191,2.2,1.2,4.7,0.3,741,26506.7,26767.4,27845.1,0,1246.8,4.48,0,4.5,87.6,0,26166.5,145.04,0.0,Active,0,1,0,83.1,10
MOIL-07,Balaghat,Madhya Pradesh,Balaghat,2023-02-01,2023,2,28360.8,27415.2,-945.6,96.67,15,14,6.2,51.3,1,19,19,0.0,0,383,7,238.4,8.0,42.02,61749.8,23.4,24.4,0.218,2.2,1.1,3.6,0.4,742,26598.3,26840.1,28360.8,0,945.6,3.33,0,4.88,80.8,0,29462.2,146.99,1711.2,Active,0,1,0,82.9,10
MOIL-07,Balaghat,Madhya Pradesh,Balaghat,2023-03-01,2023,3,28360.8,27522.8,-838.0,97.05,15,15,0.9,54.6,0,20,20,0.0,0,383,7,239.2,8.0,40.61,51450.1,13.7,29.8,0.175,2.2,1.3,3.2,0.4,766,27415.2,27178.8,28360.8,0,838.0,2.95,0,4.24,96.0,0,28972.9,151.31,1394.0,Active,0,1,0,84.6,10
MOIL-07,Balaghat,Madhya Pradesh,Balaghat,2023-04-01,2023,4,27071.6,26877.5,-194.1,99.28,15,15,0.5,61.7,0,21,21,0.0,0,383,7,240.0,8.0,40.42,50754.2,7.3,34.5,0.15,2.1,1.2,3.1,0.2,765,27522.8,27271.8,27071.6,0,194.1,0.72,0,4.26,91.0,0,28664.3,145.03,965.5,Active,0,1,0,84.4,11
MOIL-07,Balaghat,Madhya Pradesh,Balaghat,2023-05-01,2023,5,25782.5,25281.2,-501.3,98.06,15,15,1.2,50.9,0,19,19,0.0,0,383,7,239.2,8.0,39.0,54316.7,18.0,37.5,0.215,2.4,0.9,1.5,0.6,761,26877.5,26560.5,25782.5,0,501.3,1.94,0,5.28,93.0,0,27778.0,145.06,2580.4,Active,0,1,0,80.9,9
MOIL-07,Balaghat,Madhya Pradesh,Balaghat,2023-06-01,2023,6,21915.1,20212.0,-1703.1,92.23,15,14,13.1,51.0,0,18,17,3.2,1,383,6,229.6,8.0,40.08,37483.3,196.3,31.8,0.55,4.8,1.9,6.4,5.9,760,25281.2,24123.6,21915.1,0,1703.1,7.77,1,7.31,76.6,0,22416.4,144.21,1248.5,Active,0,1,1,57.1,6
MOIL-07,Balaghat,Madhya Pradesh,Balaghat,2023-07-01,2023,7,19336.9,17364.8,-1972.1,89.8,15,13,27.1,54.0,3,17,16,3.7,1,383,6,228.0,8.0,38.09,40689.7,229.4,28.0,0.55,6.0,3.7,7.8,8.7,750,20212.0,20952.7,19336.9,0,1972.1,10.2,1,8.1,57.1,0,19026.7,144.89,1382.0,Active,0,1,1,51.1,8
MOIL-07,Balaghat,Madhya Pradesh,Balaghat,2023-08-01,2023,8,20110.4,16200.8,-3909.6,80.56,15,12,77.7,58.3,7,20,17,16.2,3,383,6,224.8,8.0,40.24,34511.6,283.0,26.1,0.55,7.3,3.3,9.0,5.1,759,17364.8,17925.9,20110.4,0,3909.6,19.44,1,9.0,64.0,0,15847.4,145.18,0.0,Active,0,1,1,46.3,7
MOIL-07,Balaghat,Madhya Pradesh,Balaghat,2023-09-01,2023,9,22688.6,21295.9,-1392.7,93.86,15,14,15.7,57.0,2,21,21,0.0,0,383,6,233.6,8.0,38.98,41308.1,124.0,27.2,0.476,4.2,2.5,5.3,4.7,763,16200.8,18287.2,22688.6,0,1392.7,6.14,1,5.64,89.3,0,21490.6,142.8,107.6,Active,0,1,1,70.8,8
MOIL-07,Balaghat,Madhya Pradesh,Balaghat,2023-10-01,2023,10,26298.2,25014.6,-1283.6,95.12,15,14,7.4,55.5,1,21,20,5.7,1,383,7,237.6,8.0,37.56,50766.9,43.6,26.9,0.269,2.3,1.3,5.1,0.9,755,21295.9,20837.1,26298.2,0,1283.6,4.88,0,4.32,100.5,0,25723.0,146.21,355.3,Active,0,1,0,80.2,9
MOIL-07,Balaghat,Madhya Pradesh,Balaghat,2023-11-01,2023,11,28360.8,27959.7,-401.1,98.59,15,15,8.2,56.7,2,17,17,0.0,0,383,7,239.2,8.0,40.84,61411.2,13.8,23.9,0.179,2.2,1.5,2.5,0.6,757,25014.6,24756.7,28360.8,0,401.1,1.41,0,4.6,94.0,0,28092.6,144.5,87.9,Active,0,1,0,80.0,9
MOIL-07,Balaghat,Madhya Pradesh,Balaghat,2023-12-01,2023,12,28102.9,27316.3,-786.6,97.2,15,14,0.3,59.2,0,20,20,0.0,0,383,7,240.0,8.0,39.26,49516.9,4.4,19.1,0.176,2.1,1.4,3.1,0.1,764,27959.7,26763.5,28102.9,0,786.6,2.8,0,3.37,100.2,0,25843.3,146.48,0.0,Active,0,1,0,80.2,9
MOIL-07,Balaghat,Madhya Pradesh,Balaghat,2024-01-01,2024,1,29621.9,29546.1,-75.8,99.74,15,14,0.7,58.5,0,18,18,0.0,0,383,7,239.2,8.0,39.76,60269.4,10.9,21.4,0.186,2.1,1.3,3.6,0.2,760,27316.3,28274.0,29621.9,0,75.8,0.26,0,4.51,87.5,0,30792.8,152.68,954.2,Active,0,1,0,84.3,10
MOIL-07,Balaghat,Madhya Pradesh,Balaghat,2024-02-01,2024,2,30170.4,29792.0,-378.4,98.75,15,14,1.0,50.4,0,20,20,0.0,0,383,7,239.2,8.0,38.79,52105.3,15.0,24.1,0.192,2.2,0.8,4.7,0.3,746,29546.1,28884.8,30170.4,0,378.4,1.25,0,5.61,81.9,0,30539.5,150.53,597.8,Active,0,1,0,81.8,9
MOIL-07,Balaghat,Madhya Pradesh,Balaghat,2024-03-01,2024,3,30170.4,29594.7,-575.7,98.09,15,14,0.9,52.4,0,21,21,0.0,0,383,7,239.2,8.0,36.61,51460.4,12.8,29.7,0.169,2.1,1.0,3.4,0.4,742,29792.0,29644.3,30170.4,0,575.7,1.91,0,4.03,99.9,0,27923.9,153.31,0.0,Active,0,1,0,79.6,10
MOIL-07,Balaghat,Madhya Pradesh,Balaghat,2024-04-01,2024,4,28799.0,27796.6,-1002.4,96.52,15,14,4.8,54.9,1,21,21,0.0,0,383,7,239.2,8.0,39.95,60199.0,8.6,34.5,0.175,2.2,1.1,3.5,0.1,753,29594.7,29061.1,28799.0,0,1002.4,3.48,0,3.67,106.6,0,29233.2,148.69,901.0,Active,0,1,0,82.2,11
MOIL-07,Balaghat,Madhya Pradesh,Balaghat,2024-05-01,2024,5,27427.7,27298.6,-129.1,99.53,15,14,1.1,50.2,0,19,19,0.0,0,383,7,239.2,8.0,40.1,53430.4,16.8,37.7,0.172,2.1,1.2,3.9,0.3,760,27796.6,28230.0,27427.7,0,129.1,0.47,0,3.24,95.9,0,27616.2,154.11,258.6,Active,0,1,0,79.6,9
MOIL-07,Balaghat,Madhya Pradesh,Balaghat,2024-06-01,2024,6,23313.5,21213.5,-2100.0,90.99,15,14,38.9,61.1,4,19,18,3.9,1,383,6,230.4,8.0,40.1,50093.1,174.3,32.6,0.55,3.6,2.3,5.3,2.3,749,27298.6,25436.2,23313.5,0,2100.0,9.01,1,8.13,82.9,0,21161.4,148.53,0.0,Active,0,1,1,60.9,7
MOIL-07,Balaghat,Madhya Pradesh,Balaghat,2024-07-01,2024,7,20570.7,18162.7,-2408.0,88.29,15,13,30.0,51.2,2,21,20,3.6,1,383,6,225.6,8.0,39.62,43500.9,265.3,27.3,0.55,6.9,2.1,10.0,8.9,753,21213.5,22224.9,20570.7,0,2408.0,11.71,1,8.37,71.2,0,20308.4,149.78,1315.4,Active,0,1,1,43.9,6
MOIL-07,Balaghat,Madhya Pradesh,Balaghat,2024-08-01,2024,8,21393.6,18985.6,-2408.0,88.74,15,13,30.5,56.3,3,19,18,5.6,1,383,6,225.6,8.0,40.0,45361.8,272.6,25.8,0.55,5.6,3.1,7.4,11.1,756,18162.7,19453.9,21393.6,0,2408.0,11.26,1,7.82,67.7,0,18473.0,151.58,0.0,Active,0,1,1,51.2,7
MOIL-07,Balaghat,Madhya Pradesh,Balaghat,2024-09-01,2024,9,24136.3,23021.8,-1114.5,95.38,15,14,17.6,56.2,1,21,21,0.0,0,383,6,230.4,8.0,39.32,46950.6,173.6,27.5,0.55,2.6,1.7,4.9,4.6,756,18985.6,20056.7,24136.3,0,1114.5,4.62,0,8.12,82.4,0,21988.5,148.53,0.0,Active,0,1,1,58.2,9
MOIL-07,Balaghat,Madhya Pradesh,Balaghat,2024-10-01,2024,10,27976.2,26447.3,-1528.9,94.53,15,15,15.7,51.9,2,18,17,2.8,1,383,7,238.4,8.0,39.32,57486.4,37.0,26.1,0.26,2.7,1.3,3.7,0.8,759,23021.8,22818.2,27976.2,0,1528.9,5.47,1,4.8,88.8,0,25101.5,147.96,0.0,Active,0,1,0,82.0,9
MOIL-07,Balaghat,Madhya Pradesh,Balaghat,2024-11-01,2024,11,30170.4,29295.0,-875.4,97.1,15,15,13.8,51.6,2,20,20,0.0,0,383,7,239.2,8.0,40.12,50441.1,14.5,23.7,0.178,2.2,1.5,1.6,0.3,753,26447.3,26254.7,30170.4,0,875.4,2.9,0,5.89,99.1,0,29486.6,147.79,193.9,Active,0,1,0,82.9,11
MOIL-07,Balaghat,Madhya Pradesh,Balaghat,2024-12-01,2024,12,29896.2,28805.8,-1090.4,96.35,15,14,0.3,54.7,0,18,18,0.0,0,383,7,240.0,8.0,38.39,53808.0,4.3,20.9,0.155,2.1,1.4,4.2,0.1,758,29295.0,28182.7,29896.2,0,1090.4,3.65,0,5.22,104.1,0,30766.1,149.1,2309.1,Active,0,1,0,78.7,11
MOIL-07,Balaghat,Madhya Pradesh,Balaghat,2025-01-01,2025,1,30992.7,30200.5,-792.2,97.44,15,14,6.3,61.9,1,19,19,0.0,0,383,7,239.2,8.0,40.78,53785.8,11.7,21.1,0.179,2.1,0.9,2.3,0.2,754,28805.8,29433.8,30992.7,0,792.2,2.56,0,4.78,102.9,0,33850.5,150.55,3913.7,Active,0,1,0,88.2,11
MOIL-07,Balaghat,Madhya Pradesh,Balaghat,2025-02-01,2025,2,31566.6,30690.6,-876.0,97.22,15,15,8.8,59.3,1,18,18,0.0,0,383,7,239.2,8.0,40.48,63284.7,18.3,24.7,0.19,2.2,1.5,2.6,0.4,740,30200.5,29899.0,31566.6,0,876.0,2.78,0,4.54,98.0,0,34320.3,153.96,3410.8,Active,0,1,0,85.9,11
MOIL-07,Balaghat,Madhya Pradesh,Balaghat,2025-03-01,2025,3,31566.6,31724.0,157.4,100.5,15,15,0.9,58.4,0,20,20,0.0,0,383,7,239.2,8.0,38.48,51059.7,14.0,30.5,0.192,2.3,0.9,5.0,0.3,747,30690.6,30871.7,31566.6,1,0.0,0.0,0,2.4,103.3,0,35795.2,155.17,3054.8,Active,0,1,0,90.4,11
MOIL-07,Balaghat,Madhya Pradesh,Balaghat,2025-04-01,2025,4,30131.8,28966.0,-1165.8,96.13,15,14,0.7,56.1,0,20,20,0.0,0,383,7,239.2,8.0,40.14,53084.0,10.7,35.0,0.181,2.1,1.2,3.1,0.4,763,31724.0,30460.2,30131.8,0,1165.8,3.87,0,3.4,88.8,0,30759.8,154.47,948.6,Active,0,1,0,80.3,11
MOIL-07,Balaghat,Madhya Pradesh,Balaghat,2025-05-01,2025,5,28696.9,27701.6,-995.3,96.53,15,14,15.6,57.0,2,20,20,0.0,0,383,7,239.2,8.0,40.79,59512.1,14.3,38.9,0.2,2.2,1.0,2.5,0.6,756,28966.0,29463.9,28696.9,0,995.3,3.47,0,5.24,98.3,0,29271.2,154.74,1150.9,Active,0,1,0,83.8,11
MOIL-07,Balaghat,Madhya Pradesh,Balaghat,2025-06-01,2025,6,24392.4,22205.2,-2187.2,91.03,15,14,20.3,52.4,1,20,18,5.3,2,383,6,229.6,8.0,40.51,39946.5,190.9,31.6,0.55,3.3,1.9,7.4,3.7,760,27701.6,26290.9,24392.4,0,2187.2,8.97,1,6.96,74.8,0,21489.7,153.2,0.0,Active,0,1,1,60.6,8
MOIL-07,Balaghat,Madhya Pradesh,Balaghat,2025-07-01,2025,7,21522.7,18239.6,-3283.1,84.75,15,13,40.0,56.6,5,20,20,0.0,0,383,6,225.6,8.0,41.35,37948.9,273.1,27.5,0.55,3.4,1.8,7.9,10.3,759,22205.2,22715.5,21522.7,0,3283.1,15.25,1,9.09,59.1,0,20113.2,157.92,1742.0,Active,0,1,1,45.7,7
MOIL-07,Balaghat,Madhya Pradesh,Balaghat,2025-08-01,2025,8,22383.6,19530.2,-2853.4,87.25,15,13,28.9,56.8,3,21,20,5.9,1,383,6,225.6,8.0,39.81,41903.2,265.9,25.8,0.55,6.3,3.2,8.4,11.2,739,18239.6,19991.7,22383.6,0,2853.4,12.75,1,7.8,54.4,0,19329.6,154.8,0.0,Active,0,1,1,50.7,6
MOIL-07,Balaghat,Madhya Pradesh,Balaghat,2025-09-01,2025,9,25253.3,23588.7,-1664.6,93.41,15,14,33.6,51.4,5,21,20,5.0,1,383,6,230.4,8.0,40.57,48739.1,178.6,26.7,0.55,5.2,1.8,6.7,4.9,744,19530.2,20452.8,25253.3,0,1664.6,6.59,1,7.8,69.8,0,23254.1,148.37,0.0,Active,0,1,1,59.3,9
MOIL-07,Balaghat,Madhya Pradesh,Balaghat,2025-10-01,2025,10,29270.9,27589.2,-1681.7,94.25,15,14,9.9,50.2,2,21,21,0.0,0,383,7,237.6,8.0,39.34,59495.1,47.9,26.7,0.271,2.9,0.9,3.7,2.1,741,23588.7,23569.4,29270.9,0,1681.7,5.75,1,5.74,96.4,0,28053.9,154.0,515.5,Active,0,1,0,81.3,10
MOIL-07,Balaghat,Madhya Pradesh,Balaghat,2025-11-01,2025,11,31566.6,29855.4,-1711.2,94.58,15,15,8.3,59.2,1,19,19,0.0,0,383,7,239.2,8.0,40.33,64420.8,10.3,23.3,0.171,2.2,1.4,4.1,0.3,745,27589.2,27011.1,31566.6,0,1711.2,5.42,1,5.01,97.7,0,32809.2,158.83,3265.3,Active,0,1,0,87.0,9
MOIL-07,Balaghat,Madhya Pradesh,Balaghat,2025-12-01,2025,12,31279.7,30254.1,-1025.6,96.72,15,15,8.1,52.8,1,18,18,0.0,0,383,7,240.0,8.0,39.21,52829.9,3.8,21.6,0.169,2.0,0.8,1.2,0.2,749,29855.4,29232.9,31279.7,0,1025.6,3.28,0,3.25,103.5,0,28711.6,155.99,0.0,Active,0,1,0,82.9,11
MOIL-08,Sitapatore,Madhya Pradesh,Balaghat,2015-01-01,2015,1,6727.1,6669.8,-57.3,99.15,9,9,5.9,37.5,1,7,7,0.0,0,55,4,239.2,8.0,36.46,13194.9,12.1,20.5,0.19,0.2,0.1,1.3,1.8,348,6669.8,6669.8,6727.1,0,57.3,0.85,0,3.27,86.8,0,6892.5,98.88,246.3,Active,0,1,0,82.7,11
MOIL-08,Sitapatore,Madhya Pradesh,Balaghat,2015-02-01,2015,2,6851.7,6681.9,-169.8,97.52,9,8,1.0,47.9,0,9,9,0.0,0,55,4,239.2,8.0,38.52,14948.1,15.1,24.5,0.191,0.1,0.1,1.9,2.2,375,6669.8,6675.9,6851.7,0,169.8,2.48,0,5.19,99.5,0,5821.0,92.51,0.0,Active,0,1,0,84.0,10
MOIL-08,Sitapatore,Madhya Pradesh,Balaghat,2015-03-01,2015,3,6851.7,6457.0,-394.7,94.24,9,9,7.8,38.5,1,9,8,3.4,1,55,4,239.2,8.0,38.36,11613.0,11.8,29.4,0.172,0.2,0.1,3.9,1.9,371,6681.9,6602.9,6851.7,0,394.7,5.76,1,5.17,80.4,0,6022.0,103.36,0.0,Active,0,1,0,81.0,10
MOIL-08,Sitapatore,Madhya Pradesh,Balaghat,2015-04-01,2015,4,6540.3,6454.1,-86.2,98.68,9,8,0.6,42.0,0,9,9,0.0,0,55,4,239.2,8.0,41.74,11276.6,8.4,34.3,0.158,0.1,0.1,2.0,1.7,362,6457.0,6531.0,6540.3,0,86.2,1.32,0,2.93,94.1,0,6140.1,100.33,0.0,Active,0,1,0,86.4,9
MOIL-08,Sitapatore,Madhya Pradesh,Balaghat,2015-05-01,2015,5,6228.8,5965.3,-263.5,95.77,9,8,14.3,42.5,2,6,5,3.5,1,55,4,239.2,8.0,38.82,10924.3,15.9,37.5,0.187,0.2,0.1,3.2,2.1,353,6454.1,6292.1,6228.8,0,263.5,4.23,0,2.74,91.7,0,5859.5,101.39,0.0,Active,0,1,0,81.5,11
MOIL-08,Sitapatore,Madhya Pradesh,Balaghat,2015-06-01,2015,6,5294.5,4791.0,-503.5,90.49,9,6,15.1,48.2,0,8,5,12.2,3,55,3,228.0,8.0,37.99,8496.1,226.6,31.2,0.55,2.4,1.1,5.5,5.0,366,5965.3,5736.8,5294.5,0,503.5,9.51,1,8.07,70.9,0,4574.0,95.16,0.0,Active,0,1,1,53.6,6
MOIL-08,Sitapatore,Madhya Pradesh,Balaghat,2015-07-01,2015,7,4671.6,4070.5,-601.1,87.13,9,5,37.6,37.9,4,9,7,7.8,2,55,3,226.4,8.0,39.37,8062.5,262.4,27.4,0.55,3.8,2.0,9.7,13.3,366,4791.0,4942.3,4671.6,0,601.1,12.87,1,9.18,67.4,0,4119.3,95.73,57.0,Active,0,1,1,51.3,6
MOIL-08,Sitapatore,Madhya Pradesh,Balaghat,2015-08-01,2015,8,4858.5,4337.3,-521.2,89.27,9,6,20.9,40.3,1,5,3,11.4,2,55,3,229.6,8.0,39.32,9104.1,190.8,26.8,0.55,2.9,0.9,5.1,7.7,356,4070.5,4399.6,4858.5,0,521.2,10.73,1,7.56,76.6,0,4092.5,97.39,0.0,Active,0,1,1,60.7,7
MOIL-08,Sitapatore,Madhya Pradesh,Balaghat,2015-09-01,2015,9,5481.4,4484.2,-997.2,81.81,9,7,28.6,43.5,2,7,3,19.1,4,55,3,231.2,8.0,38.74,12030.0,168.5,27.2,0.55,2.5,1.3,8.1,5.7,365,4337.3,4297.3,5481.4,0,997.2,18.19,1,6.12,66.7,0,4454.0,100.25,0.0,Active,0,1,1,65.7,7
MOIL-08,Sitapatore,Madhya Pradesh,Balaghat,2015-10-01,2015,10,6353.4,6201.1,-152.3,97.6,9,9,10.8,42.4,2,5,5,0.0,0,55,4,237.6,8.0,41.63,10527.9,49.6,27.6,0.266,1.0,0.5,3.0,2.8,373,4484.2,5007.5,6353.4,0,152.3,2.4,0,4.43,90.4,0,6088.9,97.4,0.0,Active,1,1,0,76.4,9
MOIL-08,Sitapatore,Madhya Pradesh,Balaghat,2015-11-01,2015,11,6851.7,6884.2,32.5,100.47,9,9,1.0,46.2,0,8,8,0.0,0,55,4,239.2,8.0,37.72,14935.0,14.3,23.2,0.172,0.1,0.1,3.2,1.9,347,6201.1,5856.5,6851.7,1,0.0,0.0,0,4.85,99.8,0,6206.2,101.8,0.0,Active,0,1,0,81.5,10
MOIL-08,Sitapatore,Madhya Pradesh,Balaghat,2015-12-01,2015,12,6789.4,6801.3,11.9,100.18,9,8,7.4,43.8,2,5,5,0.0,0,55,4,240.0,8.0,37.49,12647.4,4.0,20.3,0.154,0.0,0.0,3.7,1.6,368,6884.2,6628.9,6789.4,1,0.0,0.0,0,4.36,98.6,0,6835.0,98.62,39.3,Active,0,1,0,83.8,9
MOIL-08,Sitapatore,Madhya Pradesh,Balaghat,2016-01-01,2016,1,6935.9,6933.9,-2.0,99.97,9,8,13.8,43.2,3,7,7,0.0,0,55,4,239.2,8.0,39.14,11609.2,13.4,20.4,0.179,0.1,0.0,3.9,1.8,357,6801.3,6873.1,6935.9,0,2.0,0.03,0,3.24,96.2,0,6554.2,106.08,0.0,Active,0,1,0,78.8,11
MOIL-08,Sitapatore,Madhya Pradesh,Balaghat,2016-02-01,2016,2,7064.4,7047.6,-16.8,99.76,9,8,8.2,42.7,1,5,5,0.0,0,55,4,239.2,8.0,36.25,15251.3,20.1,24.7,0.2,0.2,0.1,2.3,2.2,356,6933.9,6927.6,7064.4,0,16.8,0.24,0,5.51,112.3,0,6441.5,101.01,0.0,Active,0,1,0,82.3,11
MOIL-08,Sitapatore,Madhya Pradesh,Balaghat,2016-03-01,2016,3,7064.4,6635.3,-429.1,93.93,9,9,10.6,46.9,2,8,8,0.0,0,55,4,239.2,8.0,38.25,11867.0,14.3,28.4,0.193,0.1,0.0,2.4,2.0,367,7047.6,6872.3,7064.4,0,429.1,6.07,1,3.52,113.4,0,5951.6,103.54,0.0,Active,0,1,0,81.0,9
MOIL-08,Sitapatore,Madhya Pradesh,Balaghat,2016-04-01,2016,4,6743.3,6630.3,-113.0,98.32,9,9,0.5,40.5,0,9,9,0.0,0,55,4,239.2,8.0,39.36,12968.9,7.9,33.7,0.178,0.1,0.1,2.3,1.8,348,6635.3,6771.1,6743.3,0,113.0,1.68,0,3.43,100.2,0,6000.5,107.27,0.0,Active,0,1,0,79.1,10
MOIL-08,Sitapatore,Madhya Pradesh,Balaghat,2016-05-01,2016,5,6422.2,6338.4,-83.8,98.7,9,8,7.6,43.1,1,8,8,0.0,0,55,4,239.2,8.0,36.17,13227.6,17.9,38.6,0.195,0.3,0.1,2.0,1.8,352,6630.3,6534.7,6422.2,0,83.8,1.3,0,3.66,102.0,0,6539.3,107.3,165.1,Active,0,1,0,77.0,10
MOIL-08,Sitapatore,Madhya Pradesh,Balaghat,2016-06-01,2016,6,5458.8,5195.6,-263.2,95.18,9,6,21.3,39.5,1,6,6,0.0,0,55,3,229.6,8.0,38.95,10305.1,202.4,31.9,0.55,2.4,1.1,5.2,9.2,368,6338.4,6054.8,5458.8,0,263.2,4.82,0,9.72,66.7,0,5259.9,106.6,73.3,Active,0,1,1,59.3,6
MOIL-08,Sitapatore,Madhya Pradesh,Balaghat,2016-07-01,2016,7,4816.6,4157.6,-659.0,86.32,9,6,34.4,43.6,2,7,6,2.4,1,55,3,224.8,8.0,41.7,9920.8,288.3,28.0,0.55,4.8,2.2,8.0,13.9,373,5195.6,5230.5,4816.6,0,659.0,13.68,1,8.91,56.6,0,4054.7,106.16,0.0,Active,0,1,1,50.9,6
MOIL-08,Sitapatore,Madhya Pradesh,Balaghat,2016-08-01,2016,8,5009.3,4180.3,-829.0,83.45,9,7,43.9,47.9,4,5,3,5.2,2,55,3,227.2,8.0,39.3,9955.1,232.6,26.8,0.55,2.3,1.6,7.2,9.7,369,4157.6,4511.2,5009.3,0,829.0,16.55,1,8.19,73.0,0,3757.3,100.09,0.0,Active,0,1,1,50.9,6
MOIL-08,Sitapatore,Madhya Pradesh,Balaghat,2016-09-01,2016,9,5651.5,5261.6,-389.9,93.1,9,7,21.2,41.7,1,9,8,4.4,1,55,3,229.6,8.0,43.04,11554.0,191.1,27.0,0.55,3.2,1.8,8.1,6.9,359,4180.3,4533.2,5651.5,0,389.9,6.9,1,7.99,83.1,0,5237.6,101.24,0.0,Active,0,1,1,58.5,7
MOIL-08,Sitapatore,Madhya Pradesh,Balaghat,2016-10-01,2016,10,6550.6,6431.6,-119.0,98.18,9,9,2.6,37.4,0,5,4,3.1,1,55,4,237.6,8.0,41.57,13438.7,39.7,26.8,0.251,0.8,0.5,2.8,2.6,359,5261.6,5291.2,6550.6,0,119.0,1.82,0,4.32,91.4,0,6093.3,97.8,0.0,Active,0,1,0,78.7,10
MOIL-08,Sitapatore,Madhya Pradesh,Balaghat,2016-11-01,2016,11,7064.4,7118.3,53.9,100.76,9,8,1.0,49.3,0,9,9,0.0,0,55,4,239.2,8.0,38.1,13393.5,14.3,24.7,0.183,0.2,0.1,4.1,1.8,372,6431.6,6270.5,7064.4,1,0.0,0.0,0,4.79,93.8,0,7503.7,105.65,291.4,Active,0,1,0,86.0,9
MOIL-08,Sitapatore,Madhya Pradesh,Balaghat,2016-12-01,2016,12,7000.1,7130.7,130.6,101.86,9,8,0.4,41.2,0,5,5,0.0,0,55,4,240.0,8.0,37.64,15293.6,5.4,20.1,0.156,0.1,0.1,1.9,1.7,363,7118.3,6893.5,7000.1,1,0.0,0.0,0,2.11,112.7,0,7367.2,101.27,263.4,Active,0,1,0,83.4,9
MOIL-08,Sitapatore,Madhya Pradesh,Balaghat,2017-01-01,2017,1,7210.0,6951.9,-258.1,96.42,9,8,9.5,37.9,1,7,7,0.0,0,55,4,239.2,8.0,38.87,14576.2,11.4,21.3,0.191,0.1,0.0,2.9,1.9,372,7130.7,7067.0,7210.0,0,258.1,3.58,0,5.07,96.4,0,6137.3,111.13,0.0,Active,1,1,0,80.2,11
MOIL-08,Sitapatore,Madhya Pradesh,Balaghat,2017-02-01,2017,2,7343.6,7150.1,-193.5,97.37,9,8,1.0,42.0,0,6,5,4.5,1,55,4,239.2,8.0,40.75,15756.7,15.1,24.9,0.18,0.2,0.1,2.3,1.9,356,6951.9,7077.6,7343.6,0,193.5,2.63,0,6.01,95.2,0,7076.3,113.79,0.0,Active,0,1,0,83.8,10
MOIL-08,Sitapatore,Madhya Pradesh,Balaghat,2017-03-01,2017,3,7343.6,6938.0,-405.6,94.48,9,9,14.8,42.9,2,5,5,0.0,0,55,4,239.2,8.0,36.83,13111.3,12.8,30.1,0.183,0.2,0.1,3.6,2.0,359,7150.1,7013.3,7343.6,0,405.6,5.52,1,4.69,102.3,0,6221.6,110.79,0.0,Active,0,1,0,88.8,11
MOIL-08,Sitapatore,Madhya Pradesh,Balaghat,2017-04-01,2017,4,7009.8,6831.0,-178.8,97.45,9,8,0.6,49.8,0,9,9,0.0,0,55,4,239.2,8.0,38.85,13465.7,9.5,34.6,0.191,0.2,0.1,3.8,1.9,349,6938.0,6973.0,7009.8,0,178.8,2.55,0,4.9,103.6,0,6496.3,107.88,0.0,Active,0,1,0,88.4,10
MOIL-08,Sitapatore,Madhya Pradesh,Balaghat,2017-05-01,2017,5,6676.0,6492.3,-183.7,97.25,9,9,1.1,37.3,0,6,6,0.0,0,55,4,239.2,8.0,40.93,11966.8,17.2,37.9,0.185,0.2,0.1,4.9,2.0,354,6831.0,6753.8,6676.0,0,183.7,2.75,0,3.42,99.4,0,6818.5,112.73,374.4,Active,0,1,0,79.8,10
MOIL-08,Sitapatore,Madhya Pradesh,Balaghat,2017-06-01,2017,6,5674.6,5177.4,-497.2,91.24,9,6,24.3,42.1,2,8,7,2.4,1,55,3,231.2,8.0,37.06,9214.2,159.3,32.2,0.55,2.9,1.7,6.2,3.8,348,6492.3,6166.9,5674.6,0,497.2,8.76,1,5.11,74.5,0,4972.4,110.76,0.0,Active,0,1,1,62.1,8
MOIL-08,Sitapatore,Madhya Pradesh,Balaghat,2017-07-01,2017,7,5007.0,4275.9,-731.1,85.4,9,6,36.1,46.0,3,6,4,9.4,2,55,3,224.0,8.0,39.05,10868.9,293.2,27.8,0.55,5.1,1.8,7.3,9.9,357,5177.4,5315.2,5007.0,0,731.1,14.6,1,9.34,73.7,0,4035.3,110.4,0.0,Under Review,0,0,1,49.1,5
MOIL-08,Sitapatore,Madhya Pradesh,Balaghat,2017-08-01,2017,8,5207.2,4734.5,-472.7,90.92,9,6,20.5,39.7,1,7,7,0.0,0,55,3,228.0,8.0,37.0,8915.6,218.8,28.1,0.55,2.4,1.3,8.4,10.3,372,4275.9,4729.3,5207.2,0,472.7,9.08,1,7.49,71.1,0,4834.8,104.69,108.9,Active,0,1,1,54.1,6
MOIL-08,Sitapatore,Madhya Pradesh,Balaghat,2017-09-01,2017,9,5874.8,5192.6,-682.2,88.39,9,6,25.5,48.2,3,7,6,4.0,1,55,3,230.4,8.0,40.55,11372.8,175.5,27.2,0.55,3.1,2.1,4.7,5.9,350,4734.5,4734.3,5874.8,0,682.2,11.61,1,9.62,68.8,0,5090.2,102.98,0.0,Active,0,1,1,61.4,7
MOIL-08,Sitapatore,Madhya Pradesh,Balaghat,2017-10-01,2017,10,6809.5,6478.8,-330.7,95.14,9,9,10.6,38.4,1,7,6,2.8,1,55,4,237.6,8.0,37.9,14625.5,45.6,26.9,0.255,0.5,0.3,3.5,3.3,373,5192.6,5468.6,6809.5,0,330.7,4.86,0,5.13,97.9,0,6836.8,104.05,358.6,Active,0,1,0,82.2,10
MOIL-08,Sitapatore,Madhya Pradesh,Balaghat,2017-11-01,2017,11,7343.6,7514.3,170.7,102.33,9,9,0.9,39.1,0,9,9,0.0,0,55,4,239.2,8.0,39.04,15658.1,13.5,24.1,0.179,0.2,0.1,1.8,2.0,373,6478.8,6395.2,7343.6,1,0.0,0.0,0,2.21,96.5,0,7084.9,110.59,0.0,Active,0,1,0,80.3,10
MOIL-08,Sitapatore,Madhya Pradesh,Balaghat,2017-12-01,2017,12,7276.8,7135.2,-141.6,98.05,9,9,0.3,46.9,0,9,9,0.0,0,55,4,240.0,8.0,36.58,13316.2,4.9,21.0,0.166,0.1,0.1,3.5,1.6,358,7514.3,7042.8,7276.8,0,141.6,1.95,0,4.37,99.0,0,7247.6,104.19,77.3,Active,0,1,0,87.8,10
MOIL-08,Sitapatore,Madhya Pradesh,Balaghat,2018-01-01,2018,1,7614.4,7704.8,90.4,101.19,9,8,0.6,49.1,0,7,7,0.0,0,55,4,239.2,8.0,38.78,13029.0,8.9,20.4,0.18,0.1,0.0,2.0,1.7,349,7135.2,7451.4,7614.4,1,0.0,0.0,0,3.23,98.6,0,7874.3,114.04,176.2,Active,0,1,0,81.5,9
MOIL-08,Sitapatore,Madhya Pradesh,Balaghat,2018-02-01,2018,2,7755.4,7532.0,-223.4,97.12,9,8,7.5,38.9,1,7,7,0.0,0,55,4,239.2,8.0,38.2,15299.7,18.5,23.4,0.188,0.1,0.0,4.3,1.9,357,7704.8,7457.3,7755.4,0,223.4,2.88,0,3.55,103.5,0,6692.2,109.35,0.0,Active,0,1,0,80.8,11
MOIL-08,Sitapatore,Madhya Pradesh,Balaghat,2018-03-01,2018,3,7755.4,7736.9,-18.5,99.76,9,8,0.8,40.4,0,6,6,0.0,0,55,4,239.2,8.0,38.49,12877.1,12.4,30.3,0.176,0.2,0.1,4.8,2.0,367,7532.0,7657.9,7755.4,0,18.5,0.24,0,4.15,84.6,0,6922.4,112.68,0.0,Active,0,1,0,79.8,9
MOIL-08,Sitapatore,Madhya Pradesh,Balaghat,2018-04-01,2018,4,7402.9,7321.5,-81.4,98.9,9,9,0.6,49.8,0,6,6,0.0,0,55,4,239.2,8.0,39.57,15672.0,9.6,34.1,0.188,0.1,0.1,4.7,1.8,347,7736.9,7530.1,7402.9,0,81.4,1.1,0,4.53,93.6,0,7381.3,108.55,49.8,Active,0,1,0,83.6,11
MOIL-08,Sitapatore,Madhya Pradesh,Balaghat,2018-05-01,2018,5,7050.4,6880.6,-169.8,97.59,9,8,1.1,41.1,0,6,6,0.0,0,55,4,239.2,8.0,38.15,12131.5,16.0,38.2,0.2,0.2,0.1,1.6,2.0,351,7321.5,7313.0,7050.4,0,169.8,2.41,0,4.65,102.5,0,7193.9,117.65,346.8,Active,0,1,0,83.4,9
MOIL-08,Sitapatore,Madhya Pradesh,Balaghat,2018-06-01,2018,6,5992.8,5536.4,-456.4,92.38,9,6,31.0,48.2,3,8,7,3.4,1,55,3,229.6,8.0,39.24,12727.6,197.1,32.1,0.55,1.6,1.1,5.3,5.4,353,6880.6,6579.5,5992.8,0,456.4,7.62,1,8.39,61.4,0,4911.8,112.41,0.0,Active,0,1,1,56.7,7
MOIL-08,Sitapatore,Madhya Pradesh,Balaghat,2018-07-01,2018,7,5287.8,4538.6,-749.2,85.83,9,5,63.6,48.4,5,8,7,5.2,1,55,2,224.0,8.0,38.95,10898.0,335.4,28.2,0.55,3.3,1.4,10.6,6.2,357,5536.4,5651.9,5287.8,0,749.2,14.17,1,8.66,58.6,0,4064.7,119.28,0.0,Active,0,1,1,42.9,7
MOIL-08,Sitapatore,Madhya Pradesh,Balaghat,2018-08-01,2018,8,5499.3,4773.3,-726.0,86.8,9,6,38.2,39.5,5,7,6,2.4,1,55,3,225.6,8.0,38.03,9204.7,277.2,26.9,0.55,5.3,2.1,9.7,11.8,353,4538.6,4949.4,5499.3,0,726.0,13.2,1,7.93,60.1,0,4651.7,109.69,0.0,Active,0,1,1,52.4,5
MOIL-08,Sitapatore,Madhya Pradesh,Balaghat,2018-09-01,2018,9,6204.4,5326.4,-878.0,85.85,9,7,41.0,42.1,4,8,7,3.5,1,55,3,230.4,8.0,39.38,10443.9,180.1,27.3,0.55,2.0,1.0,5.6,9.5,366,4773.3,4879.4,6204.4,0,878.0,14.15,1,6.67,76.6,0,5531.4,111.8,136.4,Active,0,1,1,68.3,8
MOIL-08,Sitapatore,Madhya Pradesh,Balaghat,2018-10-01,2018,10,7191.4,6915.3,-276.1,96.16,9,9,5.5,49.5,1,8,7,5.3,1,55,4,238.4,8.0,35.82,12552.4,37.2,27.1,0.252,0.5,0.2,5.4,2.2,360,5326.4,5671.7,7191.4,0,276.1,3.84,0,4.52,95.9,0,6368.9,115.59,0.0,Active,0,1,0,75.1,11
MOIL-08,Sitapatore,Madhya Pradesh,Balaghat,2018-11-01,2018,11,7755.4,7449.3,-306.1,96.05,9,8,0.7,46.6,0,6,6,0.0,0,55,4,239.2,8.0,39.3,14934.5,10.1,23.9,0.186,0.1,0.1,4.6,1.9,361,6915.3,6563.7,7755.4,0,306.1,3.95,0,3.99,99.6,0,7391.8,114.2,0.0,Active,0,1,0,84.8,10
MOIL-08,Sitapatore,Madhya Pradesh,Balaghat,2018-12-01,2018,12,7684.9,7779.1,94.2,101.23,9,9,0.3,43.5,0,9,9,0.0,0,55,4,240.0,8.0,39.82,14703.9,5.0,21.1,0.164,0.0,0.0,3.4,1.7,363,7449.3,7381.2,7684.9,1,0.0,0.0,0,4.01,96.8,0,6814.5,116.94,0.0,Active,0,1,0,83.6,11
MOIL-08,Sitapatore,Madhya Pradesh,Balaghat,2019-01-01,2019,1,7891.3,7787.0,-104.3,98.68,9,8,0.7,49.8,0,9,9,0.0,0,55,4,239.2,8.0,37.73,14369.6,11.0,21.6,0.18,0.1,0.1,5.0,1.8,351,7779.1,7671.8,7891.3,0,104.3,1.32,0,3.7,85.4,0,7438.5,113.72,0.0,Active,0,1,0,85.6,9
MOIL-08,Sitapatore,Madhya Pradesh,Balaghat,2019-02-01,2019,2,8037.4,7928.8,-108.6,98.65,9,9,1.2,38.8,0,6,6,0.0,0,55,4,239.2,8.0,40.31,14652.8,17.9,25.9,0.186,0.3,0.1,3.1,2.3,374,7787.0,7831.6,8037.4,0,108.6,1.35,0,3.28,107.8,0,8616.2,115.16,654.0,Active,0,1,0,85.1,11
MOIL-08,Sitapatore,Madhya Pradesh,Balaghat,2019-03-01,2019,3,8037.4,7854.3,-183.1,97.72,9,9,6.6,39.9,1,9,9,0.0,0,55,4,239.2,8.0,38.54,17284.8,12.8,29.5,0.178,0.1,0.0,2.9,1.9,361,7928.8,7856.7,8037.4,0,183.1,2.28,0,4.1,91.6,0,8171.1,116.94,327.3,Active,0,1,0,82.2,9
MOIL-08,Sitapatore,Madhya Pradesh,Balaghat,2019-04-01,2019,4,7672.1,7664.4,-7.7,99.9,9,9,0.7,47.7,0,8,8,0.0,0,55,4,239.2,8.0,39.78,12558.5,9.8,33.2,0.188,0.1,0.1,2.6,1.9,349,7854.3,7815.8,7672.1,0,7.7,0.1,0,4.8,107.2,0,7362.3,120.26,0.0,Active,0,1,0,79.8,11
MOIL-08,Sitapatore,Madhya Pradesh,Balaghat,2019-05-01,2019,5,7306.8,7219.2,-87.6,98.8,9,9,1.2,43.6,0,8,8,0.0,0,55,4,239.2,8.0,41.15,12603.1,17.6,37.6,0.198,0.2,0.1,1.9,2.1,369,7664.4,7579.3,7306.8,0,87.6,1.2,0,5.25,99.5,0,7728.1,117.36,289.8,Active,0,1,0,87.6,10
MOIL-08,Sitapatore,Madhya Pradesh,Balaghat,2019-06-01,2019,6,6210.8,5507.4,-703.4,88.68,9,6,18.8,41.2,1,8,6,8.9,2,55,3,229.6,8.0,38.63,11238.4,191.8,31.8,0.55,1.5,0.5,6.4,7.3,375,7219.2,6797.0,6210.8,0,703.4,11.33,1,5.88,76.6,0,5514.0,117.62,4.8,Active,0,1,1,60.6,8
MOIL-08,Sitapatore,Madhya Pradesh,Balaghat,2019-07-01,2019,7,5480.1,4893.4,-586.7,89.29,9,5,36.3,48.8,2,7,7,0.0,0,55,2,224.0,8.0,39.95,11223.7,318.2,26.8,0.55,3.5,2.4,7.3,11.6,349,5507.4,5873.3,5480.1,0,586.7,10.71,1,10.84,63.0,0,4542.2,119.84,0.0,Active,0,1,1,44.1,5
MOIL-08,Sitapatore,Madhya Pradesh,Balaghat,2019-08-01,2019,8,5699.3,5302.4,-396.9,93.04,9,6,26.4,37.3,1,9,9,0.0,0,55,3,225.6,8.0,37.13,10413.4,262.5,27.3,0.55,4.9,2.8,6.3,8.1,372,4893.4,5234.4,5699.3,0,396.9,6.96,1,9.07,65.8,0,5285.1,117.3,0.0,Active,0,1,1,47.0,7
MOIL-08,Sitapatore,Madhya Pradesh,Balaghat,2019-09-01,2019,9,6430.0,6018.7,-411.3,93.6,9,7,16.5,37.3,1,6,6,0.0,0,55,3,230.4,8.0,38.49,10882.9,177.5,27.4,0.55,3.4,2.2,7.7,8.5,366,5302.4,5404.8,6430.0,0,411.3,6.4,1,5.45,76.9,0,5784.4,116.01,0.0,Active,0,1,1,60.5,7
MOIL-08,Sitapatore,Madhya Pradesh,Balaghat,2019-10-01,2019,10,7452.9,7079.3,-373.6,94.99,9,8,12.4,43.0,2,6,6,0.0,0,55,4,236.8,8.0,38.39,12786.3,55.6,27.1,0.284,0.9,0.6,6.1,3.8,351,6018.7,6133.5,7452.9,0,373.6,5.01,1,4.91,81.4,0,7476.2,115.3,439.4,Active,0,1,0,77.4,10
MOIL-08,Sitapatore,Madhya Pradesh,Balaghat,2019-11-01,2019,11,8037.4,7701.5,-335.9,95.82,9,8,13.9,38.6,2,8,8,0.0,0,55,4,239.2,8.0,39.28,17348.5,16.3,24.1,0.195,0.2,0.1,5.0,2.2,358,7079.3,6933.2,8037.4,0,335.9,4.18,0,4.82,90.9,0,7612.5,120.77,0.0,Active,0,1,0,80.1,9
MOIL-08,Sitapatore,Madhya Pradesh,Balaghat,2019-12-01,2019,12,7964.4,7911.5,-52.9,99.34,9,8,7.1,42.7,1,7,7,0.0,0,55,4,240.0,8.0,40.02,13155.6,4.8,20.1,0.155,0.0,0.0,1.5,1.6,350,7701.5,7564.1,7964.4,0,52.9,0.66,0,4.7,91.1,0,7205.2,116.39,0.0,Active,0,1,0,82.3,11
MOIL-08,Sitapatore,Madhya Pradesh,Balaghat,2020-01-01,2020,1,6807.8,6737.5,-70.3,98.97,9,8,0.7,38.2,0,5,5,0.0,0,55,4,239.2,8.0,38.72,14447.6,10.3,21.6,0.167,0.1,0.0,2.0,1.8,354,7911.5,7450.2,6807.8,0,70.3,1.03,0,4.27,92.8,0,6812.5,122.18,45.5,Active,0,1,0,83.0,9
MOIL-08,Sitapatore,Madhya Pradesh,Balaghat,2020-02-01,2020,2,6933.9,6636.5,-297.4,95.71,9,8,7.4,48.0,1,6,6,0.0,0,55,4,239.2,8.0,38.24,14001.4,16.5,24.1,0.19,0.3,0.2,2.1,2.2,358,6737.5,7095.2,6933.9,0,297.4,4.29,0,2.91,98.7,0,6982.3,127.97,411.1,Active,0,1,0,80.8,10
MOIL-08,Sitapatore,Madhya Pradesh,Balaghat,2020-03-01,2020,3,6933.9,7025.2,91.3,101.32,9,8,0.9,49.0,0,5,5,0.0,0,55,4,239.2,8.0,38.64,14816.3,12.9,29.1,0.176,0.1,0.1,5.0,1.9,349,6636.5,6799.7,6933.9,1,0.0,0.0,0,4.44,99.7,0,7201.4,118.85,202.4,Active,0,1,0,85.4,10
MOIL-08,Sitapatore,Madhya Pradesh,Balaghat,2020-04-01,2020,4,6618.7,6386.8,-231.9,96.5,9,8,0.7,46.8,0,5,5,0.0,0,55,4,239.2,8.0,38.59,12633.7,10.9,34.8,0.19,0.1,0.0,4.1,2.0,373,7025.2,6682.8,6618.7,0,231.9,3.5,0,2.26,88.9,0,5907.8,122.56,0.0,Active,0,1,0,80.0,9
MOIL-08,Sitapatore,Madhya Pradesh,Balaghat,2020-05-01,2020,5,6303.6,6081.5,-222.1,96.48,9,9,1.0,47.2,0,5,5,0.0,0,55,4,239.2,8.0,39.03,13281.1,14.3,37.8,0.194,0.2,0.1,4.0,2.0,358,6386.8,6497.8,6303.6,0,222.1,3.52,0,2.8,92.0,0,6630.6,122.88,292.0,Active,0,1,0,85.4,10
MOIL-08,Sitapatore,Madhya Pradesh,Balaghat,2020-06-01,2020,6,5358.0,4456.6,-901.4,83.18,9,6,53.2,44.9,5,5,4,3.3,1,55,3,230.4,8.0,37.04,9429.1,185.4,32.2,0.55,3.7,2.6,4.8,6.3,366,6081.5,5641.6,5358.0,0,901.4,16.82,1,6.57,69.5,0,4420.1,121.3,0.0,Active,0,1,1,64.7,9
MOIL-08,Sitapatore,Madhya Pradesh,Balaghat,2020-07-01,2020,7,4727.7,4029.2,-698.5,85.23,9,6,41.1,47.6,4,7,6,5.9,1,55,2,224.0,8.0,39.37,8591.7,301.9,27.0,0.55,4.6,1.7,8.4,8.9,352,4456.6,4855.8,4727.7,0,698.5,14.77,1,9.31,64.0,0,3966.5,120.48,0.0,Active,0,1,1,43.9,7
MOIL-08,Sitapatore,Madhya Pradesh,Balaghat,2020-08-01,2020,8,4916.8,4331.0,-585.8,88.09,9,6,41.8,42.8,4,5,5,0.0,0,55,3,227.2,8.0,38.3,8589.5,234.6,26.1,0.55,2.0,1.0,6.3,8.8,357,4029.2,4272.3,4916.8,0,585.8,11.91,1,6.71,61.4,0,4657.6,124.13,295.6,Active,0,1,1,52.1,7
MOIL-08,Sitapatore,Madhya Pradesh,Balaghat,2020-09-01,2020,9,5547.1,5018.7,-528.4,90.47,9,6,16.4,48.9,1,5,4,4.8,1,55,3,230.4,8.0,39.18,11302.8,176.4,27.2,0.55,1.9,0.8,7.7,8.2,367,4331.0,4459.6,5547.1,0,528.4,9.53,1,7.3,87.3,0,5081.0,124.7,54.2,Active,0,1,1,61.9,9
MOIL-08,Sitapatore,Madhya Pradesh,Balaghat,2020-10-01,2020,10,6429.6,6416.0,-13.6,99.79,9,9,9.8,43.1,1,7,7,0.0,0,55,4,237.6,8.0,39.66,12703.1,49.8,27.5,0.291,0.5,0.2,5.8,3.3,348,5018.7,5255.2,6429.6,0,13.6,0.21,0,3.97,105.5,0,6528.1,124.09,56.5,Active,0,1,0,71.0,9
MOIL-08,Sitapatore,Madhya Pradesh,Balaghat,2020-11-01,2020,11,6933.9,6817.9,-116.0,98.33,9,8,7.8,48.7,1,9,9,0.0,0,55,4,239.2,8.0,36.82,15125.8,12.0,24.0,0.176,0.2,0.1,2.5,1.8,374,6416.0,6084.2,6933.9,0,116.0,1.67,0,5.17,92.5,0,6937.9,127.74,73.7,Active,0,1,0,85.8,10
MOIL-08,Sitapatore,Madhya Pradesh,Balaghat,2020-12-01,2020,12,6870.9,6611.4,-259.5,96.22,9,9,15.6,39.8,2,8,8,0.0,0,55,4,240.0,8.0,37.95,14538.2,4.5,19.2,0.164,0.0,0.0,4.2,1.6,358,6817.9,6615.1,6870.9,0,259.5,3.78,0,5.48,99.1,0,6157.6,122.43,0.0,Active,0,1,0,82.3,9
MOIL-08,Sitapatore,Madhya Pradesh,Balaghat,2021-01-01,2021,1,7473.9,7324.3,-149.6,98.0,9,8,8.2,38.3,1,8,8,0.0,0,55,4,239.2,8.0,38.4,16372.6,11.0,21.7,0.199,0.2,0.1,2.8,2.0,363,6611.4,6917.9,7473.9,0,149.6,2.0,0,4.29,95.6,0,7889.0,139.58,582.2,Active,0,1,0,77.9,10
MOIL-08,Sitapatore,Madhya Pradesh,Balaghat,2021-02-01,2021,2,7612.3,7290.9,-321.4,95.78,9,8,5.1,40.2,1,5,5,0.0,0,55,4,239.2,8.0,38.1,15049.0,20.0,24.8,0.186,0.2,0.1,5.1,2.2,349,7324.3,7075.5,7612.3,0,321.4,4.22,0,5.26,106.7,0,7734.7,138.07,447.1,Active,0,1,0,87.2,11
MOIL-08,Sitapatore,Madhya Pradesh,Balaghat,2021-03-01,2021,3,7612.3,7548.6,-63.7,99.16,9,8,1.0,42.2,0,5,5,0.0,0,55,4,239.2,8.0,38.79,13068.6,15.7,29.9,0.188,0.1,0.1,2.4,2.2,364,7290.9,7387.9,7612.3,0,63.7,0.84,0,3.03,90.9,0,8391.5,136.1,741.8,Active,0,1,0,82.0,10
MOIL-08,Sitapatore,Madhya Pradesh,Balaghat,2021-04-01,2021,4,7266.3,7017.1,-249.2,96.57,9,8,7.2,46.0,1,5,5,0.0,0,55,4,239.2,8.0,38.52,11925.2,9.5,34.0,0.168,0.1,0.0,4.1,1.9,365,7548.6,7285.5,7266.3,0,249.2,3.43,0,4.72,96.9,0,6682.0,137.47,0.0,Active,0,1,0,88.0,11
MOIL-08,Sitapatore,Madhya Pradesh,Balaghat,2021-05-01,2021,5,6920.3,6992.4,72.1,101.04,9,8,0.8,38.3,0,6,6,0.0,0,55,4,239.2,8.0,38.34,12212.1,12.3,38.6,0.181,0.1,0.1,3.8,1.7,359,7017.1,7186.0,6920.3,1,0.0,0.0,0,3.89,109.6,0,7342.3,139.08,239.3,Active,0,1,0,84.8,9
MOIL-08,Sitapatore,Madhya Pradesh,Balaghat,2021-06-01,2021,6,5882.2,5294.2,-588.0,90.0,9,7,16.7,48.8,1,6,6,0.0,0,55,3,231.2,8.0,41.16,9670.1,159.3,32.9,0.55,1.7,1.2,5.0,6.4,368,6992.4,6434.6,5882.2,0,588.0,10.0,1,6.8,85.8,0,4987.4,135.2,0.0,Active,0,1,1,67.6,7
MOIL-08,Sitapatore,Madhya Pradesh,Balaghat,2021-07-01,2021,7,5190.2,4300.4,-889.8,82.86,9,6,51.3,49.9,5,9,8,4.2,1,55,2,224.0,8.0,38.97,10318.0,310.3,27.5,0.55,5.9,2.7,9.7,11.5,349,5294.2,5529.0,5190.2,0,889.8,17.14,1,7.67,71.3,0,4663.9,134.63,193.9,Active,0,1,1,40.3,6
MOIL-08,Sitapatore,Madhya Pradesh,Balaghat,2021-08-01,2021,8,5397.8,4621.8,-776.0,85.62,9,6,34.2,49.4,4,9,7,10.3,2,55,2,224.0,8.0,36.77,10966.7,308.9,26.9,0.55,4.2,2.7,9.1,9.9,365,4300.4,4738.8,5397.8,0,776.0,14.38,1,8.37,61.6,0,4857.2,133.01,190.2,Active,0,1,1,46.6,6
MOIL-08,Sitapatore,Madhya Pradesh,Balaghat,2021-09-01,2021,9,6089.8,5678.7,-411.1,93.25,9,7,12.1,46.6,0,9,8,3.7,1,55,3,230.4,8.0,38.42,11095.0,181.5,26.6,0.55,1.6,0.5,8.1,6.9,351,4621.8,4867.0,6089.8,0,411.1,6.75,1,6.81,77.7,0,5286.6,135.88,0.0,Active,0,1,1,58.0,9
MOIL-08,Sitapatore,Madhya Pradesh,Balaghat,2021-10-01,2021,10,7058.7,6702.4,-356.3,94.95,9,8,3.6,37.6,0,6,5,5.0,1,55,4,236.8,8.0,38.53,12685.3,53.5,27.4,0.291,0.7,0.4,4.3,2.8,368,5678.7,5667.6,7058.7,0,356.3,5.05,1,5.84,89.1,0,6950.5,132.85,225.2,Active,0,1,0,81.5,8
MOIL-08,Sitapatore,Madhya Pradesh,Balaghat,2021-11-01,2021,11,7612.3,7698.5,86.2,101.13,9,9,9.5,40.2,1,9,9,0.0,0,55,4,239.2,8.0,37.26,16458.9,12.1,22.6,0.189,0.1,0.0,3.4,2.0,355,6702.4,6693.2,7612.3,1,0.0,0.0,0,3.5,106.0,0,8455.4,138.85,604.0,Active,0,1,0,84.8,9
MOIL-08,Sitapatore,Madhya Pradesh,Balaghat,2021-12-01,2021,12,7543.1,7301.2,-241.9,96.79,9,8,6.9,41.6,1,9,9,0.0,0,55,4,240.0,8.0,38.15,12559.4,4.7,18.8,0.174,0.1,0.1,1.5,1.6,361,7698.5,7234.0,7543.1,0,241.9,3.21,0,3.5,95.3,0,6874.5,135.06,0.0,Active,0,1,0,88.2,9
MOIL-08,Sitapatore,Madhya Pradesh,Balaghat,2022-01-01,2022,1,8338.4,8296.9,-41.5,99.5,9,8,14.4,46.4,2,8,8,0.0,0,55,4,239.2,8.0,37.77,14942.3,10.8,21.0,0.185,0.1,0.0,4.2,1.8,374,7301.2,7765.5,8338.4,0,41.5,0.5,0,4.52,87.2,0,7788.4,143.27,0.0,Active,1,1,0,88.7,9
MOIL-08,Sitapatore,Madhya Pradesh,Balaghat,2022-02-01,2022,2,8492.9,7951.7,-541.2,93.63,9,9,6.4,45.9,1,7,7,0.0,0,55,4,239.2,8.0,39.66,16966.6,15.4,24.2,0.196,0.2,0.1,2.7,2.1,374,8296.9,7849.9,8492.9,0,541.2,6.37,1,5.43,105.3,0,7584.4,142.2,0.0,Active,0,1,0,81.0,10
MOIL-08,Sitapatore,Madhya Pradesh,Balaghat,2022-03-01,2022,3,8492.9,8187.5,-305.4,96.4,9,9,13.5,41.3,2,8,8,0.0,0,55,4,239.2,8.0,36.52,16568.2,13.3,28.9,0.177,0.3,0.1,3.7,1.9,361,7951.7,8145.4,8492.9,0,305.4,3.6,0,4.64,85.6,0,7477.5,141.15,0.0,Active,0,1,0,85.1,11
MOIL-08,Sitapatore,Madhya Pradesh,Balaghat,2022-04-01,2022,4,8106.8,8029.0,-77.8,99.04,9,9,0.6,40.8,0,8,8,0.0,0,55,4,239.2,8.0,38.14,16681.5,9.7,34.6,0.161,0.1,0.0,2.6,1.8,363,8187.5,8056.1,8106.8,0,77.8,0.96,0,2.39,101.9,0,8149.4,141.71,71.9,Active,0,1,0,83.2,9
MOIL-08,Sitapatore,Madhya Pradesh,Balaghat,2022-05-01,2022,5,7720.8,7510.0,-210.8,97.27,9,8,17.7,49.3,2,8,8,0.0,0,55,4,239.2,8.0,36.75,13230.3,16.4,38.5,0.191,0.2,0.1,2.2,2.2,372,8029.0,7908.8,7720.8,0,210.8,2.73,0,4.55,88.3,0,7929.7,139.31,316.9,Active,0,1,0,87.8,11
MOIL-08,Sitapatore,Madhya Pradesh,Balaghat,2022-06-01,2022,6,6562.7,6134.3,-428.4,93.47,9,7,19.6,37.6,1,7,7,0.0,0,55,3,230.4,8.0,36.28,13242.0,185.6,32.1,0.55,1.5,0.9,7.2,5.5,370,7510.0,7224.4,6562.7,0,428.4,6.53,1,7.25,75.8,0,6390.2,140.07,239.6,Active,0,1,1,58.4,7
MOIL-08,Sitapatore,Madhya Pradesh,Balaghat,2022-07-01,2022,7,5790.6,5102.1,-688.5,88.11,9,5,52.0,41.6,4,7,7,0.0,0,55,3,225.6,8.0,37.93,11585.8,274.4,27.8,0.55,4.3,2.5,7.1,5.4,362,6134.3,6248.8,5790.6,0,688.5,11.89,1,9.09,65.7,0,4689.4,142.33,0.0,Active,0,1,1,48.7,5
MOIL-08,Sitapatore,Madhya Pradesh,Balaghat,2022-08-01,2022,8,6022.2,5189.6,-832.6,86.17,9,5,42.6,45.2,4,8,6,6.6,2,55,3,224.8,8.0,37.72,9796.9,287.4,25.7,0.55,1.2,0.6,9.6,7.0,370,5102.1,5475.3,6022.2,0,832.6,13.83,1,7.61,78.1,0,5441.7,147.37,243.5,Active,0,1,1,49.5,7
MOIL-08,Sitapatore,Madhya Pradesh,Balaghat,2022-09-01,2022,9,6794.3,6085.5,-708.8,89.57,9,7,41.1,47.8,4,5,4,3.3,1,55,3,232.0,8.0,39.13,12231.6,156.7,27.8,0.537,0.7,0.5,7.0,6.4,352,5189.6,5459.1,6794.3,0,708.8,10.43,1,5.59,75.5,0,6671.8,135.61,430.3,Active,0,1,1,62.5,8
MOIL-08,Sitapatore,Madhya Pradesh,Balaghat,2022-10-01,2022,10,7875.2,7451.6,-423.6,94.62,9,7,3.5,46.2,0,5,4,3.9,1,55,4,237.6,8.0,38.7,13701.9,52.4,27.1,0.296,0.5,0.3,2.8,3.4,360,6085.5,6242.2,7875.2,0,423.6,5.38,1,5.07,87.6,0,6818.7,139.83,0.0,Active,0,1,0,77.0,8
MOIL-08,Sitapatore,Madhya Pradesh,Balaghat,2022-11-01,2022,11,8492.9,8400.6,-92.3,98.91,9,8,16.1,48.2,2,9,9,0.0,0,55,4,239.2,8.0,37.49,17146.6,13.9,23.7,0.196,0.2,0.1,4.8,2.1,361,7451.6,7312.6,8492.9,0,92.3,1.09,0,4.74,100.9,0,8324.4,144.81,0.0,Active,0,1,0,81.6,10
MOIL-08,Sitapatore,Madhya Pradesh,Balaghat,2022-12-01,2022,12,8415.7,8227.5,-188.2,97.76,9,9,0.3,39.9,0,6,6,0.0,0,55,4,240.0,8.0,39.97,16216.7,4.9,20.9,0.146,0.0,0.0,3.1,1.6,373,8400.6,8026.6,8415.7,0,188.2,2.24,0,5.23,100.0,0,8317.5,141.44,68.9,Active,0,1,0,84.0,9
MOIL-08,Sitapatore,Madhya Pradesh,Balaghat,2023-01-01,2023,1,8749.9,8685.6,-64.3,99.26,9,8,5.1,43.6,1,9,9,0.0,0,55,4,239.2,8.0,39.23,18752.8,10.5,21.8,0.171,0.2,0.1,4.6,1.7,354,8227.5,8437.9,8749.9,0,64.3,0.73,0,5.16,88.9,0,8136.6,145.82,0.0,Active,0,1,0,79.1,11
MOIL-08,Sitapatore,Madhya Pradesh,Balaghat,2023-02-01,2023,2,8912.0,8512.8,-399.2,95.52,9,9,10.4,37.2,1,7,7,0.0,0,55,4,239.2,8.0,39.23,17890.0,20.6,24.7,0.215,0.2,0.1,3.1,2.2,367,8685.6,8475.3,8912.0,0,399.2,4.48,0,4.06,100.8,0,9367.0,142.78,923.8,Active,0,1,0,84.1,9
MOIL-08,Sitapatore,Madhya Pradesh,Balaghat,2023-03-01,2023,3,8912.0,8864.7,-47.3,99.47,9,8,4.6,42.8,1,7,7,0.0,0,55,4,239.2,8.0,39.72,17602.7,13.9,29.1,0.183,0.1,0.1,3.4,1.8,361,8512.8,8687.7,8912.0,0,47.3,0.53,0,4.56,92.1,0,8531.7,141.71,0.0,Active,0,1,0,85.4,9
MOIL-08,Sitapatore,Madhya Pradesh,Balaghat,2023-04-01,2023,4,8506.9,8136.8,-370.1,95.65,9,8,7.9,39.6,2,8,8,0.0,0,55,4,239.2,8.0,38.41,16679.0,8.0,34.2,0.16,0.0,0.0,2.0,1.8,370,8864.7,8504.8,8506.9,0,370.1,4.35,0,4.56,85.3,0,8160.3,154.26,14.6,Active,0,1,0,80.6,10
MOIL-08,Sitapatore,Madhya Pradesh,Balaghat,2023-05-01,2023,5,8101.8,7796.4,-305.4,96.23,9,8,9.4,41.7,1,5,5,0.0,0,55,4,239.2,8.0,38.24,13120.0,13.1,37.0,0.178,0.1,0.0,1.7,1.8,359,8136.8,8266.0,8101.8,0,305.4,3.77,0,2.9,98.5,0,8712.9,148.33,917.4,Active,0,1,0,84.6,11
MOIL-08,Sitapatore,Madhya Pradesh,Balaghat,2023-06-01,2023,6,6886.5,6026.4,-860.1,87.51,9,7,58.5,42.7,5,9,7,5.4,2,55,3,229.6,8.0,37.16,12458.3,202.0,31.0,0.55,1.1,0.5,7.5,8.3,364,7796.4,7319.9,6886.5,0,860.1,12.49,1,6.45,64.0,0,6262.9,146.16,234.9,Active,0,1,1,57.9,7
MOIL-08,Sitapatore,Madhya Pradesh,Balaghat,2023-07-01,2023,7,6076.3,5175.7,-900.6,85.18,9,6,26.0,44.8,1,8,7,4.6,1,55,3,224.8,8.0,36.45,10274.0,285.6,27.8,0.55,1.5,0.9,8.5,14.8,371,6026.4,6332.8,6076.3,0,900.6,14.82,1,9.11,67.9,0,5645.1,141.93,404.4,Active,0,1,1,47.9,5
MOIL-08,Sitapatore,Madhya Pradesh,Balaghat,2023-08-01,2023,8,6319.4,5854.1,-465.3,92.64,9,5,39.2,46.6,4,7,6,3.1,1,55,3,224.8,8.0,40.05,12675.0,286.2,26.0,0.55,1.5,0.9,7.5,12.0,353,5175.7,5685.4,6319.4,0,465.3,7.36,1,8.77,50.8,0,5450.2,142.8,0.0,Active,0,1,1,46.9,6
MOIL-08,Sitapatore,Madhya Pradesh,Balaghat,2023-09-01,2023,9,7129.6,6637.8,-491.8,93.1,9,6,26.6,47.6,2,6,4,6.2,2,55,3,230.4,8.0,39.22,14124.8,180.5,27.2,0.55,2.9,1.3,5.6,3.9,365,5854.1,5889.2,7129.6,0,491.8,6.9,1,5.63,67.6,0,7007.2,156.15,205.8,Active,0,1,1,62.3,8
MOIL-08,Sitapatore,Madhya Pradesh,Balaghat,2023-10-01,2023,10,8263.8,7997.1,-266.7,96.77,9,8,8.5,44.8,1,5,5,0.0,0,55,4,237.6,8.0,40.4,17513.0,50.8,27.3,0.278,0.6,0.2,3.8,3.3,376,6637.8,6829.7,8263.8,0,266.7,3.23,0,5.33,87.4,0,7750.6,145.72,0.0,Active,0,1,0,75.2,8
MOIL-08,Sitapatore,Madhya Pradesh,Balaghat,2023-11-01,2023,11,8912.0,8739.9,-172.1,98.07,9,9,0.8,43.4,0,5,5,0.0,0,55,4,239.2,8.0,37.51,16644.2,12.5,22.5,0.183,0.1,0.0,3.2,1.8,363,7997.1,7791.6,8912.0,0,172.1,1.93,0,4.82,101.5,0,8443.3,145.96,0.0,Active,0,1,0,77.6,9
MOIL-08,Sitapatore,Madhya Pradesh,Balaghat,2023-12-01,2023,12,8830.9,8652.9,-178.0,97.98,9,8,6.9,47.9,1,8,8,0.0,0,55,4,240.0,8.0,40.38,19260.1,3.9,20.2,0.145,0.0,0.0,3.0,1.6,372,8739.9,8463.3,8830.9,0,178.0,2.02,0,4.53,92.3,0,8727.2,141.46,37.5,Active,0,1,0,85.9,9
MOIL-08,Sitapatore,Madhya Pradesh,Balaghat,2024-01-01,2024,1,9294.1,8984.8,-309.3,96.67,9,8,4.4,49.6,1,6,6,0.0,0,55,4,239.2,8.0,38.08,17216.0,12.1,21.5,0.182,0.1,0.1,3.9,1.8,370,8652.9,8792.5,9294.1,0,309.3,3.33,0,4.98,116.2,0,9357.1,149.82,219.7,Active,0,1,0,85.5,9
MOIL-08,Sitapatore,Madhya Pradesh,Balaghat,2024-02-01,2024,2,9466.2,9489.8,23.6,100.25,9,8,16.9,38.7,2,6,6,0.0,0,55,4,239.2,8.0,38.99,15901.8,18.9,25.0,0.193,0.1,0.1,5.0,2.3,347,8984.8,9042.5,9466.2,1,0.0,0.0,0,3.7,97.4,0,9752.6,151.83,195.0,Active,0,1,0,81.0,11
MOIL-08,Sitapatore,Madhya Pradesh,Balaghat,2024-03-01,2024,3,9466.2,9519.3,53.1,100.56,9,9,5.7,41.9,1,6,6,0.0,0,55,4,239.2,8.0,41.6,19821.6,13.9,28.8,0.199,0.1,0.1,4.0,2.1,375,9489.8,9331.3,9466.2,1,0.0,0.0,0,5.09,99.7,0,9870.2,146.82,403.4,Active,0,1,0,83.7,11
MOIL-08,Sitapatore,Madhya Pradesh,Balaghat,2024-04-01,2024,4,9036.0,8634.7,-401.3,95.56,9,8,4.0,41.9,1,8,8,0.0,0,55,4,239.2,8.0,38.46,15683.8,10.4,34.6,0.163,0.1,0.1,1.3,1.7,370,9519.3,9214.6,9036.0,0,401.3,4.44,0,4.43,92.4,0,9213.3,150.26,564.2,Active,0,1,0,83.0,9
MOIL-08,Sitapatore,Madhya Pradesh,Balaghat,2024-05-01,2024,5,8605.7,8449.2,-156.5,98.18,9,8,16.9,43.5,2,9,9,0.0,0,55,4,239.2,8.0,38.84,18339.0,14.8,38.5,0.192,0.1,0.0,3.9,1.9,353,8634.7,8867.7,8605.7,0,156.5,1.82,0,4.26,97.5,0,8512.3,149.33,32.1,Active,0,1,0,80.8,11
MOIL-08,Sitapatore,Madhya Pradesh,Balaghat,2024-06-01,2024,6,7314.8,6804.7,-510.1,93.03,9,6,19.5,40.4,2,9,8,3.1,1,55,3,231.2,8.0,38.14,13483.7,170.6,31.2,0.55,1.1,0.5,7.8,7.7,361,8449.2,7962.9,7314.8,0,510.1,6.97,1,6.72,79.1,0,7605.2,149.68,947.7,Active,0,1,1,57.1,9
MOIL-08,Sitapatore,Madhya Pradesh,Balaghat,2024-07-01,2024,7,6454.3,5454.8,-999.5,84.51,9,5,39.6,45.3,3,6,4,5.7,2,55,2,224.0,8.0,38.03,13614.8,313.2,27.7,0.55,5.7,2.7,8.2,14.2,363,6804.7,6902.9,6454.3,0,999.5,15.49,1,10.0,70.6,0,5492.1,151.7,39.2,Active,0,1,1,45.1,5
MOIL-08,Sitapatore,Madhya Pradesh,Balaghat,2024-08-01,2024,8,6712.4,5465.5,-1246.9,81.42,9,7,50.2,39.0,5,6,4,8.5,2,55,3,228.0,8.0,38.6,13767.8,232.0,27.1,0.55,3.1,1.2,9.1,11.0,376,5454.8,5908.3,6712.4,0,1246.9,18.58,1,8.8,59.0,0,5715.7,152.17,145.1,Active,0,1,1,57.8,6
MOIL-08,Sitapatore,Madhya Pradesh,Balaghat,2024-09-01,2024,9,7573.0,6613.8,-959.2,87.33,9,6,22.8,38.5,2,8,7,2.8,1,55,3,231.2,8.0,38.87,12530.8,164.7,27.7,0.548,3.2,1.5,7.6,4.9,370,5465.5,5844.7,7573.0,0,959.2,12.67,1,6.2,86.8,0,7377.6,148.97,730.8,Active,0,1,1,62.0,9
MOIL-08,Sitapatore,Madhya Pradesh,Balaghat,2024-10-01,2024,10,8777.8,8518.5,-259.3,97.05,9,9,16.7,46.3,2,6,6,0.0,0,55,4,237.6,8.0,40.28,16661.5,47.8,27.9,0.283,0.8,0.5,4.8,2.9,351,6613.8,6865.9,8777.8,0,259.3,2.95,0,6.14,93.1,0,9403.0,151.66,1052.8,Active,0,1,0,79.1,8
MOIL-08,Sitapatore,Madhya Pradesh,Balaghat,2024-11-01,2024,11,9466.2,9406.6,-59.6,99.37,9,8,0.9,48.3,0,7,7,0.0,0,55,4,239.2,8.0,38.83,15696.3,13.8,23.5,0.188,0.1,0.1,4.8,1.9,365,8518.5,8179.6,9466.2,0,59.6,0.63,0,4.58,104.8,0,10406.2,154.82,640.5,Active,0,1,0,82.1,11
MOIL-08,Sitapatore,Madhya Pradesh,Balaghat,2024-12-01,2024,12,9380.2,8988.9,-391.3,95.83,9,9,9.8,45.3,2,6,6,0.0,0,55,4,240.0,8.0,36.6,17303.8,3.9,20.7,0.155,0.0,0.0,1.4,1.7,365,9406.6,8971.3,9380.2,0,391.3,4.17,0,4.13,97.0,0,8789.8,150.81,0.0,Active,0,1,0,80.8,9
MOIL-08,Sitapatore,Madhya Pradesh,Balaghat,2025-01-01,2025,1,9709.6,9498.3,-211.3,97.82,9,9,7.4,47.6,1,5,5,0.0,0,55,4,239.2,8.0,37.31,15646.3,13.5,21.9,0.204,0.1,0.1,4.3,2.1,350,8988.9,9297.9,9709.6,0,211.3,2.18,0,3.98,95.4,0,8928.8,154.07,0.0,Active,0,1,0,88.9,9
MOIL-08,Sitapatore,Madhya Pradesh,Balaghat,2025-02-01,2025,2,9889.4,9702.3,-187.1,98.11,9,8,5.7,48.4,1,6,6,0.0,0,55,4,239.2,8.0,39.88,16298.8,16.8,25.5,0.193,0.3,0.2,2.3,1.8,364,9498.3,9396.5,9889.4,0,187.1,1.89,0,5.18,107.2,0,9736.3,153.7,20.7,Active,0,1,0,85.3,9
MOIL-08,Sitapatore,Madhya Pradesh,Balaghat,2025-03-01,2025,3,9889.4,9685.2,-204.2,97.94,9,8,7.4,43.3,1,8,8,0.0,0,55,4,239.2,8.0,39.65,19628.8,15.7,29.4,0.193,0.1,0.1,4.3,2.1,372,9702.3,9628.6,9889.4,0,204.2,2.06,0,4.42,105.0,0,9633.5,154.2,0.0,Active,0,1,0,81.6,9
MOIL-08,Sitapatore,Madhya Pradesh,Balaghat,2025-04-01,2025,4,9439.9,9039.1,-400.8,95.75,9,9,26.7,43.0,3,5,5,0.0,0,55,4,239.2,8.0,38.85,17644.9,9.4,34.3,0.161,0.1,0.1,3.2,1.7,350,9685.2,9475.5,9439.9,0,400.8,4.25,0,3.92,107.2,0,9798.4,154.34,433.5,Active,0,1,0,83.7,11
MOIL-08,Sitapatore,Madhya Pradesh,Balaghat,2025-05-01,2025,5,8990.4,8857.8,-132.6,98.53,9,8,1.2,44.8,0,8,8,0.0,0,55,4,239.2,8.0,38.81,14706.7,17.5,37.5,0.183,0.1,0.1,4.1,1.9,376,9039.1,9194.0,8990.4,0,132.6,1.47,0,3.74,110.5,0,10066.8,160.6,1216.9,Active,0,1,0,76.0,9
MOIL-08,Sitapatore,Madhya Pradesh,Balaghat,2025-06-01,2025,6,7641.8,6974.9,-666.9,91.27,9,7,28.7,41.9,3,8,8,0.0,0,55,3,232.8,8.0,39.24,15809.7,141.3,32.2,0.509,2.8,1.9,5.2,5.8,365,8857.8,8290.6,7641.8,0,666.9,8.73,1,7.3,74.2,0,7090.1,158.9,77.1,Active,0,1,1,62.7,9
MOIL-08,Sitapatore,Madhya Pradesh,Balaghat,2025-07-01,2025,7,6742.8,5135.5,-1607.3,76.16,9,6,45.2,45.0,5,5,2,17.7,3,55,3,228.8,8.0,39.42,12740.5,211.6,26.9,0.55,3.7,2.3,6.8,6.9,374,6974.9,6989.4,6742.8,0,1607.3,23.84,1,8.53,75.8,0,5758.3,148.12,648.1,Active,0,1,1,54.5,7
MOIL-08,Sitapatore,Madhya Pradesh,Balaghat,2025-08-01,2025,8,7012.5,6165.1,-847.4,87.92,9,6,31.1,48.2,3,5,4,2.9,1,55,3,227.2,8.0,38.54,12577.9,246.5,26.1,0.55,2.6,0.9,8.4,5.8,348,5135.5,6091.8,7012.5,0,847.4,12.08,1,7.29,63.4,0,6930.1,152.83,542.0,Active,0,1,1,55.1,6
MOIL-08,Sitapatore,Madhya Pradesh,Balaghat,2025-09-01,2025,9,7911.5,6926.4,-985.1,87.55,9,7,31.3,40.5,3,5,3,7.9,2,55,3,231.2,8.0,37.59,13155.8,161.3,27.3,0.53,0.7,0.5,7.3,6.6,362,6165.1,6075.7,7911.5,0,985.1,12.45,1,6.77,76.3,0,6774.3,160.44,0.0,Active,0,1,1,65.9,9
MOIL-08,Sitapatore,Madhya Pradesh,Balaghat,2025-10-01,2025,10,9170.2,8662.9,-507.3,94.47,9,8,8.7,44.8,1,7,7,0.0,0,55,4,237.6,8.0,39.45,19722.9,49.7,26.9,0.281,0.4,0.2,4.1,3.3,351,6926.4,7251.5,9170.2,0,507.3,5.53,1,3.9,98.0,0,8181.1,156.56,0.0,Active,0,1,0,79.9,10
MOIL-08,Sitapatore,Madhya Pradesh,Balaghat,2025-11-01,2025,11,9889.4,9660.5,-228.9,97.69,9,9,10.9,44.6,3,6,6,0.0,0,55,4,239.2,8.0,39.66,16852.0,14.1,23.2,0.19,0.3,0.2,1.3,2.0,372,8662.9,8416.6,9889.4,0,228.9,2.31,0,4.25,94.4,0,11016.2,154.4,1261.2,Active,0,1,0,87.3,11
MOIL-08,Sitapatore,Madhya Pradesh,Balaghat,2025-12-01,2025,12,9799.5,9500.8,-298.7,96.95,9,8,0.3,44.7,0,9,9,0.0,0,55,4,240.0,8.0,38.71,18758.9,4.1,20.9,0.152,0.1,0.1,2.5,1.6,352,9660.5,9274.7,9799.5,0,298.7,3.05,0,4.68,105.3,0,10793.9,151.17,1023.9,Active,0,1,0,84.4,10
MOIL-09,Tirodi,Madhya Pradesh,Balaghat,2015-01-01,2015,1,9610.2,9738.3,128.1,101.33,10,10,0.7,46.3,0,7,7,0.0,0,65,5,239.2,8.0,35.49,18783.5,10.6,20.8,0.185,0.2,0.1,3.4,1.8,452,9738.3,9738.3,9610.2,1,0.0,0.0,0,4.84,95.1,0,9852.7,98.86,63.7,Active,0,1,0,82.4,11
MOIL-09,Tirodi,Madhya Pradesh,Balaghat,2015-02-01,2015,2,9788.1,9936.1,148.0,101.51,10,10,8.4,51.6,2,10,10,0.0,0,65,5,239.2,8.0,39.69,18380.4,20.0,24.8,0.187,0.3,0.2,5.1,2.1,433,9738.3,9837.2,9788.1,1,0.0,0.0,0,3.67,88.1,0,10300.8,100.61,282.4,Active,0,1,0,79.7,10
MOIL-09,Tirodi,Madhya Pradesh,Balaghat,2015-03-01,2015,3,9788.1,9428.0,-360.1,96.32,10,9,9.0,50.0,2,9,9,0.0,0,65,5,239.2,8.0,39.77,19728.3,15.9,28.8,0.194,0.1,0.0,1.7,2.0,443,9936.1,9700.8,9788.1,0,360.1,3.68,0,3.93,92.4,0,9656.3,95.74,208.6,Active,0,1,0,78.4,11
MOIL-09,Tirodi,Madhya Pradesh,Balaghat,2015-04-01,2015,4,9343.2,9140.2,-203.0,97.83,10,10,8.9,44.9,1,10,10,0.0,0,65,5,239.2,8.0,40.53,15336.5,10.7,35.0,0.167,0.1,0.0,3.7,1.7,450,9428.0,9501.4,9343.2,0,203.0,2.17,0,4.56,92.5,0,9557.1,98.82,268.3,Active,0,1,0,79.9,9
MOIL-09,Tirodi,Madhya Pradesh,Balaghat,2015-05-01,2015,5,8898.3,9130.3,232.0,102.61,10,10,1.0,42.4,0,9,9,0.0,0,65,5,239.2,8.0,36.05,16568.3,15.7,37.9,0.188,0.1,0.0,4.2,1.7,434,9140.2,9232.8,8898.3,1,0.0,0.0,0,4.22,85.6,0,8282.2,97.83,0.0,Active,0,1,0,93.5,10
MOIL-09,Tirodi,Madhya Pradesh,Balaghat,2015-06-01,2015,6,7563.6,7177.1,-386.5,94.89,10,7,26.5,47.0,2,6,6,0.0,0,65,4,231.2,8.0,38.0,13959.9,161.3,31.5,0.548,2.5,0.8,6.9,6.3,434,9130.3,8482.5,7563.6,0,386.5,5.11,1,7.26,87.5,0,6256.7,100.82,0.0,Active,0,1,1,61.7,9
MOIL-09,Tirodi,Madhya Pradesh,Balaghat,2015-07-01,2015,7,6673.7,5619.0,-1054.7,84.2,10,7,25.8,49.0,1,7,5,4.8,2,65,3,224.0,8.0,38.42,13202.5,366.2,27.3,0.55,2.6,1.7,9.0,13.5,452,7177.1,7308.8,6673.7,0,1054.7,15.8,1,8.32,48.5,0,5503.5,100.55,0.0,Active,0,1,1,52.5,6
MOIL-09,Tirodi,Madhya Pradesh,Balaghat,2015-08-01,2015,8,6940.7,6301.8,-638.9,90.8,10,7,23.9,39.1,1,8,6,7.4,2,65,4,224.8,8.0,39.43,13025.8,290.2,26.8,0.55,2.1,0.8,7.8,12.9,452,5619.0,6366.0,6940.7,0,638.9,9.21,1,9.9,70.4,0,6258.7,97.62,0.0,Active,0,1,1,44.3,5
MOIL-09,Tirodi,Madhya Pradesh,Balaghat,2015-09-01,2015,9,7830.5,7205.5,-625.0,92.02,10,9,27.1,43.9,2,7,7,0.0,0,65,4,232.0,8.0,35.06,13337.9,147.3,27.4,0.522,0.6,0.2,6.8,6.9,439,6301.8,6375.4,7830.5,0,625.0,7.98,1,5.56,84.8,0,7043.9,98.62,0.0,Active,0,1,1,62.9,9
MOIL-09,Tirodi,Madhya Pradesh,Balaghat,2015-10-01,2015,10,9076.3,9257.0,180.7,101.99,10,9,8.0,48.0,1,8,8,0.0,0,65,5,238.4,8.0,38.34,18311.3,27.0,26.8,0.22,0.4,0.3,2.1,2.1,453,7205.5,7588.1,9076.3,1,0.0,0.0,0,3.14,102.6,0,8620.6,97.89,0.0,Active,0,1,0,79.6,11
MOIL-09,Tirodi,Madhya Pradesh,Balaghat,2015-11-01,2015,11,9788.1,9518.1,-270.0,97.24,10,9,6.5,43.9,1,9,9,0.0,0,65,5,239.2,8.0,40.06,17926.9,14.8,24.3,0.184,0.1,0.1,3.6,2.1,428,9257.0,8660.2,9788.1,0,270.0,2.76,0,3.28,89.7,0,8827.0,93.26,0.0,Active,0,1,0,85.6,9
MOIL-09,Tirodi,Madhya Pradesh,Balaghat,2015-12-01,2015,12,9699.2,9466.9,-232.3,97.61,10,9,7.8,42.2,1,6,5,2.1,1,65,5,240.0,8.0,39.36,17036.0,4.5,20.0,0.167,0.1,0.0,2.0,1.6,451,9518.1,9414.0,9699.2,0,232.3,2.4,0,4.5,99.5,0,8866.3,99.19,0.0,Active,0,1,0,88.1,9
MOIL-09,Tirodi,Madhya Pradesh,Balaghat,2016-01-01,2016,1,9908.5,9719.6,-188.9,98.09,10,9,0.8,45.8,0,9,9,0.0,0,65,5,239.2,8.0,37.63,16785.7,12.7,21.5,0.178,0.1,0.0,1.5,1.9,454,9466.9,9568.2,9908.5,0,188.9,1.91,0,4.47,91.6,0,10107.7,105.76,212.9,Active,0,1,0,82.1,9
MOIL-09,Tirodi,Madhya Pradesh,Balaghat,2016-02-01,2016,2,10092.0,9568.1,-523.9,94.81,10,9,8.5,45.0,1,6,6,0.0,0,65,5,239.2,8.0,39.1,21336.1,16.9,24.7,0.192,0.2,0.1,2.6,2.1,428,9719.6,9584.9,10092.0,0,523.9,5.19,1,4.99,88.3,0,9142.6,109.69,0.0,Active,0,1,0,83.6,9
MOIL-09,Tirodi,Madhya Pradesh,Balaghat,2016-03-01,2016,3,10092.0,10104.1,12.1,100.12,10,10,0.9,48.3,0,8,8,0.0,0,65,5,239.2,8.0,40.09,16147.4,13.3,29.8,0.18,0.1,0.0,5.0,1.8,445,9568.1,9797.3,10092.0,1,0.0,0.0,0,5.03,91.0,0,9826.7,105.95,0.0,Active,0,1,0,81.1,10
MOIL-09,Tirodi,Madhya Pradesh,Balaghat,2016-04-01,2016,4,9633.2,9066.8,-566.4,94.12,10,10,0.6,43.6,0,9,9,0.0,0,65,5,239.2,8.0,37.68,18997.5,9.3,34.5,0.173,0.1,0.0,5.1,1.9,425,10104.1,9579.7,9633.2,0,566.4,5.88,1,4.14,91.8,0,9044.7,100.88,0.0,Active,0,1,0,82.7,10
MOIL-09,Tirodi,Madhya Pradesh,Balaghat,2016-05-01,2016,5,9174.5,9234.1,59.6,100.65,10,9,5.0,45.9,1,7,7,0.0,0,65,5,239.2,8.0,39.61,17599.3,14.8,38.6,0.196,0.1,0.1,1.4,2.1,440,9066.8,9468.3,9174.5,1,0.0,0.0,0,4.24,99.5,0,9006.4,105.17,0.0,Active,0,1,0,79.7,11
MOIL-09,Tirodi,Madhya Pradesh,Balaghat,2016-06-01,2016,6,7798.3,6850.6,-947.7,87.85,10,7,48.9,46.8,5,7,6,5.4,1,65,4,229.6,8.0,37.14,15272.7,200.6,32.0,0.55,3.7,2.4,6.0,10.7,449,9234.1,8383.8,7798.3,0,947.7,12.15,1,6.53,67.0,0,6114.9,102.39,0.0,Active,0,1,1,57.0,6
MOIL-09,Tirodi,Madhya Pradesh,Balaghat,2016-07-01,2016,7,6880.9,5856.0,-1024.9,85.11,10,6,35.5,40.6,3,10,9,3.2,1,65,4,226.4,8.0,38.79,13268.4,260.1,27.0,0.55,4.7,1.4,8.4,12.0,442,6850.6,7313.6,6880.9,0,1024.9,14.89,1,8.3,56.1,0,5814.9,104.94,0.0,Active,0,1,1,44.3,7
MOIL-09,Tirodi,Madhya Pradesh,Balaghat,2016-08-01,2016,8,7156.1,6365.7,-790.4,88.95,10,6,45.4,43.1,3,9,7,5.7,2,65,4,224.8,8.0,38.39,13218.4,278.9,26.7,0.55,4.7,2.1,10.5,7.4,451,5856.0,6357.4,7156.1,0,790.4,11.05,1,9.79,58.4,0,5589.3,108.29,0.0,Active,0,1,1,52.5,7
MOIL-09,Tirodi,Madhya Pradesh,Balaghat,2016-09-01,2016,9,8073.6,7572.6,-501.0,93.79,10,9,19.2,46.4,2,7,6,4.7,1,65,4,232.8,8.0,38.13,17162.2,140.9,27.9,0.506,0.6,0.3,6.7,5.5,438,6365.7,6598.1,8073.6,0,501.0,6.21,1,6.5,76.4,0,7853.4,105.7,198.6,Active,0,1,1,70.0,9
MOIL-09,Tirodi,Madhya Pradesh,Balaghat,2016-10-01,2016,10,9358.0,8895.3,-462.7,95.06,10,8,26.9,51.9,3,8,8,0.0,0,65,5,237.6,8.0,38.5,15741.9,51.0,27.2,0.255,0.4,0.1,4.0,2.3,445,7572.6,7611.2,9358.0,0,462.7,4.94,0,3.96,92.8,0,9091.7,105.09,153.8,Active,0,1,0,77.9,9
MOIL-09,Tirodi,Madhya Pradesh,Balaghat,2016-11-01,2016,11,10092.0,9934.1,-157.9,98.44,10,9,1.0,50.6,0,9,8,3.7,1,65,5,239.2,8.0,38.12,21707.9,15.6,23.1,0.208,0.2,0.1,3.1,2.2,439,8895.3,8800.7,10092.0,0,157.9,1.56,0,4.39,90.9,0,8674.6,104.38,0.0,Active,0,1,0,81.0,11
MOIL-09,Tirodi,Madhya Pradesh,Balaghat,2016-12-01,2016,12,10000.2,9731.4,-268.8,97.31,10,9,15.4,44.1,2,8,8,0.0,0,65,5,240.0,8.0,38.64,18604.2,4.8,20.8,0.166,0.0,0.0,1.6,1.6,444,9934.1,9520.3,10000.2,0,268.8,2.69,0,3.63,96.3,0,9312.1,100.74,0.0,Active,0,1,0,84.0,9
MOIL-09,Tirodi,Madhya Pradesh,Balaghat,2017-01-01,2017,1,10300.1,10221.5,-78.6,99.24,10,9,4.1,48.0,1,10,10,0.0,0,65,5,239.2,8.0,37.98,18758.3,12.3,21.8,0.191,0.1,0.1,2.1,2.0,436,9731.4,9962.3,10300.1,0,78.6,0.76,0,5.27,100.6,0,10024.6,104.25,0.0,Active,0,1,0,86.9,10
MOIL-09,Tirodi,Madhya Pradesh,Balaghat,2017-02-01,2017,2,10490.8,10167.6,-323.2,96.92,10,10,1.3,49.5,0,7,7,0.0,0,65,5,239.2,8.0,39.09,17166.5,19.1,24.4,0.193,0.1,0.1,2.6,2.3,436,10221.5,10040.2,10490.8,0,323.2,3.08,0,3.3,106.9,0,9997.8,114.18,0.0,Active,0,1,0,80.8,11
MOIL-09,Tirodi,Madhya Pradesh,Balaghat,2017-03-01,2017,3,10490.8,10267.3,-223.5,97.87,10,10,1.1,40.4,0,7,7,0.0,0,65,5,239.2,8.0,39.1,20692.8,17.0,29.5,0.196,0.2,0.1,4.4,2.1,445,10167.6,10218.8,10490.8,0,223.5,2.13,0,2.83,103.4,0,9526.2,109.89,0.0,Active,0,1,0,85.2,11
MOIL-09,Tirodi,Madhya Pradesh,Balaghat,2017-04-01,2017,4,10013.9,9864.8,-149.1,98.51,10,9,8.8,48.8,1,10,10,0.0,0,65,5,239.2,8.0,39.35,20929.6,10.8,34.8,0.165,0.1,0.1,2.0,1.7,440,10267.3,10099.9,10013.9,0,149.1,1.49,0,4.3,97.9,0,8779.1,110.48,0.0,Active,0,1,0,83.5,9
MOIL-09,Tirodi,Madhya Pradesh,Balaghat,2017-05-01,2017,5,9537.1,9149.6,-387.5,95.94,10,9,9.4,41.9,1,7,7,0.0,0,65,5,239.2,8.0,39.91,18425.8,15.4,38.1,0.176,0.3,0.2,1.3,2.0,440,9864.8,9760.6,9537.1,0,387.5,4.06,0,5.75,108.6,0,8609.3,111.31,0.0,Active,0,1,0,82.4,9
MOIL-09,Tirodi,Madhya Pradesh,Balaghat,2017-06-01,2017,6,8106.5,7492.7,-613.8,92.43,10,8,19.6,41.7,1,9,7,4.5,2,65,4,229.6,8.0,40.44,14455.6,191.7,33.0,0.55,1.4,0.6,5.1,4.5,431,9149.6,8835.7,8106.5,0,613.8,7.57,1,7.15,74.4,0,7710.2,107.11,133.2,Active,0,1,1,57.2,7
MOIL-09,Tirodi,Madhya Pradesh,Balaghat,2017-07-01,2017,7,7152.8,6004.9,-1147.9,83.95,10,8,42.0,44.0,4,7,4,14.7,3,65,4,227.2,8.0,39.16,14386.4,233.2,26.7,0.55,1.4,0.6,6.4,8.2,446,7492.7,7549.1,7152.8,0,1147.9,16.05,1,8.32,80.0,0,5964.1,106.45,0.0,Active,0,1,1,58.6,7
MOIL-09,Tirodi,Madhya Pradesh,Balaghat,2017-08-01,2017,8,7438.9,6474.6,-964.3,87.04,10,7,31.2,40.0,5,6,6,0.0,0,65,4,228.0,8.0,40.79,13593.6,226.8,26.9,0.55,1.1,0.3,7.3,10.2,429,6004.9,6657.4,7438.9,0,964.3,12.96,1,7.67,76.9,0,6744.3,108.03,204.8,Active,0,1,1,58.0,6
MOIL-09,Tirodi,Madhya Pradesh,Balaghat,2017-09-01,2017,9,8392.6,7490.7,-901.9,89.25,10,7,23.8,40.9,2,8,6,9.5,2,65,4,229.6,8.0,39.14,16210.6,192.5,27.4,0.55,3.5,2.4,8.1,5.1,450,6474.6,6656.7,8392.6,0,901.9,10.75,1,7.66,71.8,0,7530.0,110.59,40.4,Active,0,1,1,57.6,6
MOIL-09,Tirodi,Madhya Pradesh,Balaghat,2017-10-01,2017,10,9727.8,9302.4,-425.4,95.63,10,10,8.6,43.6,1,8,8,0.0,0,65,5,237.6,8.0,38.64,20755.5,43.8,27.4,0.253,0.6,0.2,4.0,3.1,445,7490.7,7755.9,9727.8,0,425.4,4.37,0,4.38,89.4,0,9431.4,114.35,75.2,Active,0,1,0,81.5,8
MOIL-09,Tirodi,Madhya Pradesh,Balaghat,2017-11-01,2017,11,10490.8,9576.4,-914.4,91.28,10,9,26.7,46.9,3,6,6,0.0,0,65,5,239.2,8.0,37.14,20969.0,13.8,22.6,0.186,0.2,0.1,4.8,1.9,435,9302.4,8789.8,10490.8,0,914.4,8.72,1,4.1,87.6,0,8403.9,107.41,0.0,Active,0,1,0,81.4,11
MOIL-09,Tirodi,Madhya Pradesh,Balaghat,2017-12-01,2017,12,10395.4,9863.1,-532.3,94.88,10,10,19.8,47.7,4,10,10,0.0,0,65,5,240.0,8.0,39.64,21967.8,5.0,20.4,0.173,0.1,0.1,4.8,1.6,443,9576.4,9580.6,10395.4,0,532.3,5.12,1,3.38,94.5,0,9041.0,113.93,0.0,Active,0,1,0,88.2,9
MOIL-09,Tirodi,Madhya Pradesh,Balaghat,2018-01-01,2018,1,10877.8,10260.7,-617.1,94.33,10,10,7.2,49.3,2,10,10,0.0,0,65,5,239.2,8.0,38.62,23643.0,12.1,21.3,0.177,0.2,0.1,3.6,2.0,448,9863.1,9900.1,10877.8,0,617.1,5.67,1,4.55,86.3,0,10315.5,113.71,60.1,Active,0,1,0,78.5,11
MOIL-09,Tirodi,Madhya Pradesh,Balaghat,2018-02-01,2018,2,11079.2,10696.8,-382.4,96.55,10,10,6.4,48.9,1,10,10,0.0,0,65,5,239.2,8.0,38.37,18452.6,18.2,24.0,0.199,0.2,0.1,4.8,2.1,453,10260.7,10273.5,11079.2,0,382.4,3.45,0,3.05,106.9,0,10071.6,109.83,0.0,Active,0,1,0,78.6,9
MOIL-09,Tirodi,Madhya Pradesh,Balaghat,2018-03-01,2018,3,11079.2,10991.3,-87.9,99.21,10,9,0.9,40.5,0,9,9,0.0,0,65,5,239.2,8.0,37.72,19939.5,14.2,28.5,0.195,0.2,0.1,2.2,1.7,439,10696.8,10649.6,11079.2,0,87.9,0.79,0,4.01,98.4,0,10176.7,110.09,0.0,Active,0,1,0,85.5,9
MOIL-09,Tirodi,Madhya Pradesh,Balaghat,2018-04-01,2018,4,10575.6,10287.9,-287.7,97.28,10,10,5.7,39.3,1,6,6,0.0,0,65,5,239.2,8.0,39.08,18844.3,7.7,34.5,0.179,0.1,0.1,2.1,1.7,428,10991.3,10658.7,10575.6,0,287.7,2.72,0,4.49,94.3,0,9570.3,116.87,0.0,Active,0,1,0,84.2,10
MOIL-09,Tirodi,Madhya Pradesh,Balaghat,2018-05-01,2018,5,10072.0,9894.7,-177.3,98.24,10,9,1.0,43.3,0,6,6,0.0,0,65,5,239.2,8.0,41.58,19124.9,14.6,38.5,0.181,0.2,0.1,1.7,1.7,454,10287.9,10391.3,10072.0,0,177.3,1.76,0,3.38,101.6,0,10169.6,111.95,170.9,Active,0,1,0,80.0,10
MOIL-09,Tirodi,Madhya Pradesh,Balaghat,2018-06-01,2018,6,8561.2,7992.2,-569.0,93.35,10,9,19.5,47.7,2,10,10,0.0,0,65,4,232.0,8.0,39.72,16624.3,148.8,32.4,0.519,2.7,1.7,6.6,4.4,436,9894.7,9391.6,8561.2,0,569.0,6.65,1,5.99,73.9,0,7706.3,118.78,0.0,Active,0,1,1,63.9,9
MOIL-09,Tirodi,Madhya Pradesh,Balaghat,2018-07-01,2018,7,7554.0,6351.1,-1202.9,84.08,10,7,56.2,40.7,6,9,9,0.0,0,65,4,224.0,8.0,39.3,12620.8,293.5,27.9,0.55,5.6,3.9,10.7,9.7,447,7992.2,8079.3,7554.0,0,1202.9,15.92,1,8.85,77.5,0,5924.6,115.17,0.0,Active,0,1,1,47.4,6
MOIL-09,Tirodi,Madhya Pradesh,Balaghat,2018-08-01,2018,8,7856.2,7366.0,-490.2,93.76,10,8,22.4,50.8,2,10,10,0.0,0,65,4,227.2,8.0,38.74,12621.4,243.4,25.9,0.55,4.2,1.9,8.2,9.0,436,6351.1,7236.4,7856.2,0,490.2,6.24,1,8.75,69.1,0,7025.9,116.14,0.0,Active,0,1,1,55.4,7
MOIL-09,Tirodi,Madhya Pradesh,Balaghat,2018-09-01,2018,9,8863.4,8347.6,-515.8,94.18,10,7,12.2,40.2,0,10,9,4.0,1,65,4,230.4,8.0,36.83,18244.1,183.4,28.1,0.55,2.7,0.9,8.5,5.7,436,7366.0,7354.9,8863.4,0,515.8,5.82,1,7.0,76.4,0,7717.9,112.91,0.0,Active,0,1,1,62.9,7
MOIL-09,Tirodi,Madhya Pradesh,Balaghat,2018-10-01,2018,10,10273.4,10360.5,87.1,100.85,10,9,10.8,40.0,1,9,9,0.0,0,65,5,237.6,8.0,39.8,19245.8,39.4,27.5,0.237,0.8,0.3,2.0,2.3,452,8347.6,8691.4,10273.4,1,0.0,0.0,0,3.77,83.4,0,10823.2,107.23,257.5,Active,0,1,0,79.0,10
MOIL-09,Tirodi,Madhya Pradesh,Balaghat,2018-11-01,2018,11,11079.2,11247.6,168.4,101.52,10,10,1.0,45.3,0,6,6,0.0,0,65,5,239.2,8.0,37.66,23433.3,14.7,24.1,0.178,0.2,0.1,3.2,1.7,451,10360.5,9985.2,11079.2,1,0.0,0.0,0,2.26,102.6,0,9939.5,117.61,0.0,Active,0,1,0,81.5,10
MOIL-09,Tirodi,Madhya Pradesh,Balaghat,2018-12-01,2018,12,10978.5,10385.3,-593.2,94.6,10,9,0.3,51.4,0,9,9,0.0,0,65,5,240.0,8.0,40.53,21576.5,4.4,20.8,0.17,0.1,0.0,4.8,1.6,427,11247.6,10664.5,10978.5,0,593.2,5.4,1,4.37,91.2,0,10533.5,110.63,103.3,Active,0,1,0,82.0,9
MOIL-09,Tirodi,Madhya Pradesh,Balaghat,2019-01-01,2019,1,11273.3,11155.0,-118.3,98.95,10,10,13.5,45.3,2,8,8,0.0,0,65,5,239.2,8.0,38.45,24165.9,11.6,22.5,0.162,0.1,0.1,2.2,1.9,428,10385.3,10929.3,11273.3,0,118.3,1.05,0,2.6,96.2,0,10397.6,116.36,0.0,Active,0,1,0,84.9,11
MOIL-09,Tirodi,Madhya Pradesh,Balaghat,2019-02-01,2019,2,11482.1,11080.0,-402.1,96.5,10,10,19.4,42.0,3,10,10,0.0,0,65,5,239.2,8.0,39.35,22922.1,13.9,24.5,0.172,0.1,0.1,3.3,1.8,443,11155.0,10873.4,11482.1,0,402.1,3.5,0,4.08,92.7,0,10176.2,121.63,0.0,Active,0,1,0,82.9,11
MOIL-09,Tirodi,Madhya Pradesh,Balaghat,2019-03-01,2019,3,11482.1,11169.6,-312.5,97.28,10,9,10.0,47.1,2,9,9,0.0,0,65,5,239.2,8.0,38.98,24596.0,14.4,29.8,0.171,0.3,0.2,1.3,2.0,445,11080.0,11134.9,11482.1,0,312.5,2.72,0,4.51,103.5,0,11770.0,116.84,626.5,Active,0,1,0,88.2,11
MOIL-09,Tirodi,Madhya Pradesh,Balaghat,2019-04-01,2019,4,10960.1,10569.3,-390.8,96.43,10,9,7.5,44.9,1,10,10,0.0,0,65,5,239.2,8.0,37.99,22876.5,9.0,33.8,0.165,0.0,0.0,1.8,1.8,453,11169.6,10939.6,10960.1,0,390.8,3.57,0,5.41,114.1,0,10388.0,116.49,0.0,Active,0,1,0,86.9,11
MOIL-09,Tirodi,Madhya Pradesh,Balaghat,2019-05-01,2019,5,10438.2,9704.1,-734.1,92.97,10,9,9.6,51.8,1,7,7,0.0,0,65,5,239.2,8.0,37.91,20097.6,15.6,37.5,0.202,0.3,0.2,5.3,2.0,426,10569.3,10481.0,10438.2,0,734.1,7.03,1,2.38,98.7,0,9442.4,117.75,0.0,Active,0,1,0,87.8,10
MOIL-09,Tirodi,Madhya Pradesh,Balaghat,2019-06-01,2019,6,8872.5,8378.0,-494.5,94.43,10,8,19.4,49.1,1,6,5,2.0,1,65,4,232.0,8.0,41.74,17803.2,156.9,31.5,0.545,1.9,1.1,5.7,5.6,426,9704.1,9550.5,8872.5,0,494.5,5.57,1,5.84,83.5,0,8568.1,115.9,123.9,Active,0,1,1,66.8,7
MOIL-09,Tirodi,Madhya Pradesh,Balaghat,2019-07-01,2019,7,7828.7,7029.8,-798.9,89.8,10,6,36.4,40.3,2,8,8,0.0,0,65,3,224.0,8.0,38.94,13961.4,347.0,26.5,0.55,4.4,1.4,7.6,14.8,442,8378.0,8370.6,7828.7,0,798.9,10.2,1,7.98,56.8,0,6781.5,116.51,0.0,Active,0,1,1,38.6,5
MOIL-09,Tirodi,Madhya Pradesh,Balaghat,2019-08-01,2019,8,8141.8,7928.3,-213.5,97.38,10,7,13.3,43.8,0,10,10,0.0,0,65,4,229.6,8.0,38.73,16084.8,199.6,25.9,0.55,0.7,0.4,5.2,4.4,435,7029.8,7778.7,8141.8,0,213.5,2.62,0,6.95,68.7,0,8556.3,115.93,677.1,Active,0,1,1,60.4,6
MOIL-09,Tirodi,Madhya Pradesh,Balaghat,2019-09-01,2019,9,9185.6,8417.0,-768.6,91.63,10,8,18.6,50.8,1,8,8,0.0,0,65,4,231.2,8.0,36.81,16592.4,164.5,28.7,0.55,3.1,1.4,7.7,7.9,427,7928.3,7791.7,9185.6,0,768.6,8.37,1,6.58,77.4,0,7934.1,114.63,0.0,Active,0,1,1,62.0,7
MOIL-09,Tirodi,Madhya Pradesh,Balaghat,2019-10-01,2019,10,10647.0,10450.6,-196.4,98.16,10,9,9.0,47.5,1,9,9,0.0,0,65,5,236.8,8.0,37.77,17912.1,58.8,27.0,0.296,0.6,0.4,3.9,3.4,426,8417.0,8932.0,10647.0,0,196.4,1.84,0,4.03,91.1,0,10828.4,121.8,273.9,Active,0,1,0,77.2,10
MOIL-09,Tirodi,Madhya Pradesh,Balaghat,2019-11-01,2019,11,11482.1,11834.0,351.9,103.07,10,10,1.0,51.4,0,6,6,0.0,0,65,5,239.2,8.0,39.51,23138.3,14.9,23.9,0.185,0.1,0.0,1.7,2.2,435,10450.6,10233.9,11482.1,1,0.0,0.0,0,3.3,100.4,0,11365.4,122.05,0.0,Active,0,1,0,83.7,10
MOIL-09,Tirodi,Madhya Pradesh,Balaghat,2019-12-01,2019,12,11377.7,10595.3,-782.4,93.12,10,10,0.4,42.1,0,10,10,0.0,0,65,5,240.0,8.0,36.83,20338.2,5.8,20.5,0.158,0.1,0.1,3.0,1.8,450,11834.0,10960.0,11377.7,0,782.4,6.88,1,3.45,98.0,0,11067.1,117.23,346.2,Active,0,1,0,88.6,10
MOIL-09,Tirodi,Madhya Pradesh,Balaghat,2020-01-01,2020,1,9725.5,9415.5,-310.0,96.81,10,10,4.8,48.0,1,9,9,0.0,0,65,5,239.2,8.0,35.45,20391.8,9.6,20.7,0.181,0.0,0.0,3.7,1.8,428,10595.3,10614.9,9725.5,0,310.0,3.19,0,5.18,97.0,0,8798.9,125.29,0.0,Active,0,1,0,76.5,11
MOIL-09,Tirodi,Madhya Pradesh,Balaghat,2020-02-01,2020,2,9905.6,9736.8,-168.8,98.3,10,9,9.7,42.4,1,6,6,0.0,0,65,5,239.2,8.0,39.44,21625.4,16.2,24.5,0.187,0.1,0.0,2.6,2.2,445,9415.5,9915.9,9905.6,0,168.8,1.7,0,5.23,106.6,0,9122.4,120.62,0.0,Active,0,1,0,79.9,9
MOIL-09,Tirodi,Madhya Pradesh,Balaghat,2020-03-01,2020,3,9905.6,9444.8,-460.8,95.35,10,9,9.4,46.8,1,8,8,0.0,0,65,5,239.2,8.0,38.67,17246.6,14.7,30.5,0.194,0.3,0.1,4.5,1.9,434,9736.8,9532.4,9905.6,0,460.8,4.65,0,3.5,90.8,0,8593.2,123.57,0.0,Active,0,1,0,82.4,11
MOIL-09,Tirodi,Madhya Pradesh,Balaghat,2020-04-01,2020,4,9455.3,8829.1,-626.2,93.38,10,10,21.0,39.9,3,8,8,0.0,0,65,5,239.2,8.0,37.91,20144.5,9.3,35.2,0.163,0.2,0.1,4.8,1.8,431,9444.8,9336.9,9455.3,0,626.2,6.62,1,4.48,100.3,0,9594.4,121.24,855.7,Active,1,1,0,82.9,10
MOIL-09,Tirodi,Madhya Pradesh,Balaghat,2020-05-01,2020,5,9005.1,9067.9,62.8,100.7,10,9,0.9,46.2,0,8,8,0.0,0,65,5,239.2,8.0,38.98,19035.4,14.2,38.0,0.189,0.2,0.1,3.4,1.9,445,8829.1,9113.9,9005.1,1,0.0,0.0,0,4.05,102.9,0,9219.7,128.82,119.0,Active,0,1,0,84.9,11
MOIL-09,Tirodi,Madhya Pradesh,Balaghat,2020-06-01,2020,6,7654.3,7490.1,-164.2,97.85,10,7,15.5,50.0,0,6,6,0.0,0,65,4,227.2,8.0,40.43,14946.5,232.7,31.2,0.55,3.0,1.7,8.3,5.2,434,9067.9,8462.4,7654.3,0,164.2,2.15,0,8.12,61.5,0,6903.4,119.69,0.0,Active,0,1,1,51.1,7
MOIL-09,Tirodi,Madhya Pradesh,Balaghat,2020-07-01,2020,7,6753.8,5477.7,-1276.1,81.11,10,7,45.5,50.2,4,7,7,0.0,0,65,3,224.0,8.0,38.17,13880.2,304.2,27.9,0.55,2.5,1.0,8.0,12.7,429,7490.1,7345.2,6753.8,0,1276.1,18.89,1,7.66,64.3,0,5473.5,122.31,0.0,Active,0,1,1,44.6,5
MOIL-09,Tirodi,Madhya Pradesh,Balaghat,2020-08-01,2020,8,7024.0,6033.3,-990.7,85.9,10,6,38.1,44.2,3,9,8,4.9,1,65,3,224.0,8.0,39.33,13057.3,302.8,24.9,0.55,4.8,2.1,9.6,11.2,447,5477.7,6333.7,7024.0,0,990.7,14.1,1,7.24,61.8,0,5452.3,120.47,0.0,Active,0,1,1,43.7,7
MOIL-09,Tirodi,Madhya Pradesh,Balaghat,2020-09-01,2020,9,7924.5,7094.6,-829.9,89.53,10,8,44.9,47.4,6,10,10,0.0,0,65,4,230.4,8.0,39.86,17282.8,173.6,27.8,0.55,3.3,1.1,4.7,8.0,439,6033.3,6201.9,7924.5,0,829.9,10.47,1,6.82,80.6,0,6916.9,125.26,0.0,Active,0,1,1,60.8,7
MOIL-09,Tirodi,Madhya Pradesh,Balaghat,2020-10-01,2020,10,9185.2,8741.7,-443.5,95.17,10,9,11.9,48.8,1,8,8,0.0,0,65,5,237.6,8.0,38.8,15730.2,45.1,26.2,0.278,0.7,0.4,3.5,2.1,436,7094.6,7289.9,9185.2,0,443.5,4.83,0,4.28,103.7,0,8151.3,121.13,0.0,Active,0,1,0,79.7,10
MOIL-09,Tirodi,Madhya Pradesh,Balaghat,2020-11-01,2020,11,9905.6,9775.2,-130.4,98.68,10,9,1.0,42.5,0,6,6,0.0,0,65,5,239.2,8.0,39.59,16876.5,14.3,23.0,0.182,0.1,0.1,5.2,2.1,436,8741.7,8537.2,9905.6,0,130.4,1.32,0,4.91,109.0,0,10361.3,121.43,703.0,Active,0,1,0,85.6,11
MOIL-09,Tirodi,Madhya Pradesh,Balaghat,2020-12-01,2020,12,9815.5,9679.3,-136.2,98.61,10,9,8.5,47.2,1,8,8,0.0,0,65,5,240.0,8.0,40.14,18799.3,5.4,20.3,0.159,0.1,0.1,3.3,1.6,436,9775.2,9398.7,9815.5,0,136.2,1.39,0,5.45,107.6,0,9059.6,123.21,0.0,Active,0,1,0,85.3,10
MOIL-09,Tirodi,Madhya Pradesh,Balaghat,2021-01-01,2021,1,10677.0,10584.0,-93.0,99.13,10,10,4.5,50.1,1,7,7,0.0,0,65,5,239.2,8.0,39.53,18981.2,11.7,21.2,0.211,0.2,0.1,5.0,1.8,454,9679.3,10012.8,10677.0,0,93.0,0.87,0,1.9,99.6,0,9547.2,133.06,0.0,Active,0,1,0,84.0,9
MOIL-09,Tirodi,Madhya Pradesh,Balaghat,2021-02-01,2021,2,10874.7,10428.0,-446.7,95.89,10,9,9.0,42.3,1,9,9,0.0,0,65,5,239.2,8.0,38.03,18417.2,15.4,24.5,0.2,0.1,0.0,4.3,1.9,437,10584.0,10230.4,10874.7,0,446.7,4.11,0,4.52,103.3,0,10162.0,134.59,0.0,Active,0,1,0,83.2,10
MOIL-09,Tirodi,Madhya Pradesh,Balaghat,2021-03-01,2021,3,10874.7,10906.5,31.8,100.29,10,9,8.2,46.1,2,9,9,0.0,0,65,5,239.2,8.0,39.81,17528.9,17.5,30.4,0.195,0.3,0.2,5.0,1.9,429,10428.0,10639.5,10874.7,1,0.0,0.0,0,4.06,96.6,0,10894.0,139.34,0.0,Active,0,1,0,85.3,10
MOIL-09,Tirodi,Madhya Pradesh,Balaghat,2021-04-01,2021,4,10380.4,10048.3,-332.1,96.8,10,10,25.2,45.3,3,8,8,0.0,0,65,5,239.2,8.0,38.78,20967.6,7.8,33.0,0.18,0.1,0.0,5.0,1.6,427,10906.5,10460.9,10380.4,0,332.1,3.2,0,3.67,104.2,0,10062.6,136.33,16.1,Active,0,1,0,86.0,10
MOIL-09,Tirodi,Madhya Pradesh,Balaghat,2021-05-01,2021,5,9886.1,9740.0,-146.1,98.52,10,9,1.0,43.6,0,6,6,0.0,0,65,5,239.2,8.0,37.65,20780.9,15.3,38.6,0.187,0.2,0.1,5.2,2.1,442,10048.3,10231.6,9886.1,0,146.1,1.48,0,5.64,109.3,0,9907.7,138.73,141.3,Active,0,1,0,84.0,10
MOIL-09,Tirodi,Madhya Pradesh,Balaghat,2021-06-01,2021,6,8403.2,7721.1,-682.1,91.88,10,8,14.3,44.5,1,7,6,2.6,1,65,4,232.0,8.0,39.86,13999.7,150.0,32.4,0.526,2.3,0.9,5.6,4.1,432,9740.0,9169.8,8403.2,0,682.1,8.12,1,6.73,86.5,0,7257.5,136.55,0.0,Active,0,1,1,64.1,7
MOIL-09,Tirodi,Madhya Pradesh,Balaghat,2021-07-01,2021,7,7414.6,6415.8,-998.8,86.53,10,7,33.7,42.3,2,9,6,6.5,3,65,4,224.8,8.0,39.29,12755.3,278.9,28.4,0.55,3.0,1.5,7.4,12.9,427,7721.1,7959.0,7414.6,0,998.8,13.47,1,10.14,70.9,0,7124.8,143.68,569.0,Active,0,1,1,50.2,5
MOIL-09,Tirodi,Madhya Pradesh,Balaghat,2021-08-01,2021,8,7711.2,6515.7,-1195.5,84.5,10,7,45.2,47.6,4,9,8,2.6,1,65,4,226.4,8.0,39.82,13368.4,248.0,27.2,0.55,3.4,1.1,9.7,7.2,444,6415.8,6884.2,7711.2,0,1195.5,15.5,1,8.67,49.8,0,6120.8,139.56,0.0,Active,0,1,1,44.4,8
MOIL-09,Tirodi,Madhya Pradesh,Balaghat,2021-09-01,2021,9,8699.8,8062.6,-637.2,92.68,10,7,56.4,41.2,7,6,6,0.0,0,65,4,229.6,8.0,38.09,16336.9,190.5,27.8,0.55,0.7,0.4,5.6,5.5,425,6515.7,6998.0,8699.8,0,637.2,7.32,1,6.76,71.3,0,8721.2,135.83,433.5,Active,0,1,1,56.1,8
MOIL-09,Tirodi,Madhya Pradesh,Balaghat,2021-10-01,2021,10,10083.8,9893.1,-190.7,98.11,10,9,2.7,39.9,0,8,8,0.0,0,65,5,237.6,8.0,38.51,19415.9,40.0,28.4,0.237,0.2,0.1,3.0,2.7,440,8062.6,8157.1,10083.8,0,190.7,1.89,0,4.85,102.3,0,9822.0,132.98,0.0,Active,0,1,0,81.2,9
MOIL-09,Tirodi,Madhya Pradesh,Balaghat,2021-11-01,2021,11,10874.7,10935.0,60.3,100.55,10,9,8.7,45.0,1,7,7,0.0,0,65,5,239.2,8.0,39.28,20124.8,12.6,23.1,0.181,0.2,0.1,2.7,2.0,440,9893.1,9630.2,10874.7,1,0.0,0.0,0,2.54,88.8,0,10299.7,136.66,0.0,Active,0,1,0,78.3,9
MOIL-09,Tirodi,Madhya Pradesh,Balaghat,2021-12-01,2021,12,10775.9,10362.5,-413.4,96.16,10,10,8.2,45.5,1,7,7,0.0,0,65,5,240.0,8.0,39.89,18460.4,5.0,21.0,0.171,0.1,0.0,4.6,1.6,426,10935.0,10396.9,10775.9,0,413.4,3.84,0,5.84,106.5,0,10496.1,134.3,128.7,Active,0,1,0,85.5,10
MOIL-09,Tirodi,Madhya Pradesh,Balaghat,2022-01-01,2022,1,11912.1,11230.9,-681.2,94.28,10,10,10.6,40.9,3,9,9,0.0,0,65,5,239.2,8.0,40.03,23756.5,12.8,21.3,0.18,0.2,0.1,3.3,1.9,426,10362.5,10842.8,11912.1,0,681.2,5.72,1,4.56,99.6,0,12247.4,140.61,1108.2,Active,0,1,0,83.1,11
MOIL-09,Tirodi,Madhya Pradesh,Balaghat,2022-02-01,2022,2,12132.7,12033.8,-98.9,99.19,10,10,1.3,46.2,0,9,9,0.0,0,65,5,239.2,8.0,40.78,25860.0,19.1,24.4,0.191,0.2,0.1,3.4,2.0,450,11230.9,11209.1,12132.7,0,98.9,0.82,0,4.53,100.0,0,13243.4,145.13,1320.0,Active,0,1,0,85.9,9
MOIL-09,Tirodi,Madhya Pradesh,Balaghat,2022-03-01,2022,3,12132.7,12179.8,47.1,100.39,10,9,0.9,51.3,0,7,7,0.0,0,65,5,239.2,8.0,38.46,19732.1,14.2,29.7,0.184,0.2,0.1,3.7,2.1,431,12033.8,11814.8,12132.7,1,0.0,0.0,0,4.21,105.8,0,12907.5,140.04,600.5,Active,0,1,0,82.2,11
MOIL-09,Tirodi,Madhya Pradesh,Balaghat,2022-04-01,2022,4,11581.2,11370.1,-211.1,98.18,10,10,0.5,44.9,0,9,9,0.0,0,65,5,239.2,8.0,39.9,18998.9,8.1,34.7,0.175,0.2,0.1,1.5,1.7,432,12179.8,11861.2,11581.2,0,211.1,1.82,0,4.03,95.7,0,11190.3,143.76,0.0,Active,0,1,0,86.7,9
MOIL-09,Tirodi,Madhya Pradesh,Balaghat,2022-05-01,2022,5,11029.7,10778.5,-251.2,97.72,10,10,1.0,46.6,0,9,9,0.0,0,65,5,239.2,8.0,40.04,21172.1,14.8,37.9,0.196,0.2,0.1,4.1,1.9,451,11370.1,11442.8,11029.7,0,251.2,2.28,0,4.9,85.2,0,10554.8,141.73,0.0,Active,0,1,0,79.9,11
MOIL-09,Tirodi,Madhya Pradesh,Balaghat,2022-06-01,2022,6,9375.2,8691.0,-684.2,92.7,10,8,12.8,49.5,0,9,8,2.7,1,65,4,229.6,8.0,38.87,16319.6,192.6,32.2,0.55,1.5,0.9,5.2,9.5,431,10778.5,10279.9,9375.2,0,684.2,7.3,1,8.59,81.4,0,9507.6,140.52,517.8,Active,0,1,1,57.7,8
MOIL-09,Tirodi,Madhya Pradesh,Balaghat,2022-07-01,2022,7,8272.3,6637.3,-1635.0,80.24,10,7,51.8,48.2,4,9,7,10.5,2,65,4,225.6,8.0,40.56,15567.8,263.0,27.5,0.55,2.1,1.2,9.8,12.2,452,8691.0,8702.3,8272.3,0,1635.0,19.76,1,8.89,84.6,0,6493.6,143.14,0.0,Active,0,1,1,46.1,7
MOIL-09,Tirodi,Madhya Pradesh,Balaghat,2022-08-01,2022,8,8603.2,7816.9,-786.3,90.86,10,8,26.5,42.3,2,10,10,0.0,0,65,4,227.2,8.0,39.43,17741.6,237.3,27.3,0.55,3.0,1.8,8.0,9.4,427,6637.3,7715.1,8603.2,0,786.3,9.14,1,7.92,65.4,0,8671.7,138.68,516.7,Under Review,0,0,1,50.6,7
MOIL-09,Tirodi,Madhya Pradesh,Balaghat,2022-09-01,2022,9,9706.1,9168.8,-537.3,94.46,10,8,20.2,51.8,1,10,8,7.0,2,65,4,229.6,8.0,38.62,15611.6,195.4,27.9,0.55,3.2,2.2,7.7,10.4,442,7816.9,7874.3,9706.1,0,537.3,5.54,1,6.24,67.8,0,9611.2,142.65,395.0,Active,0,1,1,55.1,8
MOIL-09,Tirodi,Madhya Pradesh,Balaghat,2022-10-01,2022,10,11250.3,10608.9,-641.4,94.3,10,9,3.0,47.6,0,8,8,0.0,0,65,5,237.6,8.0,40.9,22901.3,45.7,25.7,0.277,0.9,0.4,2.5,3.1,450,9168.8,9198.2,11250.3,0,641.4,5.7,1,4.5,95.6,0,9830.5,140.99,0.0,Active,0,1,0,78.7,10
MOIL-09,Tirodi,Madhya Pradesh,Balaghat,2022-11-01,2022,11,12132.7,11845.6,-287.1,97.63,10,10,8.0,40.1,1,9,9,0.0,0,65,5,239.2,8.0,37.58,19854.6,13.7,22.4,0.187,0.1,0.1,2.0,1.8,431,10608.9,10541.1,12132.7,0,287.1,2.37,0,4.36,89.2,0,12066.3,139.77,241.2,Active,0,1,0,84.5,10
MOIL-09,Tirodi,Madhya Pradesh,Balaghat,2022-12-01,2022,12,12022.4,11778.9,-243.5,97.97,10,10,12.7,48.3,3,6,6,0.0,0,65,5,240.0,8.0,41.87,23021.3,5.0,19.9,0.171,0.0,0.0,1.6,1.7,428,11845.6,11411.1,12022.4,0,243.5,2.03,0,2.96,93.7,0,12980.0,144.01,1294.1,Active,0,1,0,82.4,10
MOIL-09,Tirodi,Madhya Pradesh,Balaghat,2023-01-01,2023,1,12499.9,12335.9,-164.0,98.69,10,9,6.3,45.3,1,10,10,0.0,0,65,5,239.2,8.0,38.41,21204.9,12.9,21.8,0.182,0.0,0.0,1.8,2.0,434,11778.9,11986.8,12499.9,0,164.0,1.31,0,4.61,89.7,0,13663.0,143.3,759.0,Active,0,1,0,84.5,10
MOIL-09,Tirodi,Madhya Pradesh,Balaghat,2023-02-01,2023,2,12731.4,12360.1,-371.3,97.08,10,9,17.0,41.0,2,7,7,0.0,0,65,5,239.2,8.0,38.22,25922.0,12.4,25.0,0.189,0.2,0.1,4.0,2.0,425,12335.9,12158.3,12731.4,0,371.3,2.92,0,5.25,96.8,0,12261.8,142.48,0.0,Active,0,1,0,82.2,10
MOIL-09,Tirodi,Madhya Pradesh,Balaghat,2023-03-01,2023,3,12731.4,12856.3,124.9,100.98,10,9,1.1,51.2,0,7,7,0.0,0,65,5,239.2,8.0,37.81,24994.0,16.8,28.3,0.181,0.1,0.0,3.3,1.9,442,12360.1,12517.4,12731.4,1,0.0,0.0,0,3.61,102.3,0,11981.3,146.51,0.0,Active,0,1,0,83.9,11
MOIL-09,Tirodi,Madhya Pradesh,Balaghat,2023-04-01,2023,4,12152.7,11354.5,-798.2,93.43,10,9,6.9,47.6,1,10,10,0.0,0,65,5,239.2,8.0,39.29,25265.7,7.8,34.7,0.172,0.0,0.0,2.6,1.8,445,12856.3,12190.3,12152.7,0,798.2,6.57,1,4.88,116.1,0,11547.0,148.72,163.3,Active,0,1,0,89.2,9
MOIL-09,Tirodi,Madhya Pradesh,Balaghat,2023-05-01,2023,5,11574.0,11704.1,130.1,101.12,10,9,1.0,51.6,0,10,10,0.0,0,65,5,239.2,8.0,39.28,22590.9,15.5,37.5,0.176,0.1,0.0,4.8,1.9,429,11354.5,11971.6,11574.0,1,0.0,0.0,0,5.19,85.4,0,12341.2,148.38,629.8,Active,0,1,0,84.1,9
MOIL-09,Tirodi,Madhya Pradesh,Balaghat,2023-06-01,2023,6,9837.9,9107.4,-730.5,92.57,10,8,14.9,40.6,1,10,9,3.9,1,65,4,232.0,8.0,38.81,18078.4,148.7,30.9,0.54,1.7,0.9,6.8,8.1,430,11704.1,10722.0,9837.9,0,730.5,7.43,1,6.75,70.4,0,8530.0,145.04,0.0,Active,0,1,1,68.4,8
MOIL-09,Tirodi,Madhya Pradesh,Balaghat,2023-07-01,2023,7,8680.5,8031.3,-649.2,92.52,10,7,27.4,40.4,2,10,10,0.0,0,65,3,224.0,8.0,37.34,15606.5,332.7,26.3,0.55,2.2,1.1,10.1,8.2,442,9107.4,9614.3,8680.5,0,649.2,7.48,1,9.5,67.0,0,7658.0,152.95,0.0,Active,0,1,1,40.4,7
MOIL-09,Tirodi,Madhya Pradesh,Balaghat,2023-08-01,2023,8,9027.7,8251.8,-775.9,91.41,10,7,37.2,45.7,3,8,8,0.0,0,65,4,227.2,8.0,39.91,17221.7,243.3,26.4,0.55,4.3,2.7,7.9,12.1,434,8031.3,8463.5,9027.7,0,775.9,8.59,1,7.0,84.1,0,8015.3,144.96,0.0,Active,0,1,1,54.1,8
MOIL-09,Tirodi,Madhya Pradesh,Balaghat,2023-09-01,2023,9,10185.1,9563.8,-621.3,93.9,10,7,28.8,51.0,2,10,10,0.0,0,65,4,230.4,8.0,36.78,21209.6,175.5,27.8,0.55,1.1,0.7,5.4,7.2,451,8251.8,8615.6,10185.1,0,621.3,6.1,1,7.01,73.1,0,9767.1,147.77,213.8,Active,0,1,1,55.9,7
MOIL-09,Tirodi,Madhya Pradesh,Balaghat,2023-10-01,2023,10,11805.4,11095.1,-710.3,93.98,10,9,9.4,46.8,1,10,9,2.2,1,65,5,237.6,8.0,40.09,23167.1,42.5,27.0,0.264,0.6,0.2,3.1,2.4,428,9563.8,9636.9,11805.4,0,710.3,6.02,1,5.14,98.3,0,11370.9,144.33,305.7,Active,0,1,0,81.2,8
MOIL-09,Tirodi,Madhya Pradesh,Balaghat,2023-11-01,2023,11,12731.4,12463.5,-267.9,97.9,10,9,1.0,41.8,0,9,9,0.0,0,65,5,239.2,8.0,39.37,26806.5,15.4,23.9,0.189,0.2,0.1,3.7,1.8,435,11095.1,11040.8,12731.4,0,267.9,2.1,0,4.24,102.9,0,12705.8,150.13,159.5,Active,0,1,0,84.5,10
MOIL-09,Tirodi,Madhya Pradesh,Balaghat,2023-12-01,2023,12,12615.6,12475.8,-139.8,98.89,10,10,6.9,43.3,1,8,8,0.0,0,65,5,240.0,8.0,39.86,21430.2,4.8,20.5,0.158,0.1,0.0,1.7,1.6,454,12463.5,12011.5,12615.6,0,139.8,1.11,0,2.85,110.9,0,11542.9,147.03,0.0,Active,0,1,0,84.3,9
MOIL-09,Tirodi,Madhya Pradesh,Balaghat,2024-01-01,2024,1,13277.3,13572.0,294.7,102.22,10,10,1.0,47.9,0,9,9,0.0,0,65,5,239.2,8.0,41.88,27720.0,15.3,21.4,0.186,0.2,0.1,1.6,1.8,450,12475.8,12837.1,13277.3,1,0.0,0.0,0,3.39,106.1,0,14227.8,154.72,433.9,Active,0,1,0,84.4,11
MOIL-09,Tirodi,Madhya Pradesh,Balaghat,2024-02-01,2024,2,13523.2,12970.2,-553.0,95.91,10,9,12.3,43.9,2,7,7,0.0,0,65,5,239.2,8.0,40.97,22345.4,16.9,23.9,0.199,0.2,0.1,3.4,2.2,449,13572.0,13006.0,13523.2,0,553.0,4.09,0,4.52,94.3,0,14806.3,150.74,1590.0,Active,0,1,0,81.1,9
MOIL-09,Tirodi,Madhya Pradesh,Balaghat,2024-03-01,2024,3,13523.2,13040.1,-483.1,96.43,10,9,11.9,41.5,2,9,9,0.0,0,65,5,239.2,8.0,38.22,23631.2,13.0,30.0,0.182,0.2,0.1,4.4,1.8,430,12970.2,13194.1,13523.2,0,483.1,3.57,0,3.56,103.0,0,14278.0,151.77,1417.3,Active,0,1,0,83.7,10
MOIL-09,Tirodi,Madhya Pradesh,Balaghat,2024-04-01,2024,4,12908.5,12242.8,-665.7,94.84,10,9,17.2,49.5,3,8,8,0.0,0,65,5,239.2,8.0,39.72,27873.5,10.8,35.2,0.155,0.2,0.1,3.8,1.7,446,13040.1,12751.0,12908.5,0,665.7,5.16,1,4.08,97.5,0,11652.8,151.31,0.0,Active,0,1,0,78.0,11
MOIL-09,Tirodi,Madhya Pradesh,Balaghat,2024-05-01,2024,5,12293.8,12160.8,-133.0,98.92,10,9,7.4,51.6,2,8,8,0.0,0,65,5,239.2,8.0,39.0,24319.0,12.3,38.8,0.176,0.1,0.0,1.4,1.8,432,12242.8,12481.2,12293.8,0,133.0,1.08,0,3.46,111.1,0,13743.9,150.31,1667.5,Active,0,1,0,81.8,9
MOIL-09,Tirodi,Madhya Pradesh,Balaghat,2024-06-01,2024,6,10449.8,9753.8,-696.0,93.34,10,8,12.3,43.7,0,7,6,3.3,1,65,4,230.4,8.0,38.14,19984.7,184.3,32.9,0.55,1.0,0.4,7.8,5.3,430,12160.8,11385.8,10449.8,0,696.0,6.66,1,7.59,77.0,0,10722.7,146.14,579.2,Active,0,1,1,54.4,7
MOIL-09,Tirodi,Madhya Pradesh,Balaghat,2024-07-01,2024,7,9220.4,8276.9,-943.5,89.77,10,6,35.1,45.4,5,9,9,0.0,0,65,4,226.4,8.0,38.98,15578.3,255.0,26.3,0.55,3.3,1.9,6.3,5.8,426,9753.8,10063.8,9220.4,0,943.5,10.23,1,8.66,56.4,0,8505.1,149.9,149.8,Active,0,1,1,48.9,6
MOIL-09,Tirodi,Madhya Pradesh,Balaghat,2024-08-01,2024,8,9589.2,8244.7,-1344.5,85.98,10,7,21.4,49.4,1,7,4,14.3,3,65,4,228.8,8.0,38.18,18283.8,208.3,28.2,0.55,3.8,2.4,8.4,5.5,440,8276.9,8758.5,9589.2,0,1344.5,14.02,1,7.43,73.5,0,9222.3,143.46,676.7,Active,0,1,1,57.0,6
MOIL-09,Tirodi,Madhya Pradesh,Balaghat,2024-09-01,2024,9,10818.6,9783.4,-1035.2,90.43,10,7,36.5,44.1,3,9,9,0.0,0,65,4,230.4,8.0,37.1,17550.9,181.6,27.0,0.55,3.5,1.1,8.3,6.6,440,8244.7,8768.3,10818.6,0,1035.2,9.57,1,6.67,83.8,0,10340.6,141.77,419.9,Active,0,1,1,66.3,8
MOIL-09,Tirodi,Madhya Pradesh,Balaghat,2024-10-01,2024,10,12539.7,12540.6,0.9,100.01,10,9,10.5,47.7,1,7,7,0.0,0,65,5,236.8,8.0,39.18,23490.0,57.4,27.1,0.285,0.4,0.2,2.6,3.5,454,9783.4,10189.6,12539.7,1,0.0,0.0,0,6.61,84.0,0,12421.9,146.94,0.0,Active,0,1,0,78.7,8
MOIL-09,Tirodi,Madhya Pradesh,Balaghat,2024-11-01,2024,11,13523.2,13224.6,-298.6,97.79,10,10,7.8,39.3,1,8,8,0.0,0,65,5,239.2,8.0,39.46,25789.2,11.8,22.0,0.177,0.1,0.0,3.0,1.7,449,12540.6,11849.5,13523.2,0,298.6,2.21,0,5.21,116.8,0,13104.9,154.39,0.0,Active,0,1,0,81.0,9
MOIL-09,Tirodi,Madhya Pradesh,Balaghat,2024-12-01,2024,12,13400.3,13253.0,-147.3,98.9,10,9,9.1,41.3,1,10,10,0.0,0,65,5,240.0,8.0,38.75,27816.1,5.5,20.8,0.168,0.1,0.1,3.9,1.7,451,13224.6,13006.1,13400.3,0,147.3,1.1,0,3.99,85.4,0,12365.1,144.63,0.0,Active,0,1,0,81.7,11
MOIL-09,Tirodi,Madhya Pradesh,Balaghat,2025-01-01,2025,1,13870.9,14107.8,236.9,101.71,10,9,0.7,41.3,0,6,6,0.0,0,65,5,239.2,8.0,38.96,28745.2,10.5,22.6,0.184,0.2,0.1,1.3,1.8,436,13253.0,13528.5,13870.9,1,0.0,0.0,0,2.84,105.6,0,15014.6,154.57,570.7,Active,0,1,0,83.8,11
MOIL-09,Tirodi,Madhya Pradesh,Balaghat,2025-02-01,2025,2,14127.7,13467.0,-660.7,95.32,10,10,11.4,41.3,2,9,8,2.5,1,65,5,239.2,8.0,36.74,29196.5,17.1,25.5,0.181,0.1,0.0,4.1,1.8,428,14107.8,13609.3,14127.7,0,660.7,4.68,0,4.32,91.1,0,13128.3,150.49,0.0,Active,0,1,0,85.2,9
MOIL-09,Tirodi,Madhya Pradesh,Balaghat,2025-03-01,2025,3,14127.7,14146.4,18.7,100.13,10,10,5.6,46.1,1,6,6,0.0,0,65,5,239.2,8.0,37.75,29413.4,16.2,28.8,0.192,0.2,0.1,2.6,1.8,443,13467.0,13907.1,14127.7,1,0.0,0.0,0,3.78,95.1,0,15158.6,158.88,735.5,Active,0,1,0,82.5,9
MOIL-09,Tirodi,Madhya Pradesh,Balaghat,2025-04-01,2025,4,13485.6,12506.7,-978.9,92.74,10,10,31.9,48.3,4,8,8,0.0,0,65,5,239.2,8.0,38.61,24151.7,9.5,34.4,0.182,0.1,0.0,1.6,1.9,436,14146.4,13373.4,13485.6,0,978.9,7.26,1,4.32,101.3,0,12907.2,158.56,228.4,Active,0,1,0,80.1,9
MOIL-09,Tirodi,Madhya Pradesh,Balaghat,2025-05-01,2025,5,12843.4,12823.4,-20.0,99.84,10,10,0.9,43.1,0,9,9,0.0,0,65,5,239.2,8.0,36.48,23958.9,13.6,38.2,0.18,0.2,0.1,2.9,2.0,452,12506.7,13158.8,12843.4,0,20.0,0.16,0,3.39,107.1,0,12711.4,153.32,0.0,Active,0,1,0,83.0,9
MOIL-09,Tirodi,Madhya Pradesh,Balaghat,2025-06-01,2025,6,10916.9,9718.4,-1198.5,89.02,10,7,39.9,50.4,3,8,7,3.5,1,65,4,228.8,8.0,38.58,23178.0,203.9,32.8,0.55,4.0,2.7,5.7,4.4,452,12823.4,11682.8,10916.9,0,1198.5,10.98,1,6.48,60.3,0,10018.7,158.1,161.8,Active,0,1,1,53.7,7
MOIL-09,Tirodi,Madhya Pradesh,Balaghat,2025-07-01,2025,7,9632.5,8484.6,-1147.9,88.08,10,7,33.3,51.1,3,8,6,7.7,2,65,4,227.2,8.0,38.96,20486.9,243.6,27.0,0.55,2.9,1.0,7.5,10.0,429,9718.4,10342.1,9632.5,0,1147.9,11.92,1,9.55,63.9,0,9354.1,154.11,779.0,Active,0,1,1,48.4,7
MOIL-09,Tirodi,Madhya Pradesh,Balaghat,2025-08-01,2025,8,10017.8,8787.9,-1229.9,87.72,10,6,26.6,50.1,2,10,8,6.6,2,65,4,224.8,8.0,36.68,20114.0,284.7,26.4,0.55,5.5,2.0,8.3,11.4,444,8484.6,8997.0,10017.8,0,1229.9,12.28,1,8.95,60.5,0,9239.8,157.52,240.6,Active,0,1,1,47.5,7
MOIL-09,Tirodi,Madhya Pradesh,Balaghat,2025-09-01,2025,9,11302.2,10135.9,-1166.3,89.68,10,8,46.4,49.5,4,7,7,0.0,0,65,4,230.4,8.0,40.8,23607.6,177.3,28.3,0.55,2.1,0.7,6.8,7.4,450,8787.9,9136.1,11302.2,0,1166.3,10.32,1,7.12,71.6,0,11098.3,156.11,1086.0,Active,1,1,1,60.3,9
MOIL-09,Tirodi,Madhya Pradesh,Balaghat,2025-10-01,2025,10,13100.3,12430.7,-669.6,94.89,10,9,3.5,41.8,0,8,7,4.0,1,65,5,236.8,8.0,39.14,28013.7,53.1,27.9,0.281,1.0,0.5,3.4,3.9,435,10135.9,10451.5,13100.3,0,669.6,5.11,1,4.38,94.5,0,11851.7,153.65,0.0,Active,0,1,0,75.4,9
MOIL-09,Tirodi,Madhya Pradesh,Balaghat,2025-11-01,2025,11,14127.7,13752.7,-375.0,97.35,10,10,10.9,45.2,3,7,7,0.0,0,65,5,239.2,8.0,39.7,25178.4,16.9,23.7,0.208,0.3,0.1,2.7,2.1,432,12430.7,12106.4,14127.7,0,375.0,2.65,0,4.42,89.0,0,14031.5,151.4,227.4,Active,0,1,0,82.0,9
MOIL-09,Tirodi,Madhya Pradesh,Balaghat,2025-12-01,2025,12,13999.3,13549.6,-449.7,96.79,10,9,6.6,39.8,1,6,6,0.0,0,65,5,240.0,8.0,39.14,27932.7,4.3,19.8,0.151,0.0,0.0,5.0,1.6,435,13752.7,13244.3,13999.3,0,449.7,3.21,0,2.49,103.2,0,15337.4,156.61,2092.1,Active,0,1,0,87.4,11
MOIL-10,Ukwa,Madhya Pradesh,Balaghat,2015-01-01,2015,1,11532.2,11034.4,-497.8,95.68,11,11,0.8,45.9,0,16,16,0.0,0,220,5,239.2,8.0,39.64,22209.6,12.5,21.4,0.164,2.1,0.8,3.2,0.5,492,11034.4,11034.4,11532.2,0,497.8,4.32,0,3.52,97.1,0,11254.3,100.08,261.7,Active,0,1,0,83.4,10
MOIL-10,Ukwa,Madhya Pradesh,Balaghat,2015-02-01,2015,2,11745.8,11188.1,-557.7,95.25,11,10,19.2,52.0,3,17,17,0.0,0,220,5,239.2,8.0,38.94,19472.1,18.3,24.2,0.192,2.2,1.4,4.1,0.5,479,11034.4,11111.2,11745.8,0,557.7,4.75,0,5.49,105.9,0,11598.4,97.6,320.8,Active,0,1,0,80.4,9
MOIL-10,Ukwa,Madhya Pradesh,Balaghat,2015-03-01,2015,3,11745.8,11807.2,61.4,100.52,11,11,7.7,48.7,1,13,13,0.0,0,220,5,239.2,8.0,38.75,21252.4,14.9,29.7,0.191,2.3,0.9,3.5,0.3,484,11188.1,11343.2,11745.8,1,0.0,0.0,0,2.27,111.7,0,12286.6,104.72,316.5,Active,0,1,0,82.9,11
MOIL-10,Ukwa,Madhya Pradesh,Balaghat,2015-04-01,2015,4,11211.9,10632.1,-579.8,94.83,11,10,0.5,53.9,0,15,15,0.0,0,220,5,239.2,8.0,40.17,23009.6,8.2,35.8,0.169,2.0,1.3,3.9,0.3,482,11807.2,11209.1,11211.9,0,579.8,5.17,1,5.52,92.5,0,9094.2,103.54,0.0,Active,0,1,0,86.9,9
MOIL-10,Ukwa,Madhya Pradesh,Balaghat,2015-05-01,2015,5,10678.0,10000.2,-677.8,93.65,11,10,9.8,53.3,2,17,17,0.0,0,220,5,239.2,8.0,39.46,20185.4,17.4,37.6,0.18,2.2,1.2,2.8,0.6,479,10632.1,10813.2,10678.0,0,677.8,6.35,1,4.79,83.0,0,9692.1,107.43,0.0,Active,0,1,0,78.2,10
MOIL-10,Ukwa,Madhya Pradesh,Balaghat,2015-06-01,2015,6,9076.3,8333.7,-742.6,91.82,11,10,20.1,47.0,2,15,15,0.0,0,220,4,230.4,8.0,40.33,14759.8,183.3,31.5,0.55,4.9,2.9,6.7,6.2,493,10000.2,9655.3,9076.3,0,742.6,8.18,1,5.77,80.0,0,7878.6,101.44,0.0,Active,0,1,1,61.5,8
MOIL-10,Ukwa,Madhya Pradesh,Balaghat,2015-07-01,2015,7,8008.5,7130.5,-878.0,89.04,11,8,30.4,47.0,3,16,15,4.0,1,220,3,224.0,8.0,38.13,16141.9,334.8,27.8,0.55,6.4,2.9,8.3,6.0,477,8333.7,8488.1,8008.5,0,878.0,10.96,1,9.8,61.4,0,7316.0,104.72,180.7,Active,0,1,1,46.3,7
MOIL-10,Ukwa,Madhya Pradesh,Balaghat,2015-08-01,2015,8,8328.8,7159.5,-1169.3,85.96,11,8,34.7,44.4,3,15,15,0.0,0,220,4,226.4,8.0,39.28,18007.5,251.9,26.8,0.55,6.6,2.6,7.4,10.8,497,7130.5,7541.2,8328.8,0,1169.3,14.04,1,8.47,70.7,0,6981.3,95.62,0.0,Active,0,1,1,47.1,8
MOIL-10,Ukwa,Madhya Pradesh,Balaghat,2015-09-01,2015,9,9396.6,8199.2,-1197.4,87.26,11,9,37.5,46.4,4,16,14,6.8,2,220,4,229.6,8.0,38.88,20407.6,193.1,26.8,0.55,4.6,2.2,8.6,8.7,503,7159.5,7496.4,9396.6,0,1197.4,12.74,1,5.54,69.9,0,7652.6,96.73,0.0,Active,0,1,1,62.2,6
MOIL-10,Ukwa,Madhya Pradesh,Balaghat,2015-10-01,2015,10,10891.5,10275.1,-616.4,94.34,11,11,9.8,43.6,1,16,16,0.0,0,220,5,236.8,8.0,40.63,22117.4,55.7,26.7,0.292,2.3,1.3,3.3,1.0,493,8199.2,8544.6,10891.5,0,616.4,5.66,1,4.13,99.7,0,9409.5,98.86,0.0,Active,0,1,0,75.5,10
MOIL-10,Ukwa,Madhya Pradesh,Balaghat,2015-11-01,2015,11,11745.8,11328.1,-417.7,96.44,11,11,1.1,50.1,0,13,13,0.0,0,220,5,239.2,8.0,38.5,21555.9,16.0,23.7,0.183,2.2,0.7,5.2,0.3,480,10275.1,9934.1,11745.8,0,417.7,3.56,0,5.08,95.3,0,10676.4,102.26,0.0,Active,0,1,0,80.5,10
MOIL-10,Ukwa,Madhya Pradesh,Balaghat,2015-12-01,2015,12,11639.0,11042.0,-597.0,94.87,11,11,3.9,50.3,1,17,17,0.0,0,220,5,240.0,8.0,39.95,21721.7,4.3,20.4,0.177,2.1,1.0,4.1,0.2,487,11328.1,10881.7,11639.0,0,597.0,5.13,1,4.03,104.0,0,11080.1,102.51,32.4,Active,0,1,0,84.9,10
MOIL-10,Ukwa,Madhya Pradesh,Balaghat,2016-01-01,2016,1,11909.1,11880.0,-29.1,99.76,11,10,7.3,50.2,1,14,14,0.0,0,220,5,239.2,8.0,37.86,19354.3,13.5,20.2,0.182,2.1,0.8,4.9,0.6,502,11042.0,11416.7,11909.1,0,29.1,0.24,0,3.81,90.6,0,12548.4,103.79,779.0,Active,0,1,0,87.7,10
MOIL-10,Ukwa,Madhya Pradesh,Balaghat,2016-02-01,2016,2,12129.7,11734.1,-395.6,96.74,11,10,16.7,44.6,4,13,13,0.0,0,220,5,239.2,8.0,39.01,24101.6,19.8,24.4,0.182,2.1,1.3,4.8,0.7,499,11880.0,11552.0,12129.7,0,395.6,3.26,0,4.22,90.8,0,10219.3,101.06,0.0,Active,0,1,0,83.1,10
MOIL-10,Ukwa,Madhya Pradesh,Balaghat,2016-03-01,2016,3,12129.7,11306.7,-823.0,93.22,11,11,1.0,53.7,0,15,15,0.0,0,220,5,239.2,8.0,40.17,19670.4,15.7,30.0,0.2,2.1,0.6,5.2,0.3,498,11734.1,11640.3,12129.7,0,823.0,6.78,1,5.72,108.0,0,9878.3,104.77,0.0,Active,0,1,0,83.8,9
MOIL-10,Ukwa,Madhya Pradesh,Balaghat,2016-04-01,2016,4,11578.3,11430.4,-147.9,98.72,11,11,3.6,51.4,1,16,16,0.0,0,220,5,239.2,8.0,38.64,21278.3,8.7,34.1,0.168,2.1,1.4,3.8,0.3,504,11306.7,11490.4,11578.3,0,147.9,1.28,0,4.68,99.1,0,11069.2,106.07,0.0,Active,0,1,0,84.9,10
MOIL-10,Ukwa,Madhya Pradesh,Balaghat,2016-05-01,2016,5,11027.0,10744.6,-282.4,97.44,11,11,8.3,46.9,1,15,15,0.0,0,220,5,239.2,8.0,39.4,23205.6,17.9,37.5,0.18,2.3,1.1,5.2,0.6,506,11430.4,11160.6,11027.0,0,282.4,2.56,0,4.4,104.7,0,10292.9,106.84,0.0,Active,0,1,0,79.0,11
MOIL-10,Ukwa,Madhya Pradesh,Balaghat,2016-06-01,2016,6,9372.9,8214.8,-1158.1,87.64,11,10,34.9,51.5,3,14,13,3.8,1,220,4,229.6,8.0,39.15,18793.7,192.8,31.7,0.55,4.0,2.5,6.6,8.2,483,10744.6,10129.9,9372.9,0,1158.1,12.36,1,7.37,84.8,0,8054.8,98.65,0.0,Active,0,1,1,62.5,6
MOIL-10,Ukwa,Madhya Pradesh,Balaghat,2016-07-01,2016,7,8270.2,7491.6,-778.6,90.59,11,9,28.9,52.5,3,14,13,5.0,1,220,4,226.4,8.0,38.59,13974.8,259.1,27.2,0.55,4.1,1.7,7.0,7.1,494,8214.8,8817.0,8270.2,0,778.6,9.41,1,9.01,68.3,0,6844.6,98.28,0.0,Active,0,1,1,47.6,7
MOIL-10,Ukwa,Madhya Pradesh,Balaghat,2016-08-01,2016,8,8601.0,7520.7,-1080.3,87.44,11,8,44.5,48.6,3,17,14,13.7,3,220,4,225.6,8.0,38.62,18737.4,275.1,26.8,0.55,6.9,2.7,8.8,7.3,481,7491.6,7742.4,8601.0,0,1080.3,12.56,1,9.89,54.4,0,6771.1,106.65,0.0,Active,0,1,1,44.9,6
MOIL-10,Ukwa,Madhya Pradesh,Balaghat,2016-09-01,2016,9,9703.7,8731.7,-972.0,89.98,11,10,38.6,50.0,4,17,17,0.0,0,220,4,228.8,8.0,39.24,20092.2,208.5,27.7,0.55,6.0,2.2,6.2,8.3,505,7520.7,7914.7,9703.7,0,972.0,10.02,1,6.74,69.0,0,7777.1,106.44,0.0,Active,0,1,1,53.9,8
MOIL-10,Ukwa,Madhya Pradesh,Balaghat,2016-10-01,2016,10,11247.5,10710.2,-537.3,95.22,11,10,18.7,45.0,2,15,15,0.0,0,220,5,237.6,8.0,38.46,24722.5,47.6,27.4,0.295,2.6,1.3,5.6,0.8,497,8731.7,8987.5,11247.5,0,537.3,4.78,0,3.55,99.7,0,10531.8,105.15,0.0,Active,0,1,0,81.8,9
MOIL-10,Ukwa,Madhya Pradesh,Balaghat,2016-11-01,2016,11,12129.7,11128.2,-1001.5,91.74,11,11,18.5,45.7,2,15,14,5.9,1,220,5,239.2,8.0,39.32,21068.0,13.6,23.7,0.185,2.1,1.2,2.1,0.4,496,10710.2,10190.0,12129.7,0,1001.5,8.26,1,4.05,112.3,0,10569.9,106.83,0.0,Active,0,1,0,83.9,10
MOIL-10,Ukwa,Madhya Pradesh,Balaghat,2016-12-01,2016,12,12019.4,11267.8,-751.6,93.75,11,10,31.4,50.2,4,14,14,0.0,0,220,5,240.0,8.0,39.13,21588.1,5.0,19.6,0.139,2.0,1.3,4.9,0.1,492,11128.2,11035.4,12019.4,0,751.6,6.25,1,2.99,108.5,0,11572.9,104.96,357.2,Active,0,1,0,83.9,11
MOIL-10,Ukwa,Madhya Pradesh,Balaghat,2017-01-01,2017,1,12399.4,11990.0,-409.4,96.7,11,10,0.7,46.9,0,14,14,0.0,0,220,5,239.2,8.0,42.35,24879.5,10.3,21.0,0.178,2.1,1.0,4.8,0.2,477,11267.8,11462.0,12399.4,0,409.4,3.3,0,3.37,99.3,0,10838.9,107.19,0.0,Active,0,1,0,79.8,10
MOIL-10,Ukwa,Madhya Pradesh,Balaghat,2017-02-01,2017,2,12629.0,11814.2,-814.8,93.55,11,11,17.8,46.9,2,17,17,0.0,0,220,5,239.2,8.0,36.71,21065.2,20.0,24.0,0.211,2.1,0.8,4.4,0.7,501,11990.0,11690.7,12629.0,0,814.8,6.45,1,4.69,83.9,0,11269.9,115.1,0.0,Active,0,1,0,79.9,9
MOIL-10,Ukwa,Madhya Pradesh,Balaghat,2017-03-01,2017,3,12629.0,12256.8,-372.2,97.05,11,11,9.9,51.2,1,13,12,6.0,1,220,5,239.2,8.0,39.16,21971.7,15.0,30.0,0.192,2.1,1.2,5.2,0.4,498,11814.2,12020.3,12629.0,0,372.2,2.95,0,4.13,90.0,0,11729.4,109.13,0.0,Active,0,1,0,77.9,9
MOIL-10,Ukwa,Madhya Pradesh,Balaghat,2017-04-01,2017,4,12055.0,11431.8,-623.2,94.83,11,10,11.1,43.8,2,14,14,0.0,0,220,5,239.2,8.0,37.75,25956.1,9.0,35.1,0.178,2.2,0.7,1.6,0.1,497,12256.8,11834.3,12055.0,0,623.2,5.17,1,3.81,96.7,0,10751.1,103.97,0.0,Active,0,1,0,84.2,9
MOIL-10,Ukwa,Madhya Pradesh,Balaghat,2017-05-01,2017,5,11480.9,11130.3,-350.6,96.95,11,10,1.0,49.6,0,15,15,0.0,0,220,5,239.2,8.0,37.37,21524.7,15.4,38.6,0.204,2.2,0.8,4.4,0.5,481,11431.8,11606.3,11480.9,0,350.6,3.05,0,4.03,96.6,0,11626.3,109.32,368.7,Active,0,1,0,80.1,10
MOIL-10,Ukwa,Madhya Pradesh,Balaghat,2017-06-01,2017,6,9758.8,8980.1,-778.7,92.02,11,10,26.8,45.3,2,17,17,0.0,0,220,4,231.2,8.0,36.95,21039.0,163.2,31.4,0.55,4.0,2.7,7.0,6.8,480,11130.3,10514.1,9758.8,0,778.7,7.98,1,6.65,77.2,0,9292.8,111.12,297.4,Active,0,1,1,64.2,7
MOIL-10,Ukwa,Madhya Pradesh,Balaghat,2017-07-01,2017,7,8610.7,7304.2,-1306.5,84.83,11,8,45.4,46.9,3,13,12,5.7,1,220,3,224.0,8.0,38.77,15412.2,309.9,27.4,0.55,7.9,2.9,8.5,8.6,487,8980.1,9138.2,8610.7,0,1306.5,15.17,1,9.28,48.4,0,7011.8,106.62,0.0,Active,0,1,1,48.8,6
MOIL-10,Ukwa,Madhya Pradesh,Balaghat,2017-08-01,2017,8,8955.1,7810.2,-1144.9,87.21,11,9,24.2,46.4,1,14,12,11.4,2,220,4,227.2,8.0,37.49,15535.6,236.3,27.6,0.55,5.0,3.1,8.6,10.6,497,7304.2,8031.5,8955.1,0,1144.9,12.78,1,7.18,76.0,0,7245.0,110.82,0.0,Active,0,1,1,52.1,8
MOIL-10,Ukwa,Madhya Pradesh,Balaghat,2017-09-01,2017,9,10103.2,9436.6,-666.6,93.4,11,9,18.8,46.4,1,13,13,0.0,0,220,4,231.2,8.0,40.52,17274.8,168.6,27.5,0.55,3.7,1.1,8.2,6.9,494,7810.2,8183.7,10103.2,0,666.6,6.6,1,8.23,85.7,0,9506.6,109.35,73.7,Active,0,1,1,58.7,8
MOIL-10,Ukwa,Madhya Pradesh,Balaghat,2017-10-01,2017,10,11710.6,11056.3,-654.3,94.41,11,10,26.6,53.0,3,16,16,0.0,0,220,5,236.8,8.0,40.12,18965.0,54.6,26.3,0.29,2.3,1.5,6.0,2.3,484,9436.6,9434.4,11710.6,0,654.3,5.59,1,5.12,70.1,0,10363.2,108.63,0.0,Active,0,1,0,78.3,10
MOIL-10,Ukwa,Madhya Pradesh,Balaghat,2017-11-01,2017,11,12629.0,12749.9,120.9,100.96,11,11,5.2,50.3,1,16,16,0.0,0,220,5,239.2,8.0,39.67,25844.9,15.5,23.4,0.171,2.3,1.1,1.5,0.4,495,11056.3,11080.9,12629.0,1,0.0,0.0,0,3.82,86.2,0,11455.9,111.74,0.0,Active,0,1,0,85.1,11
MOIL-10,Ukwa,Madhya Pradesh,Balaghat,2017-12-01,2017,12,12514.2,12274.7,-239.5,98.09,11,10,13.9,45.1,2,13,13,0.0,0,220,5,240.0,8.0,39.95,25590.7,4.9,20.8,0.167,2.1,0.9,4.2,0.1,482,12749.9,12027.0,12514.2,0,239.5,1.91,0,3.45,101.8,0,11625.3,107.88,0.0,Active,0,1,0,83.4,10
MOIL-10,Ukwa,Madhya Pradesh,Balaghat,2018-01-01,2018,1,13115.5,12882.7,-232.8,98.22,11,10,0.9,52.6,0,15,15,0.0,0,220,5,239.2,8.0,39.29,26763.1,13.6,22.3,0.195,2.1,1.4,4.5,0.6,489,12274.7,12635.8,13115.5,0,232.8,1.77,0,3.29,94.7,0,13206.8,114.46,189.8,Active,0,1,0,83.7,11
MOIL-10,Ukwa,Madhya Pradesh,Balaghat,2018-02-01,2018,2,13358.4,12655.6,-702.8,94.74,11,11,7.7,42.5,1,13,13,0.0,0,220,5,239.2,8.0,38.84,29193.0,20.5,24.2,0.207,2.2,1.0,4.7,0.8,483,12882.7,12604.3,13358.4,0,702.8,5.26,1,5.62,81.9,0,13570.8,118.28,953.0,Active,0,1,0,83.0,9
MOIL-10,Ukwa,Madhya Pradesh,Balaghat,2018-03-01,2018,3,13358.4,12815.8,-542.6,95.94,11,10,0.9,45.5,0,15,15,0.0,0,220,5,239.2,8.0,35.71,27490.0,13.2,29.2,0.163,2.2,0.9,2.2,0.2,499,12655.6,12784.7,13358.4,0,542.6,4.06,0,4.85,102.1,0,12090.5,113.22,0.0,Active,0,1,0,78.0,9
MOIL-10,Ukwa,Madhya Pradesh,Balaghat,2018-04-01,2018,4,12751.2,12434.0,-317.2,97.51,11,11,0.7,44.5,0,16,16,0.0,0,220,5,239.2,8.0,37.83,21568.7,9.8,34.7,0.165,2.1,0.7,4.4,0.4,477,12815.8,12635.1,12751.2,0,317.2,2.49,0,3.61,95.8,0,12233.7,109.86,0.0,Active,0,1,0,81.4,9
MOIL-10,Ukwa,Madhya Pradesh,Balaghat,2018-05-01,2018,5,12144.0,11544.8,-599.2,95.07,11,10,1.2,46.9,0,14,14,0.0,0,220,5,239.2,8.0,37.97,22375.6,17.9,37.6,0.196,2.2,1.0,5.1,0.7,489,12434.0,12264.9,12144.0,0,599.2,4.93,0,4.52,90.4,0,11940.4,111.14,330.8,Active,0,1,0,82.0,10
MOIL-10,Ukwa,Madhya Pradesh,Balaghat,2018-06-01,2018,6,10322.4,9088.3,-1234.1,88.04,11,10,28.2,49.2,2,13,11,7.5,2,220,4,230.4,8.0,39.86,20175.6,185.4,31.5,0.55,5.1,2.5,6.6,7.7,479,11544.8,11022.4,10322.4,0,1234.1,11.96,1,8.65,58.3,0,8776.8,111.43,0.0,Active,0,1,1,58.7,8
MOIL-10,Ukwa,Madhya Pradesh,Balaghat,2018-07-01,2018,7,9108.0,8445.8,-662.2,92.73,11,9,20.0,42.6,0,14,12,6.1,2,220,3,224.0,8.0,38.38,19436.1,348.0,27.7,0.55,6.4,3.1,7.5,11.1,506,9088.3,9693.0,9108.0,0,662.2,7.27,1,8.83,54.0,0,8653.9,111.83,126.6,Active,0,1,1,41.8,6
MOIL-10,Ukwa,Madhya Pradesh,Balaghat,2018-08-01,2018,8,9472.3,8481.2,-991.1,89.54,11,10,35.6,51.9,3,14,14,0.0,0,220,4,228.8,8.0,40.61,17800.2,216.0,26.4,0.55,5.3,1.6,8.2,9.5,501,8445.8,8671.8,9472.3,0,991.1,10.46,1,9.97,76.8,0,8690.7,118.69,115.3,Active,0,1,1,57.2,8
MOIL-10,Ukwa,Madhya Pradesh,Balaghat,2018-09-01,2018,9,10686.7,9768.9,-917.8,91.41,11,9,43.5,52.9,4,16,16,0.0,0,220,4,232.8,8.0,37.47,22336.9,138.6,27.5,0.496,4.2,2.0,4.6,4.9,499,8481.2,8898.6,10686.7,0,917.8,8.59,1,5.78,89.1,0,9058.4,113.93,0.0,Active,0,1,1,70.2,7
MOIL-10,Ukwa,Madhya Pradesh,Balaghat,2018-10-01,2018,10,12386.9,11996.6,-390.3,96.85,11,11,6.6,47.7,1,15,15,0.0,0,220,5,237.6,8.0,41.42,26271.6,44.0,26.4,0.256,2.2,0.8,2.1,1.3,491,9768.9,10082.2,12386.9,0,390.3,3.15,0,4.28,87.8,0,10983.1,115.59,0.0,Active,0,1,0,79.3,8
MOIL-10,Ukwa,Madhya Pradesh,Balaghat,2018-11-01,2018,11,13358.4,12720.0,-638.4,95.22,11,10,5.2,48.3,1,15,15,0.0,0,220,5,239.2,8.0,38.02,21569.3,13.4,23.5,0.177,2.1,1.4,5.1,0.5,479,11996.6,11495.2,13358.4,0,638.4,4.78,0,5.11,89.2,0,13645.3,115.21,548.6,Active,0,1,0,80.8,11
MOIL-10,Ukwa,Madhya Pradesh,Balaghat,2018-12-01,2018,12,13237.0,12958.8,-278.2,97.9,11,10,13.0,49.8,2,13,13,0.0,0,220,5,240.0,8.0,39.42,26878.0,4.2,20.3,0.17,2.1,1.2,1.8,0.1,490,12720.0,12558.5,13237.0,0,278.2,2.1,0,5.13,89.2,0,13250.5,114.82,296.1,Active,0,1,0,87.5,9
MOIL-10,Ukwa,Madhya Pradesh,Balaghat,2019-01-01,2019,1,13613.7,12931.3,-682.4,94.99,11,10,8.4,48.7,1,15,14,5.2,1,220,5,239.2,8.0,38.23,27602.6,10.9,21.1,0.192,2.2,1.3,4.2,0.2,502,12958.8,12870.0,13613.7,0,682.4,5.01,1,2.51,100.9,0,12018.5,113.37,0.0,Active,0,1,0,89.2,10
MOIL-10,Ukwa,Madhya Pradesh,Balaghat,2019-02-01,2019,2,13865.8,13128.5,-737.3,94.68,11,11,9.7,50.7,2,14,13,2.3,1,220,5,239.2,8.0,38.39,27413.2,21.1,25.0,0.219,2.2,1.4,3.7,0.4,499,12931.3,13006.2,13865.8,0,737.3,5.32,1,2.63,105.5,0,13524.8,121.66,377.8,Active,0,1,0,80.5,10
MOIL-10,Ukwa,Madhya Pradesh,Balaghat,2019-03-01,2019,3,13865.8,12796.4,-1069.4,92.29,11,11,13.0,45.0,2,15,15,0.0,0,220,5,239.2,8.0,38.44,23638.1,15.5,29.7,0.188,2.2,0.7,2.5,0.7,499,13128.5,12952.1,13865.8,0,1069.4,7.71,1,3.38,86.6,0,12645.4,118.47,0.0,Active,0,1,0,85.1,11
MOIL-10,Ukwa,Madhya Pradesh,Balaghat,2019-04-01,2019,4,13235.6,12399.6,-836.0,93.68,11,11,6.8,46.9,1,13,13,0.0,0,220,5,239.2,8.0,38.76,21323.6,9.3,34.7,0.176,2.2,1.3,4.0,0.4,506,12796.4,12774.8,13235.6,0,836.0,6.32,1,4.44,81.1,0,13078.2,116.43,631.6,Active,0,1,0,81.7,9
MOIL-10,Ukwa,Madhya Pradesh,Balaghat,2019-05-01,2019,5,12605.3,12278.9,-326.4,97.41,11,10,6.7,52.7,1,13,12,4.1,1,220,5,239.2,8.0,39.82,27511.0,15.8,36.6,0.194,2.2,1.2,4.0,0.3,485,12399.6,12491.6,12605.3,0,326.4,2.59,0,4.98,93.9,0,11948.9,123.76,0.0,Active,0,1,0,83.3,9
MOIL-10,Ukwa,Madhya Pradesh,Balaghat,2019-06-01,2019,6,10714.5,9691.4,-1023.1,90.45,11,9,40.3,52.7,5,15,15,0.0,0,220,4,228.8,8.0,37.44,18460.0,213.4,31.7,0.55,3.4,2.3,6.2,4.8,486,12278.9,11456.6,10714.5,0,1023.1,9.55,1,9.29,76.0,0,8978.0,116.6,0.0,Active,0,1,1,53.6,8
MOIL-10,Ukwa,Madhya Pradesh,Balaghat,2019-07-01,2019,7,9454.0,8582.7,-871.3,90.78,11,9,33.5,53.7,3,17,15,10.5,2,220,4,224.8,8.0,39.96,16309.4,277.7,28.1,0.55,5.7,1.9,10.5,10.6,490,9691.4,10184.3,9454.0,0,871.3,9.22,1,8.02,53.0,0,8172.6,118.9,0.0,Active,0,1,1,50.3,7
MOIL-10,Ukwa,Madhya Pradesh,Balaghat,2019-08-01,2019,8,9832.1,9121.2,-710.9,92.77,11,10,30.7,42.8,2,14,14,0.0,0,220,4,228.8,8.0,37.34,16791.7,215.3,26.8,0.55,4.5,1.4,6.1,3.3,498,8582.7,9131.8,9832.1,0,710.9,7.23,1,7.44,73.4,0,9206.2,116.03,76.6,Active,0,1,1,57.4,7
MOIL-10,Ukwa,Madhya Pradesh,Balaghat,2019-09-01,2019,9,11092.7,9686.0,-1406.7,87.32,11,10,19.6,41.4,2,16,14,10.1,2,220,4,231.2,8.0,39.69,23605.2,171.5,28.3,0.55,5.3,2.3,4.9,7.4,485,9121.2,9130.0,11092.7,0,1406.7,12.68,1,6.52,93.7,0,9274.2,117.21,0.0,Active,0,1,1,65.3,9
MOIL-10,Ukwa,Madhya Pradesh,Balaghat,2019-10-01,2019,10,12857.4,12029.0,-828.4,93.56,11,11,11.9,51.9,1,16,16,0.0,0,220,5,237.6,8.0,40.1,25498.9,46.3,28.1,0.262,2.8,1.8,2.7,0.8,485,9686.0,10278.7,12857.4,0,828.4,6.44,1,4.06,88.5,0,10825.1,123.46,0.0,Active,0,1,0,74.8,10
MOIL-10,Ukwa,Madhya Pradesh,Balaghat,2019-11-01,2019,11,13865.8,13193.3,-672.5,95.15,11,11,0.8,52.8,0,15,15,0.0,0,220,5,239.2,8.0,38.85,27630.7,12.4,23.0,0.197,2.2,1.3,3.0,0.5,487,12029.0,11636.1,13865.8,0,672.5,4.85,0,5.25,97.3,0,13654.1,119.08,438.7,Active,0,1,0,81.8,10
MOIL-10,Ukwa,Madhya Pradesh,Balaghat,2019-12-01,2019,12,13739.8,13503.1,-236.7,98.28,11,11,3.6,46.5,1,15,15,0.0,0,220,5,240.0,8.0,38.54,29569.1,5.7,21.4,0.165,2.1,0.8,3.0,0.2,501,13193.3,12908.5,13739.8,0,236.7,1.72,0,3.51,89.6,0,13885.6,126.15,398.6,Active,0,1,0,82.0,11
MOIL-10,Ukwa,Madhya Pradesh,Balaghat,2020-01-01,2020,1,11762.8,11230.6,-532.2,95.48,11,10,0.9,44.1,0,17,17,0.0,0,220,5,239.2,8.0,38.5,25153.5,13.8,21.4,0.187,2.2,1.1,2.7,0.4,495,13503.1,12642.3,11762.8,0,532.2,4.52,0,3.61,98.7,0,10506.4,118.8,0.0,Active,0,1,0,87.1,9
MOIL-10,Ukwa,Madhya Pradesh,Balaghat,2020-02-01,2020,2,11980.7,11474.3,-506.4,95.77,11,11,9.2,42.6,1,17,17,0.0,0,220,5,239.2,8.0,37.78,23750.5,17.5,24.7,0.189,2.1,0.7,1.9,0.6,495,11230.6,12069.3,11980.7,0,506.4,4.23,0,4.78,102.6,0,12062.8,120.42,522.3,Active,0,1,0,86.1,9
MOIL-10,Ukwa,Madhya Pradesh,Balaghat,2020-03-01,2020,3,11980.7,11673.1,-307.6,97.43,11,11,0.8,43.8,0,16,16,0.0,0,220,5,239.2,8.0,41.51,20062.5,11.6,28.5,0.172,2.1,1.1,4.0,0.4,504,11474.3,11459.3,11980.7,0,307.6,2.57,0,3.68,85.2,0,12161.0,127.23,302.8,Active,0,1,0,83.9,9
MOIL-10,Ukwa,Madhya Pradesh,Balaghat,2020-04-01,2020,4,11436.1,11126.8,-309.3,97.3,11,10,20.4,48.0,3,17,17,0.0,0,220,5,239.2,8.0,38.86,24468.9,9.8,34.9,0.177,2.1,1.3,5.1,0.4,492,11673.1,11424.7,11436.1,0,309.3,2.7,0,5.52,79.4,0,10570.8,128.19,0.0,Active,0,1,0,83.3,9
MOIL-10,Ukwa,Madhya Pradesh,Balaghat,2020-05-01,2020,5,10891.5,10798.6,-92.9,99.15,11,10,10.1,52.8,2,13,13,0.0,0,220,5,239.2,8.0,38.75,21983.1,16.6,38.7,0.187,2.3,0.8,1.8,0.3,499,11126.8,11199.5,10891.5,0,92.9,0.85,0,5.07,101.2,0,10201.0,121.48,0.0,Active,0,1,0,79.2,11
MOIL-10,Ukwa,Madhya Pradesh,Balaghat,2020-06-01,2020,6,9257.8,8266.0,-991.8,89.29,11,10,39.8,49.3,4,14,14,0.0,0,220,4,232.0,8.0,38.48,17775.3,151.6,32.5,0.535,3.1,1.5,5.9,2.7,482,10798.6,10063.8,9257.8,0,991.8,10.71,1,6.32,74.0,0,8065.3,124.04,0.0,Active,0,1,1,60.8,9
MOIL-10,Ukwa,Madhya Pradesh,Balaghat,2020-07-01,2020,7,8168.6,7256.8,-911.8,88.84,11,10,30.2,49.4,4,17,16,3.8,1,220,4,228.8,8.0,39.18,17113.9,214.2,26.7,0.55,4.6,2.6,6.6,9.3,490,8266.0,8773.8,8168.6,0,911.8,11.16,1,8.52,75.3,0,7675.1,124.17,426.6,Active,0,1,1,58.4,7
MOIL-10,Ukwa,Madhya Pradesh,Balaghat,2020-08-01,2020,8,8495.4,7710.5,-784.9,90.76,11,9,21.2,41.5,1,15,14,5.3,1,220,4,228.0,8.0,38.91,14513.1,230.7,25.6,0.55,4.4,1.8,8.8,6.3,499,7256.8,7744.4,8495.4,0,784.9,9.24,1,8.15,54.1,0,7126.6,123.67,0.0,Active,0,1,1,51.1,8
MOIL-10,Ukwa,Madhya Pradesh,Balaghat,2020-09-01,2020,9,9584.5,9316.2,-268.3,97.2,11,10,10.0,41.7,0,17,17,0.0,0,220,4,232.0,8.0,38.18,18489.7,150.4,28.0,0.533,4.8,2.9,8.0,4.6,491,7710.5,8094.5,9584.5,0,268.3,2.8,0,6.99,73.4,0,9004.5,124.34,0.0,Active,0,1,1,66.2,9
MOIL-10,Ukwa,Madhya Pradesh,Balaghat,2020-10-01,2020,10,11109.4,11049.4,-60.0,99.46,11,10,3.1,47.4,0,16,16,0.0,0,220,5,237.6,8.0,40.53,20329.4,46.8,26.3,0.276,2.7,1.5,4.2,1.8,485,9316.2,9358.7,11109.4,0,60.0,0.54,0,4.45,88.0,0,10513.8,123.28,0.0,Active,0,1,0,74.4,8
MOIL-10,Ukwa,Madhya Pradesh,Balaghat,2020-11-01,2020,11,11980.7,11561.0,-419.7,96.5,11,10,8.8,53.0,1,13,13,0.0,0,220,5,239.2,8.0,37.23,21086.5,13.1,23.3,0.194,2.1,0.7,2.5,0.5,506,11049.4,10642.2,11980.7,0,419.7,3.5,0,4.47,96.9,0,11433.0,118.99,0.0,Active,0,1,0,88.2,9
MOIL-10,Ukwa,Madhya Pradesh,Balaghat,2020-12-01,2020,12,11871.8,11536.2,-335.6,97.17,11,11,0.4,47.7,0,17,17,0.0,0,220,5,240.0,8.0,39.7,24576.8,5.4,20.3,0.182,2.1,1.4,1.4,0.2,506,11561.0,11382.2,11871.8,0,335.6,2.83,0,5.08,97.1,0,12557.1,121.01,858.5,Active,0,1,0,82.5,11
MOIL-10,Ukwa,Madhya Pradesh,Balaghat,2021-01-01,2021,1,12933.6,12672.5,-261.1,97.98,11,10,6.7,44.0,1,14,14,0.0,0,220,5,239.2,8.0,38.96,24716.1,11.2,21.9,0.173,2.1,0.7,1.5,0.4,495,11536.2,11923.2,12933.6,0,261.1,2.02,0,3.65,84.8,0,13845.1,135.73,991.8,Active,0,1,0,85.0,11
MOIL-10,Ukwa,Madhya Pradesh,Balaghat,2021-02-01,2021,2,13173.2,12525.0,-648.2,95.08,11,11,19.0,48.0,2,14,14,0.0,0,220,5,239.2,8.0,38.8,22219.4,19.1,24.4,0.194,2.3,1.1,4.7,0.6,492,12672.5,12244.6,13173.2,0,648.2,4.92,0,4.45,91.8,0,13112.1,137.14,394.3,Active,0,1,0,86.1,10
MOIL-10,Ukwa,Madhya Pradesh,Balaghat,2021-03-01,2021,3,13173.2,12749.8,-423.4,96.79,11,11,5.9,51.0,1,16,16,0.0,0,220,5,239.2,8.0,37.24,28550.7,12.8,30.5,0.186,2.2,1.0,1.6,0.6,481,12525.0,12649.1,13173.2,0,423.4,3.21,0,4.38,101.2,0,13266.5,134.83,302.7,Active,0,1,0,80.8,11
MOIL-10,Ukwa,Madhya Pradesh,Balaghat,2021-04-01,2021,4,12574.4,12627.1,52.7,100.42,11,11,0.5,46.3,0,14,14,0.0,0,220,5,239.2,8.0,40.57,25963.0,8.0,34.8,0.169,2.1,1.2,4.6,0.2,479,12749.8,12634.0,12574.4,1,0.0,0.0,0,4.91,111.5,0,13907.1,137.95,1062.0,Active,0,1,0,82.0,11
MOIL-10,Ukwa,Madhya Pradesh,Balaghat,2021-05-01,2021,5,11975.6,11207.3,-768.3,93.58,11,11,5.2,53.3,1,15,15,0.0,0,220,5,239.2,8.0,39.42,21001.1,15.4,38.0,0.184,2.2,1.0,1.5,0.7,490,12627.1,12194.7,11975.6,0,768.3,6.42,1,3.0,99.7,0,10674.8,144.23,0.0,Active,0,1,0,87.5,11
MOIL-10,Ukwa,Madhya Pradesh,Balaghat,2021-06-01,2021,6,10179.3,9369.3,-810.0,92.04,11,9,17.4,44.2,1,17,15,10.1,2,220,4,229.6,8.0,42.45,19070.0,191.4,31.9,0.55,4.8,2.5,6.9,7.9,502,11207.3,11067.9,10179.3,0,810.0,7.96,1,7.62,75.6,0,8456.5,133.57,0.0,Active,0,1,1,55.8,7
MOIL-10,Ukwa,Madhya Pradesh,Balaghat,2021-07-01,2021,7,8981.7,7884.0,-1097.7,87.78,11,8,47.1,46.8,4,17,15,4.7,2,220,4,226.4,8.0,37.65,15348.5,259.5,27.0,0.55,6.9,4.5,8.0,3.8,495,9369.3,9486.9,8981.7,0,1097.7,12.22,1,8.21,76.0,0,7507.3,139.51,0.0,Active,0,1,1,47.6,7
MOIL-10,Ukwa,Madhya Pradesh,Balaghat,2021-08-01,2021,8,9341.0,7488.3,-1852.7,80.17,11,8,56.3,51.2,8,14,11,9.9,3,220,4,226.4,8.0,38.84,19960.7,253.4,26.3,0.55,5.6,2.6,8.1,7.3,483,7884.0,8247.2,9341.0,0,1852.7,19.83,1,8.87,59.2,0,7036.2,138.77,0.0,Active,0,1,1,58.0,7
MOIL-10,Ukwa,Madhya Pradesh,Balaghat,2021-09-01,2021,9,10538.5,10156.9,-381.6,96.38,11,10,9.8,42.9,0,17,17,0.0,0,220,4,232.0,8.0,41.92,19358.2,146.5,28.4,0.508,4.8,2.5,5.7,3.1,486,7488.3,8509.7,10538.5,0,381.6,3.62,0,6.07,91.5,0,10733.1,133.38,518.8,Active,0,1,1,63.7,9
MOIL-10,Ukwa,Madhya Pradesh,Balaghat,2021-10-01,2021,10,12215.1,11716.1,-499.0,95.91,11,11,14.5,45.8,3,14,13,4.6,1,220,5,236.8,8.0,38.09,21737.7,53.9,27.7,0.282,2.7,0.9,5.1,1.4,484,10156.9,9787.1,12215.1,0,499.0,4.09,0,5.17,86.7,0,10857.0,132.71,0.0,Active,0,1,0,79.8,10
MOIL-10,Ukwa,Madhya Pradesh,Balaghat,2021-11-01,2021,11,13173.2,12777.6,-395.6,97.0,11,10,12.4,52.1,3,13,13,0.0,0,220,5,239.2,8.0,38.16,28499.9,12.4,22.8,0.169,2.2,1.2,1.3,0.2,483,11716.1,11550.2,13173.2,0,395.6,3.0,0,2.7,105.3,0,13888.3,137.43,1038.4,Active,0,1,0,85.1,11
MOIL-10,Ukwa,Madhya Pradesh,Balaghat,2021-12-01,2021,12,13053.4,12589.1,-464.3,96.44,11,10,0.4,42.9,0,17,17,0.0,0,220,5,240.0,8.0,40.89,22232.9,5.8,20.6,0.162,2.1,0.9,4.5,0.1,490,12777.6,12360.9,13053.4,0,464.3,3.56,0,4.65,96.5,0,12789.4,133.07,164.7,Active,0,1,0,86.7,11
MOIL-10,Ukwa,Madhya Pradesh,Balaghat,2022-01-01,2022,1,14451.9,14528.5,76.6,100.53,11,10,1.0,53.4,0,14,14,0.0,0,220,5,239.2,8.0,38.36,29884.2,14.3,21.7,0.201,2.2,1.2,1.8,0.7,506,12589.1,13298.4,14451.9,1,0.0,0.0,0,4.55,79.1,0,16056.8,142.5,1194.7,Active,0,1,0,84.2,10
MOIL-10,Ukwa,Madhya Pradesh,Balaghat,2022-02-01,2022,2,14719.6,15277.4,557.8,103.79,11,10,7.1,51.7,2,13,13,0.0,0,220,5,239.2,8.0,38.08,26445.0,14.7,25.5,0.188,2.1,1.2,3.7,0.2,501,14528.5,14131.7,14719.6,1,0.0,0.0,0,4.82,100.0,0,16869.6,144.14,1114.3,Active,0,1,0,87.6,10
MOIL-10,Ukwa,Madhya Pradesh,Balaghat,2022-03-01,2022,3,14719.6,13741.7,-977.9,93.36,11,10,8.3,51.0,1,15,15,0.0,0,220,5,239.2,8.0,39.55,28341.0,10.7,29.7,0.163,2.1,0.8,3.2,0.2,482,15277.4,14515.9,14719.6,0,977.9,6.64,1,4.7,103.0,0,14611.2,145.69,893.1,Active,0,1,0,83.9,11
MOIL-10,Ukwa,Madhya Pradesh,Balaghat,2022-04-01,2022,4,14050.5,13107.7,-942.8,93.29,11,11,17.2,43.7,2,16,16,0.0,0,220,5,239.2,8.0,39.48,29340.6,8.8,35.6,0.171,2.2,1.3,1.5,0.3,494,13741.7,14042.3,14050.5,0,942.8,6.71,1,4.7,94.1,0,14268.7,139.52,664.1,Active,0,1,0,78.5,10
MOIL-10,Ukwa,Madhya Pradesh,Balaghat,2022-05-01,2022,5,13381.4,12884.5,-496.9,96.29,11,11,1.1,52.6,0,16,16,0.0,0,220,5,239.2,8.0,38.22,24467.2,16.8,37.4,0.18,2.1,0.6,1.7,0.5,503,13107.7,13244.6,13381.4,0,496.9,3.71,0,4.56,98.3,0,13126.7,143.33,156.5,Active,0,1,0,85.6,11
MOIL-10,Ukwa,Madhya Pradesh,Balaghat,2022-06-01,2022,6,11374.2,10457.8,-916.4,91.94,11,10,19.9,43.6,1,14,12,7.9,2,220,4,230.4,8.0,39.9,24637.4,177.7,31.6,0.55,3.2,1.8,7.0,3.4,480,12884.5,12150.0,11374.2,0,916.4,8.06,1,7.77,80.8,0,10168.3,148.71,0.0,Active,0,1,1,59.2,7
MOIL-10,Ukwa,Madhya Pradesh,Balaghat,2022-07-01,2022,7,10036.1,8838.6,-1197.5,88.07,11,8,36.3,46.6,4,17,14,14.3,3,220,3,224.0,8.0,37.86,16892.4,300.1,27.7,0.55,7.7,2.3,7.2,4.6,484,10457.8,10727.0,10036.1,0,1197.5,11.93,1,9.85,67.6,0,8399.6,141.1,0.0,Active,0,1,1,46.4,6
MOIL-10,Ukwa,Madhya Pradesh,Balaghat,2022-08-01,2022,8,10437.5,9608.7,-828.8,92.06,11,9,26.6,52.6,2,17,16,3.8,1,220,4,228.8,8.0,40.91,18776.9,216.4,26.4,0.55,4.0,1.3,7.4,4.8,495,8838.6,9635.0,10437.5,0,828.8,7.94,1,7.54,69.6,0,10407.8,140.39,910.1,Active,0,1,1,57.5,7
MOIL-10,Ukwa,Madhya Pradesh,Balaghat,2022-09-01,2022,9,11775.7,10805.8,-969.9,91.76,11,9,17.6,49.6,1,16,15,5.4,1,220,4,230.4,8.0,37.37,23918.4,173.5,26.0,0.55,3.1,1.2,6.0,5.1,479,9608.7,9751.0,11775.7,0,969.9,8.24,1,6.63,83.6,0,10165.0,140.57,0.0,Active,0,1,1,57.5,7
MOIL-10,Ukwa,Madhya Pradesh,Balaghat,2022-10-01,2022,10,13649.1,13486.6,-162.5,98.81,11,11,6.7,52.8,1,13,13,0.0,0,220,5,237.6,8.0,38.69,22598.1,43.5,27.0,0.275,2.8,1.0,5.3,1.5,506,10805.8,11300.4,13649.1,0,162.5,1.19,0,5.96,94.7,0,14572.5,143.44,1096.8,Active,0,1,0,76.5,9
MOIL-10,Ukwa,Madhya Pradesh,Balaghat,2022-11-01,2022,11,14719.6,14300.0,-419.6,97.15,11,10,17.7,47.7,2,13,13,0.0,0,220,5,239.2,8.0,37.19,28848.6,13.9,23.3,0.187,2.2,0.7,3.8,0.5,493,13486.6,12864.1,14719.6,0,419.6,2.85,0,5.37,95.7,0,15814.4,145.01,1251.4,Active,0,1,0,82.9,11
MOIL-10,Ukwa,Madhya Pradesh,Balaghat,2022-12-01,2022,12,14585.8,14567.2,-18.6,99.87,11,11,6.2,50.5,1,14,14,0.0,0,220,5,240.0,8.0,40.16,25329.7,4.5,21.2,0.176,2.1,0.6,1.6,0.1,490,14300.0,14117.9,14585.8,0,18.6,0.13,0,4.03,86.5,0,14302.5,136.45,0.0,Active,0,1,0,77.7,9
MOIL-10,Ukwa,Madhya Pradesh,Balaghat,2023-01-01,2023,1,15188.2,15131.2,-57.0,99.62,11,11,0.8,50.7,0,13,13,0.0,0,220,5,239.2,8.0,38.48,27275.2,12.7,20.7,0.189,2.2,0.8,3.1,0.3,486,14567.2,14666.1,15188.2,0,57.0,0.38,0,3.25,109.9,0,15420.8,145.38,291.1,Active,0,1,0,85.1,9
MOIL-10,Ukwa,Madhya Pradesh,Balaghat,2023-02-01,2023,2,15469.5,14958.8,-510.7,96.7,11,11,6.6,45.8,1,13,13,0.0,0,220,5,239.2,8.0,40.25,32291.9,20.1,24.2,0.189,2.1,1.4,4.2,0.6,505,15131.2,14885.7,15469.5,0,510.7,3.3,0,3.5,97.0,0,15702.3,149.24,528.3,Active,0,1,0,90.3,10
MOIL-10,Ukwa,Madhya Pradesh,Balaghat,2023-03-01,2023,3,15469.5,14898.6,-570.9,96.31,11,10,16.7,45.7,2,17,17,0.0,0,220,5,239.2,8.0,37.09,32186.9,12.5,30.2,0.175,2.1,1.1,4.8,0.3,506,14958.8,14996.2,15469.5,0,570.9,3.69,0,4.91,98.8,0,16485.7,146.42,934.7,Active,0,1,0,79.4,11
MOIL-10,Ukwa,Madhya Pradesh,Balaghat,2023-04-01,2023,4,14766.3,14237.2,-529.1,96.42,11,11,3.7,48.1,1,16,16,0.0,0,220,5,239.2,8.0,38.71,30039.1,9.7,34.4,0.166,2.1,1.3,1.9,0.3,491,14898.6,14698.2,14766.3,0,529.1,3.58,0,5.56,81.7,0,14846.2,144.36,632.0,Active,0,1,0,87.0,10
MOIL-10,Ukwa,Madhya Pradesh,Balaghat,2023-05-01,2023,5,14063.2,13664.7,-398.5,97.17,11,11,4.3,46.7,1,13,13,0.0,0,220,5,239.2,8.0,39.84,27069.0,16.3,39.3,0.18,2.3,0.8,5.0,0.6,492,14237.2,14266.8,14063.2,0,398.5,2.83,0,5.23,99.3,0,12712.9,146.45,0.0,Active,0,1,0,84.9,10
MOIL-10,Ukwa,Madhya Pradesh,Balaghat,2023-06-01,2023,6,11953.7,11058.6,-895.1,92.51,11,10,23.3,49.3,1,17,16,3.0,1,220,4,228.8,8.0,39.36,25725.8,216.8,31.2,0.55,4.6,2.1,9.2,6.1,493,13664.7,12986.8,11953.7,0,895.1,7.49,1,8.16,68.6,0,10280.5,151.45,0.0,Active,0,1,1,59.3,6
MOIL-10,Ukwa,Madhya Pradesh,Balaghat,2023-07-01,2023,7,10547.4,9282.4,-1265.0,88.01,11,8,28.0,46.6,3,17,15,11.4,2,220,4,225.6,8.0,39.68,20506.4,268.7,27.3,0.55,7.3,4.0,8.5,5.2,478,11058.6,11335.2,10547.4,0,1265.0,11.99,1,9.64,76.9,0,9786.7,144.47,316.8,Active,0,1,1,46.5,7
MOIL-10,Ukwa,Madhya Pradesh,Balaghat,2023-08-01,2023,8,10969.3,9727.9,-1241.4,88.68,11,9,38.7,44.7,3,16,16,0.0,0,220,4,226.4,8.0,41.0,19775.3,248.0,26.7,0.55,6.3,3.4,8.3,8.8,498,9282.4,10023.0,10969.3,0,1241.4,11.32,1,8.22,56.7,0,10408.0,141.58,690.3,Active,0,1,1,49.6,6
MOIL-10,Ukwa,Madhya Pradesh,Balaghat,2023-09-01,2023,9,12375.6,11391.7,-983.9,92.05,11,9,26.6,48.0,4,14,14,0.0,0,220,4,231.2,8.0,37.09,25647.4,171.6,27.8,0.55,5.3,3.2,7.9,4.6,495,9727.9,10134.0,12375.6,0,983.9,7.95,1,7.41,74.9,0,11550.9,146.39,121.9,Active,0,1,1,67.4,7
MOIL-10,Ukwa,Madhya Pradesh,Balaghat,2023-10-01,2023,10,14344.5,14146.9,-197.6,98.62,11,11,10.5,44.0,1,16,16,0.0,0,220,5,237.6,8.0,38.33,27394.3,45.0,27.7,0.253,2.9,1.5,5.5,1.8,495,11391.7,11755.5,14344.5,0,197.6,1.38,0,4.47,91.6,0,14881.2,146.29,606.9,Active,0,1,0,83.4,8
MOIL-10,Ukwa,Madhya Pradesh,Balaghat,2023-11-01,2023,11,15469.5,15032.5,-437.0,97.18,11,10,18.8,44.2,2,15,15,0.0,0,220,5,239.2,8.0,38.86,33535.7,14.0,22.5,0.184,2.2,1.1,1.3,0.4,496,14146.9,13523.7,15469.5,0,437.0,2.82,0,4.14,101.5,0,16333.8,148.64,1124.2,Active,0,1,0,78.1,9
MOIL-10,Ukwa,Madhya Pradesh,Balaghat,2023-12-01,2023,12,15328.9,14575.0,-753.9,95.08,11,10,8.4,51.4,1,13,13,0.0,0,220,5,240.0,8.0,37.81,29320.1,5.7,19.4,0.151,2.1,0.9,4.3,0.2,490,15032.5,14584.8,15328.9,0,753.9,4.92,0,3.33,95.5,0,15127.0,151.53,406.2,Active,0,1,0,80.8,11
MOIL-10,Ukwa,Madhya Pradesh,Balaghat,2024-01-01,2024,1,16157.4,15741.2,-416.2,97.42,11,11,8.2,41.6,1,17,17,0.0,0,220,5,239.2,8.0,39.75,30224.4,9.5,20.9,0.166,2.1,0.7,5.0,0.2,501,14575.0,15116.2,16157.4,0,416.2,2.58,0,4.22,85.8,0,15683.2,149.03,0.0,Active,0,1,0,84.4,9
MOIL-10,Ukwa,Madhya Pradesh,Balaghat,2024-02-01,2024,2,16456.6,16622.5,165.9,101.01,11,11,6.8,49.7,1,17,17,0.0,0,220,5,239.2,8.0,40.79,35678.5,14.2,24.2,0.194,2.2,1.5,3.7,0.5,481,15741.2,15646.2,16456.6,1,0.0,0.0,0,4.1,94.1,0,16223.4,154.09,0.0,Active,0,1,0,81.9,10
MOIL-10,Ukwa,Madhya Pradesh,Balaghat,2024-03-01,2024,3,16456.6,16535.6,79.0,100.48,11,11,1.0,53.3,0,13,13,0.0,0,220,5,239.2,8.0,37.81,31618.5,15.6,28.7,0.185,2.2,0.8,4.1,0.7,493,16622.5,16299.8,16456.6,1,0.0,0.0,0,4.59,90.1,0,15733.7,149.83,0.0,Active,0,1,0,83.8,10
MOIL-10,Ukwa,Madhya Pradesh,Balaghat,2024-04-01,2024,4,15708.6,15888.1,179.5,101.14,11,11,0.5,41.5,0,13,13,0.0,0,220,5,240.0,8.0,40.49,28363.1,7.4,34.9,0.178,2.1,0.9,2.2,0.3,480,16535.6,16348.7,15708.6,1,0.0,0.0,0,4.63,109.5,0,15576.1,151.69,0.0,Active,0,1,0,90.5,9
MOIL-10,Ukwa,Madhya Pradesh,Balaghat,2024-05-01,2024,5,14960.5,14532.2,-428.3,97.14,11,11,16.6,48.1,2,17,17,0.0,0,220,5,239.2,8.0,37.44,26778.0,16.7,37.8,0.19,2.2,1.4,4.2,0.7,502,15888.1,15652.0,14960.5,0,428.3,2.86,0,4.81,104.6,0,16477.6,150.17,2280.1,Active,0,1,0,82.0,11
MOIL-10,Ukwa,Madhya Pradesh,Balaghat,2024-06-01,2024,6,12716.5,12114.6,-601.9,95.27,11,10,17.2,44.1,2,16,16,0.0,0,220,4,231.2,8.0,40.3,22583.9,161.3,32.3,0.547,3.5,1.6,7.3,3.3,493,14532.2,14178.3,12716.5,0,601.9,4.73,0,7.1,68.9,0,13693.1,149.0,1482.4,Active,0,1,1,61.7,8
MOIL-10,Ukwa,Madhya Pradesh,Balaghat,2024-07-01,2024,7,11220.4,9782.1,-1438.3,87.18,11,9,30.8,46.7,2,14,12,5.8,2,220,3,224.0,8.0,38.91,22256.4,305.3,28.3,0.55,4.4,1.5,8.2,9.8,504,12114.6,12143.0,11220.4,0,1438.3,12.82,1,8.6,65.0,0,9213.7,149.82,0.0,Active,0,1,1,43.9,6
MOIL-10,Ukwa,Madhya Pradesh,Balaghat,2024-08-01,2024,8,11669.2,10250.6,-1418.6,87.84,11,10,23.1,53.8,1,13,12,5.2,1,220,4,228.8,8.0,40.56,19284.7,213.4,26.4,0.55,5.4,1.7,6.1,5.5,501,9782.1,10715.8,11669.2,0,1418.6,12.16,1,9.0,84.7,0,11243.0,151.9,1012.6,Active,0,1,1,56.9,7
MOIL-10,Ukwa,Madhya Pradesh,Balaghat,2024-09-01,2024,9,13165.3,12069.9,-1095.4,91.68,11,9,39.0,43.7,5,16,16,0.0,0,220,4,232.0,8.0,40.08,28889.2,148.6,28.3,0.51,2.9,1.9,4.7,3.0,486,10250.6,10700.9,13165.3,0,1095.4,8.32,1,6.88,80.1,0,12140.6,157.13,49.3,Active,0,1,1,62.2,7
MOIL-10,Ukwa,Madhya Pradesh,Balaghat,2024-10-01,2024,10,15259.8,14747.8,-512.0,96.65,11,11,10.3,53.8,1,14,14,0.0,0,220,5,237.6,8.0,37.67,33149.3,48.0,26.7,0.27,2.8,2.0,5.4,1.1,496,12069.9,12356.1,15259.8,0,512.0,3.36,0,5.18,104.2,0,16413.4,151.37,1939.0,Active,0,1,0,78.1,9
MOIL-10,Ukwa,Madhya Pradesh,Balaghat,2024-11-01,2024,11,16456.6,15593.2,-863.4,94.75,11,11,5.5,46.0,1,13,12,3.5,1,220,5,239.2,8.0,38.34,29218.6,16.0,24.0,0.175,2.2,1.5,1.9,0.2,482,14747.8,14137.0,16456.6,0,863.4,5.25,1,3.62,99.0,0,15832.6,154.38,249.2,Active,0,1,0,79.3,9
MOIL-10,Ukwa,Madhya Pradesh,Balaghat,2024-12-01,2024,12,16307.0,15769.0,-538.0,96.7,11,10,8.9,43.0,1,17,17,0.0,0,220,5,240.0,8.0,37.92,31499.6,4.3,20.5,0.172,2.1,0.8,1.4,0.1,504,15593.2,15370.0,16307.0,0,538.0,3.3,0,5.51,94.2,0,17518.4,155.72,1510.3,Active,0,1,0,79.8,11
MOIL-10,Ukwa,Madhya Pradesh,Balaghat,2025-01-01,2025,1,16905.1,16691.7,-213.4,98.74,11,11,0.9,43.3,0,16,16,0.0,0,220,5,239.2,8.0,38.95,27148.7,13.7,21.5,0.184,2.1,1.1,5.3,0.3,484,15769.0,16018.0,16905.1,0,213.4,1.26,0,4.51,72.4,0,18593.5,151.97,1856.9,Active,0,1,0,79.1,11
MOIL-10,Ukwa,Madhya Pradesh,Balaghat,2025-02-01,2025,2,17218.2,15978.3,-1239.9,92.8,11,11,11.4,42.9,3,14,14,0.0,0,220,5,239.2,8.0,40.77,29046.4,15.7,24.7,0.2,2.2,1.3,1.7,0.6,496,16691.7,16146.3,17218.2,0,1239.9,7.2,1,4.15,87.1,0,16436.5,151.44,241.6,Active,0,1,0,81.6,9
MOIL-10,Ukwa,Madhya Pradesh,Balaghat,2025-03-01,2025,3,17218.2,16707.6,-510.6,97.03,11,10,6.9,49.6,1,17,17,0.0,0,220,5,239.2,8.0,36.16,35657.6,14.9,29.4,0.201,2.2,1.3,3.6,0.2,501,15978.3,16459.2,17218.2,0,510.6,2.97,0,4.77,87.1,0,19016.1,156.3,1201.1,Active,0,1,0,84.6,11
MOIL-10,Ukwa,Madhya Pradesh,Balaghat,2025-04-01,2025,4,16435.5,16055.5,-380.0,97.69,11,10,4.4,41.9,1,15,15,0.0,0,220,5,239.2,8.0,39.26,31663.4,8.4,35.1,0.177,2.1,1.1,2.4,0.3,479,16707.6,16247.1,16435.5,0,380.0,2.31,0,2.98,102.9,0,15670.9,153.51,0.0,Active,0,1,0,84.0,9
MOIL-10,Ukwa,Madhya Pradesh,Balaghat,2025-05-01,2025,5,15652.9,15074.8,-578.1,96.31,11,10,9.9,48.7,1,13,13,0.0,0,220,5,239.2,8.0,39.03,33842.3,16.1,38.3,0.189,2.1,0.7,1.9,0.3,501,16055.5,15946.0,15652.9,0,578.1,3.69,0,3.52,105.8,0,17266.2,158.43,2185.3,Active,0,1,0,82.9,9
MOIL-10,Ukwa,Madhya Pradesh,Balaghat,2025-06-01,2025,6,13304.9,12187.3,-1117.6,91.6,11,10,22.1,44.3,2,16,16,0.0,0,220,4,232.0,8.0,38.22,24120.7,150.9,31.2,0.535,3.6,2.1,4.3,6.1,502,15074.8,14439.2,13304.9,0,1117.6,8.4,1,6.01,79.8,0,13773.6,152.48,1181.8,Active,0,1,1,58.5,8
MOIL-10,Ukwa,Madhya Pradesh,Balaghat,2025-07-01,2025,7,11739.7,10285.8,-1453.9,87.62,11,9,47.0,49.7,3,15,13,8.0,2,220,3,224.0,8.0,40.19,19641.8,308.8,27.9,0.55,3.8,2.1,7.9,11.1,488,12187.3,12516.0,11739.7,0,1453.9,12.38,1,8.91,48.4,0,11449.2,157.17,920.1,Active,0,1,1,41.9,7
MOIL-10,Ukwa,Madhya Pradesh,Balaghat,2025-08-01,2025,8,12209.2,10702.8,-1506.4,87.66,11,8,24.1,53.2,1,15,13,6.1,2,220,4,224.8,8.0,38.3,25374.1,284.7,27.3,0.55,7.4,5.1,7.4,4.5,491,10285.8,11058.6,12209.2,0,1506.4,12.34,1,8.1,63.1,0,11514.1,152.05,806.8,Active,0,1,1,46.6,6
MOIL-10,Ukwa,Madhya Pradesh,Balaghat,2025-09-01,2025,9,13774.5,12815.7,-958.8,93.04,11,9,11.8,48.0,0,17,16,3.1,1,220,4,230.4,8.0,36.99,28837.6,176.7,27.8,0.55,3.0,1.3,7.4,6.9,496,10702.8,11268.1,13774.5,0,958.8,6.96,1,7.23,73.4,0,13741.3,157.03,819.3,Active,0,1,1,64.4,7
MOIL-10,Ukwa,Madhya Pradesh,Balaghat,2025-10-01,2025,10,15965.9,14763.1,-1202.8,92.47,11,11,11.2,44.9,1,17,15,6.9,2,220,5,237.6,8.0,39.09,31099.2,47.5,26.6,0.266,2.8,1.2,5.5,2.0,479,12815.7,12760.5,15965.9,0,1202.8,7.53,1,5.18,90.2,0,16854.8,155.51,1789.6,Active,0,1,0,76.6,9
MOIL-10,Ukwa,Madhya Pradesh,Balaghat,2025-11-01,2025,11,17218.2,16504.6,-713.6,95.86,11,11,8.1,41.2,1,13,13,0.0,0,220,5,239.2,8.0,39.73,28233.7,16.0,23.3,0.196,2.1,0.7,4.3,0.5,485,14763.1,14694.5,17218.2,0,713.6,4.14,0,3.72,90.4,0,18379.1,156.33,1408.0,Active,0,1,0,84.8,9
MOIL-10,Ukwa,Madhya Pradesh,Balaghat,2025-12-01,2025,12,17061.6,17436.8,375.2,102.2,11,11,0.3,42.5,0,16,16,0.0,0,220,5,240.0,8.0,41.59,27904.3,4.9,21.6,0.154,2.0,0.6,4.2,0.1,503,16504.6,16234.8,17061.6,1,0.0,0.0,0,5.04,100.7,0,16426.5,153.66,0.0,Active,0,1,0,85.9,9
